/* Auto-generated by tools/gen_menufont.py - do not edit by hand. */
#include "menufont.h"

const MenuFontGlyph menu_font_glyphs[] = {
	{ 0xA1A1, { 0x000, 0x000, 0x000, 0x000, 0x000, 0x000, 0x000, 0x000, 0x000, 0x000, 0x000, 0x000 } }, /* 　 */
	{ 0xA1A2, { 0x000, 0x000, 0x000, 0x000, 0x000, 0x200, 0x100, 0x000, 0x000, 0x000, 0x000, 0x000 } }, /* 、 */
	{ 0xA1A3, { 0x000, 0x000, 0x000, 0x000, 0x000, 0x100, 0x100, 0x000, 0x000, 0x000, 0x000, 0x000 } }, /* 。 */
	{ 0xA1A4, { 0x000, 0x000, 0x000, 0x040, 0x040, 0x000, 0x000, 0x000, 0x000, 0x000, 0x000, 0x000 } }, /* · */
	{ 0xA1A5, { 0x000, 0x000, 0x0E0, 0x000, 0x000, 0x000, 0x000, 0x000, 0x000, 0x000, 0x000, 0x000 } }, /* ˉ */
	{ 0xA1A6, { 0x000, 0x000, 0x0A0, 0x040, 0x000, 0x000, 0x000, 0x000, 0x000, 0x000, 0x000, 0x000 } }, /* ˇ */
	{ 0xA1A7, { 0x000, 0x000, 0x110, 0x110, 0x000, 0x000, 0x000, 0x000, 0x000, 0x000, 0x000, 0x000 } }, /* ¨ */
	{ 0xA1A8, { 0x000, 0x000, 0x000, 0x000, 0x0A0, 0x000, 0x040, 0x000, 0x000, 0x000, 0x000, 0x000 } }, /* 〃 */
	{ 0xA1A9, { 0x000, 0x000, 0x080, 0x080, 0x1F8, 0x108, 0x210, 0x0A0, 0x060, 0x000, 0x000, 0x000 } }, /* 々 */
	{ 0xA1AA, { 0x000, 0x000, 0x000, 0x000, 0x000, 0x000, 0x000, 0x000, 0x000, 0x000, 0x000, 0x000 } }, /* — */
	{ 0xA1AB, { 0x000, 0x000, 0x000, 0x000, 0x780, 0x03C, 0x000, 0x000, 0x000, 0x000, 0x000, 0x000 } }, /* ～ */
	{ 0xA1AC, { 0x000, 0x0A0, 0x0A0, 0x0A0, 0x0A0, 0x0A0, 0x0A0, 0x0A0, 0x0A0, 0x0A0, 0x0A0, 0x000 } }, /* ‖ */
	{ 0xA1AD, { 0x000, 0x000, 0x000, 0x64C, 0x64C, 0x000, 0x000, 0x000, 0x000, 0x000, 0x000, 0x000 } }, /* … */
	{ 0xA1AE, { 0x000, 0x000, 0x000, 0x004, 0x000, 0x000, 0x000, 0x000, 0x000, 0x000, 0x000, 0x000 } }, /* ‘ */
	{ 0xA1AF, { 0x000, 0x400, 0x400, 0x400, 0x000, 0x000, 0x000, 0x000, 0x000, 0x000, 0x000, 0x000 } }, /* ’ */
	{ 0xA1B0, { 0x000, 0x000, 0x020, 0x034, 0x000, 0x000, 0x000, 0x000, 0x000, 0x000, 0x000, 0x000 } }, /* “ */
	{ 0xA1B1, { 0x000, 0x480, 0x480, 0x480, 0x000, 0x000, 0x000, 0x000, 0x000, 0x000, 0x000, 0x000 } }, /* ” */
	{ 0xA1B2, { 0x000, 0x010, 0x020, 0x040, 0x040, 0x040, 0x040, 0x040, 0x040, 0x020, 0x010, 0x000 } }, /* 〔 */
	{ 0xA1B3, { 0x000, 0x100, 0x080, 0x000, 0x000, 0x000, 0x000, 0x000, 0x000, 0x080, 0x100, 0x000 } }, /* 〕 */
	{ 0xA1B4, { 0x000, 0x008, 0x000, 0x010, 0x020, 0x020, 0x020, 0x020, 0x010, 0x000, 0x008, 0x000 } }, /* 〈 */
	{ 0xA1B5, { 0x000, 0x200, 0x000, 0x100, 0x000, 0x080, 0x080, 0x080, 0x100, 0x000, 0x200, 0x000 } }, /* 〉 */
	{ 0xA1B6, { 0x000, 0x004, 0x014, 0x008, 0x028, 0x010, 0x010, 0x028, 0x008, 0x014, 0x004, 0x000 } }, /* 《 */
	{ 0xA1B7, { 0x000, 0x400, 0x500, 0x200, 0x280, 0x000, 0x000, 0x280, 0x200, 0x500, 0x400, 0x000 } }, /* 》 */
	{ 0xA1B8, { 0x000, 0x060, 0x040, 0x040, 0x040, 0x040, 0x040, 0x040, 0x040, 0x040, 0x000, 0x000 } }, /* 「 */
	{ 0xA1B9, { 0x000, 0x000, 0x000, 0x000, 0x000, 0x000, 0x000, 0x000, 0x000, 0x080, 0x000, 0x000 } }, /* 」 */
	{ 0xA1BA, { 0x000, 0x008, 0x000, 0x000, 0x000, 0x000, 0x000, 0x000, 0x000, 0x020, 0x000, 0x000 } }, /* 『 */
	{ 0xA1BB, { 0x000, 0x080, 0x000, 0x000, 0x000, 0x000, 0x000, 0x000, 0x000, 0x200, 0x000, 0x000 } }, /* 』 */
	{ 0xA1BC, { 0x000, 0x008, 0x008, 0x000, 0x000, 0x000, 0x000, 0x000, 0x000, 0x000, 0x008, 0x000 } }, /* 〖 */
	{ 0xA1BD, { 0x000, 0x200, 0x200, 0x000, 0x000, 0x000, 0x000, 0x000, 0x000, 0x200, 0x000, 0x000 } }, /* 〗 */
	{ 0xA1BE, { 0x000, 0x038, 0x070, 0x070, 0x060, 0x060, 0x060, 0x060, 0x070, 0x070, 0x038, 0x000 } }, /* 【 */
	{ 0xA1BF, { 0x000, 0x380, 0x380, 0x180, 0x180, 0x080, 0x080, 0x180, 0x180, 0x380, 0x380, 0x000 } }, /* 】 */
	{ 0xA1C0, { 0x000, 0x000, 0x040, 0x040, 0x3F8, 0x040, 0x040, 0x000, 0x000, 0x000, 0x000, 0x000 } }, /* ± */
	{ 0xA1C1, { 0x000, 0x000, 0x000, 0x010, 0x020, 0x040, 0x0C0, 0x120, 0x010, 0x000, 0x000, 0x000 } }, /* × */
	{ 0xA1C2, { 0x000, 0x000, 0x040, 0x040, 0x000, 0x000, 0x000, 0x000, 0x040, 0x040, 0x000, 0x000 } }, /* ÷ */
	{ 0xA1C3, { 0x000, 0x000, 0x040, 0x040, 0x000, 0x000, 0x040, 0x040, 0x000, 0x000, 0x000, 0x000 } }, /* ∶ */
	{ 0xA1C4, { 0x000, 0x000, 0x040, 0x040, 0x0A0, 0x000, 0x110, 0x110, 0x208, 0x208, 0x000, 0x000 } }, /* ∧ */
	{ 0xA1C5, { 0x000, 0x000, 0x000, 0x208, 0x008, 0x110, 0x010, 0x0A0, 0x020, 0x040, 0x000, 0x000 } }, /* ∨ */
	{ 0xA1C6, { 0x000, 0x3F0, 0x100, 0x100, 0x080, 0x080, 0x080, 0x100, 0x300, 0x000, 0x000, 0x000 } }, /* ∑ */
	{ 0xA1C7, { 0x000, 0x3F8, 0x000, 0x000, 0x000, 0x000, 0x000, 0x000, 0x000, 0x000, 0x000, 0x000 } }, /* ∏ */
	{ 0xA1C8, { 0x000, 0x000, 0x208, 0x208, 0x208, 0x208, 0x208, 0x010, 0x0E0, 0x000, 0x000, 0x000 } }, /* ∪ */
	{ 0xA1C9, { 0x000, 0x000, 0x0E0, 0x010, 0x208, 0x208, 0x208, 0x208, 0x208, 0x000, 0x000, 0x000 } }, /* ∩ */
	{ 0xA1CA, { 0x000, 0x000, 0x000, 0x1F8, 0x200, 0x200, 0x200, 0x200, 0x1F0, 0x000, 0x000, 0x000 } }, /* ∈ */
	{ 0xA1CB, { 0x000, 0x000, 0x000, 0x318, 0x000, 0x000, 0x000, 0x000, 0x318, 0x000, 0x000, 0x000 } }, /* ∷ */
	{ 0xA1CC, { 0x000, 0x000, 0x008, 0x000, 0x010, 0x010, 0x000, 0x0A0, 0x060, 0x000, 0x000, 0x000 } }, /* √ */
	{ 0xA1CD, { 0x000, 0x000, 0x000, 0x040, 0x040, 0x040, 0x040, 0x040, 0x040, 0x000, 0x000, 0x000 } }, /* ⊥ */
	{ 0xA1CE, { 0x000, 0x000, 0x000, 0x048, 0x080, 0x090, 0x100, 0x120, 0x240, 0x040, 0x000, 0x000 } }, /* ∥ */
	{ 0xA1CF, { 0x000, 0x000, 0x000, 0x008, 0x010, 0x020, 0x040, 0x080, 0x100, 0x000, 0x000, 0x000 } }, /* ∠ */
	{ 0xA1D0, { 0x000, 0x000, 0x000, 0x100, 0x008, 0x004, 0x000, 0x000, 0x000, 0x000, 0x000, 0x000 } }, /* ⌒ */
	{ 0xA1D1, { 0x000, 0x000, 0x000, 0x208, 0x000, 0x040, 0x040, 0x000, 0x208, 0x110, 0x000, 0x000 } }, /* ⊙ */
	{ 0xA1D2, { 0x000, 0x020, 0x050, 0x040, 0x040, 0x040, 0x040, 0x040, 0x040, 0x140, 0x080, 0x000 } }, /* ∫ */
	{ 0xA1D3, { 0x000, 0x020, 0x050, 0x040, 0x040, 0x040, 0x040, 0x0E0, 0x040, 0x140, 0x080, 0x000 } }, /* ∮ */
	{ 0xA1D4, { 0x000, 0x000, 0x3F8, 0x000, 0x000, 0x000, 0x000, 0x3F8, 0x000, 0x000, 0x000, 0x000 } }, /* ≡ */
	{ 0xA1D5, { 0x000, 0x000, 0x000, 0x238, 0x444, 0x684, 0x000, 0x3F8, 0x000, 0x3F8, 0x000, 0x000 } }, /* ≌ */
	{ 0xA1D6, { 0x000, 0x000, 0x000, 0x2C0, 0x038, 0x380, 0x068, 0x000, 0x000, 0x000, 0x000, 0x000 } }, /* ≈ */
	{ 0xA1D7, { 0x000, 0x000, 0x000, 0x238, 0x444, 0x484, 0x100, 0x000, 0x000, 0x000, 0x000, 0x000 } }, /* ∽ */
	{ 0xA1D8, { 0x000, 0x000, 0x000, 0x398, 0x460, 0x460, 0x398, 0x000, 0x000, 0x000, 0x000, 0x000 } }, /* ∝ */
	{ 0xA1D9, { 0x000, 0x000, 0x000, 0x020, 0x3F8, 0x040, 0x040, 0x0C0, 0x080, 0x000, 0x000, 0x000 } }, /* ≠ */
	{ 0xA1DA, { 0x000, 0x000, 0x000, 0x008, 0x060, 0x380, 0x380, 0x060, 0x00C, 0x000, 0x000, 0x000 } }, /* ≮ */
	{ 0xA1DB, { 0x000, 0x000, 0x000, 0x600, 0x0C0, 0x038, 0x038, 0x0C0, 0x200, 0x000, 0x000, 0x000 } }, /* ≯ */
	{ 0xA1DC, { 0x000, 0x000, 0x008, 0x060, 0x300, 0x100, 0x030, 0x300, 0x060, 0x008, 0x000, 0x000 } }, /* ≤ */
	{ 0xA1DD, { 0x000, 0x000, 0x200, 0x040, 0x018, 0x030, 0x180, 0x018, 0x0C0, 0x200, 0x000, 0x000 } }, /* ≥ */
	{ 0xA1DE, { 0x000, 0x000, 0x000, 0x318, 0x444, 0x444, 0x318, 0x000, 0x000, 0x000, 0x000, 0x000 } }, /* ∞ */
	{ 0xA1DF, { 0x000, 0x000, 0x000, 0x208, 0x000, 0x000, 0x000, 0x000, 0x040, 0x000, 0x000, 0x000 } }, /* ∵ */
	{ 0xA1E0, { 0x000, 0x000, 0x000, 0x040, 0x000, 0x000, 0x000, 0x000, 0x208, 0x000, 0x000, 0x000 } }, /* ∴ */
	{ 0xA1E1, { 0x000, 0x000, 0x040, 0x0C0, 0x040, 0x040, 0x040, 0x000, 0x100, 0x0A0, 0x000, 0x000 } }, /* ♂ */
	{ 0xA1E2, { 0x000, 0x000, 0x0A0, 0x100, 0x000, 0x040, 0x040, 0x040, 0x040, 0x040, 0x000, 0x000 } }, /* ♀ */
	{ 0xA1E3, { 0x000, 0x000, 0x000, 0x100, 0x000, 0x000, 0x000, 0x000, 0x000, 0x000, 0x000, 0x000 } }, /* ° */
	{ 0xA1E4, { 0x000, 0x000, 0x100, 0x200, 0x000, 0x000, 0x000, 0x000, 0x000, 0x000, 0x000, 0x000 } }, /* ′ */
	{ 0xA1E5, { 0x000, 0x200, 0x100, 0x500, 0x000, 0x000, 0x000, 0x000, 0x000, 0x000, 0x000, 0x000 } }, /* ″ */
	{ 0xA1E6, { 0x000, 0x000, 0x030, 0x0C8, 0x080, 0x000, 0x100, 0x000, 0x084, 0x078, 0x000, 0x000 } }, /* ℃ */
	{ 0xA1E7, { 0x000, 0x000, 0x040, 0x150, 0x140, 0x140, 0x070, 0x040, 0x040, 0x0F0, 0x040, 0x000 } }, /* ＄ */
	{ 0xA1E8, { 0x000, 0x000, 0x3E4, 0x208, 0x208, 0x400, 0x400, 0x008, 0x208, 0x5E8, 0x000, 0x000 } }, /* ¤ */
	{ 0xA1E9, { 0x000, 0x000, 0x060, 0x130, 0x200, 0x240, 0x240, 0x280, 0x190, 0x1E0, 0x000, 0x000 } }, /* ￠ */
	{ 0xA1EA, { 0x000, 0x000, 0x0F0, 0x000, 0x100, 0x100, 0x180, 0x100, 0x288, 0x330, 0x000, 0x000 } }, /* ￡ */
	{ 0xA1EB, { 0x000, 0x000, 0x600, 0x000, 0x040, 0x280, 0x040, 0x0A0, 0x2A0, 0x42C, 0x000, 0x000 } }, /* ‰ */
	{ 0xA1EC, { 0x000, 0x000, 0x0A0, 0x100, 0x0C0, 0x120, 0x100, 0x060, 0x000, 0x0A0, 0x000, 0x000 } }, /* § */
	{ 0xA1ED, { 0x000, 0x000, 0x400, 0x600, 0x618, 0x424, 0x524, 0x5A4, 0x498, 0x498, 0x000, 0x000 } }, /* № */
	{ 0xA1EE, { 0x000, 0x000, 0x040, 0x040, 0x0A0, 0x60C, 0x110, 0x110, 0x1F0, 0x110, 0x000, 0x000 } }, /* ☆ */
	{ 0xA1EF, { 0x000, 0x000, 0x040, 0x040, 0x0E0, 0x7FC, 0x1F0, 0x1F0, 0x1F0, 0x110, 0x000, 0x000 } }, /* ★ */
	{ 0xA1F0, { 0x000, 0x1F0, 0x208, 0x404, 0x004, 0x000, 0x000, 0x404, 0x400, 0x208, 0x0E0, 0x000 } }, /* ○ */
	{ 0xA1F1, { 0x000, 0x0E0, 0x3F8, 0x7FC, 0x7FC, 0x7FC, 0x7FC, 0x7FC, 0x7FC, 0x3F8, 0x0E0, 0x000 } }, /* ● */
	{ 0xA1F2, { 0x000, 0x0E0, 0x208, 0x4A4, 0x404, 0x208, 0x208, 0x004, 0x4A4, 0x208, 0x0E0, 0x000 } }, /* ◎ */
	{ 0xA1F3, { 0x000, 0x040, 0x0A0, 0x110, 0x208, 0x404, 0x404, 0x208, 0x110, 0x0A0, 0x040, 0x000 } }, /* ◇ */
	{ 0xA1F4, { 0x000, 0x040, 0x0E0, 0x1F0, 0x3F8, 0x7FC, 0x7FC, 0x3F8, 0x1F0, 0x0E0, 0x040, 0x000 } }, /* ◆ */
	{ 0xA1F5, { 0x000, 0x7F8, 0x404, 0x404, 0x404, 0x404, 0x404, 0x404, 0x404, 0x404, 0x000, 0x000 } }, /* □ */
	{ 0xA1F6, { 0x000, 0x7F8, 0x7FC, 0x7FC, 0x7FC, 0x7FC, 0x7FC, 0x7FC, 0x7FC, 0x7FC, 0x000, 0x000 } }, /* ■ */
	{ 0xA1F7, { 0x000, 0x000, 0x040, 0x080, 0x0A0, 0x110, 0x000, 0x208, 0x000, 0x7FC, 0x000, 0x000 } }, /* △ */
	{ 0xA1F8, { 0x000, 0x000, 0x040, 0x0C0, 0x0E0, 0x1F0, 0x1F0, 0x3F8, 0x3F8, 0x7FC, 0x000, 0x000 } }, /* ▲ */
	{ 0xA1F9, { 0x000, 0x000, 0x2C8, 0x150, 0x0A0, 0x64C, 0x648, 0x000, 0x040, 0x040, 0x000, 0x000 } }, /* ※ */
	{ 0xA1FA, { 0x000, 0x000, 0x000, 0x000, 0x010, 0x7F8, 0x7F8, 0x010, 0x000, 0x000, 0x000, 0x000 } }, /* → */
	{ 0xA1FB, { 0x000, 0x000, 0x000, 0x000, 0x100, 0x3FC, 0x3FC, 0x100, 0x000, 0x000, 0x000, 0x000 } }, /* ← */
	{ 0xA1FC, { 0x000, 0x040, 0x0E0, 0x1F0, 0x040, 0x040, 0x040, 0x040, 0x040, 0x040, 0x000, 0x000 } }, /* ↑ */
	{ 0xA1FD, { 0x000, 0x040, 0x040, 0x040, 0x040, 0x040, 0x040, 0x1F0, 0x0E0, 0x040, 0x000, 0x000 } }, /* ↓ */
	{ 0xA1FE, { 0x000, 0x000, 0x7FC, 0x7FC, 0x7FC, 0x000, 0x000, 0x7FC, 0x7FC, 0x7FC, 0x000, 0x000 } }, /* 〓 */
	{ 0xA2A1, { 0x000, 0x000, 0x000, 0x000, 0x000, 0x040, 0x040, 0x040, 0x040, 0x000, 0x000, 0x000 } }, /* ⅰ */
	{ 0xA2A2, { 0x000, 0x000, 0x000, 0x000, 0x000, 0x000, 0x000, 0x000, 0x000, 0x000, 0x000, 0x000 } }, /* ⅱ */
	{ 0xA2A3, { 0x000, 0x000, 0x000, 0x000, 0x000, 0x050, 0x050, 0x050, 0x050, 0x000, 0x000, 0x000 } }, /* ⅲ */
	{ 0xA2A4, { 0x000, 0x000, 0x000, 0x000, 0x000, 0x008, 0x050, 0x050, 0x020, 0x000, 0x000, 0x000 } }, /* ⅳ */
	{ 0xA2A5, { 0x000, 0x000, 0x000, 0x000, 0x110, 0x000, 0x0A0, 0x040, 0x000, 0x000, 0x000, 0x000 } }, /* ⅴ */
	{ 0xA2A6, { 0x000, 0x000, 0x000, 0x000, 0x000, 0x200, 0x140, 0x140, 0x080, 0x000, 0x000, 0x000 } }, /* ⅵ */
	{ 0xA2A7, { 0x000, 0x000, 0x000, 0x000, 0x000, 0x208, 0x288, 0x088, 0x108, 0x000, 0x000, 0x000 } }, /* ⅶ */
	{ 0xA2A8, { 0x000, 0x000, 0x000, 0x000, 0x000, 0x090, 0x290, 0x210, 0x110, 0x000, 0x000, 0x000 } }, /* ⅷ */
	{ 0xA2A9, { 0x000, 0x000, 0x000, 0x000, 0x000, 0x050, 0x020, 0x020, 0x050, 0x000, 0x000, 0x000 } }, /* ⅸ */
	{ 0xA2AA, { 0x000, 0x000, 0x000, 0x000, 0x0A0, 0x040, 0x040, 0x0A0, 0x000, 0x000, 0x000, 0x000 } }, /* ⅹ */
	{ 0xA2B1, { 0x000, 0x000, 0x040, 0x0C0, 0x040, 0x040, 0x040, 0x040, 0x046, 0x000, 0x000, 0x000 } }, /* ⒈ */
	{ 0xA2B2, { 0x000, 0x000, 0x0E0, 0x010, 0x010, 0x020, 0x040, 0x040, 0x0F6, 0x000, 0x000, 0x000 } }, /* ⒉ */
	{ 0xA2B3, { 0x000, 0x000, 0x0E0, 0x010, 0x010, 0x020, 0x010, 0x010, 0x0E4, 0x000, 0x000, 0x000 } }, /* ⒊ */
	{ 0xA2B4, { 0x000, 0x000, 0x020, 0x060, 0x060, 0x0A0, 0x120, 0x1F0, 0x026, 0x000, 0x000, 0x000 } }, /* ⒋ */
	{ 0xA2B5, { 0x000, 0x000, 0x0E0, 0x080, 0x0E0, 0x010, 0x010, 0x010, 0x0E6, 0x000, 0x000, 0x000 } }, /* ⒌ */
	{ 0xA2B6, { 0x000, 0x000, 0x040, 0x040, 0x0C0, 0x0B0, 0x110, 0x110, 0x0A6, 0x000, 0x000, 0x000 } }, /* ⒍ */
	{ 0xA2B7, { 0x000, 0x000, 0x0F0, 0x010, 0x020, 0x020, 0x040, 0x040, 0x046, 0x000, 0x000, 0x000 } }, /* ⒎ */
	{ 0xA2B8, { 0x000, 0x000, 0x0E0, 0x010, 0x0A0, 0x0E0, 0x110, 0x110, 0x0E6, 0x000, 0x000, 0x000 } }, /* ⒏ */
	{ 0xA2B9, { 0x000, 0x000, 0x0E0, 0x010, 0x110, 0x0B0, 0x060, 0x020, 0x046, 0x000, 0x000, 0x000 } }, /* ⒐ */
	{ 0xA2BA, { 0x000, 0x000, 0x250, 0x200, 0x288, 0x288, 0x208, 0x240, 0x256, 0x000, 0x000, 0x000 } }, /* ⒑ */
	{ 0xA2BB, { 0x000, 0x000, 0x220, 0x220, 0x020, 0x020, 0x020, 0x020, 0x026, 0x000, 0x000, 0x000 } }, /* ⒒ */
	{ 0xA2BC, { 0x000, 0x000, 0x270, 0x290, 0x010, 0x010, 0x020, 0x040, 0x076, 0x000, 0x000, 0x000 } }, /* ⒓ */
	{ 0xA2BD, { 0x000, 0x000, 0x270, 0x210, 0x010, 0x030, 0x010, 0x000, 0x076, 0x000, 0x000, 0x000 } }, /* ⒔ */
	{ 0xA2BE, { 0x000, 0x000, 0x210, 0x230, 0x030, 0x050, 0x090, 0x0F8, 0x016, 0x000, 0x000, 0x000 } }, /* ⒕ */
	{ 0xA2BF, { 0x000, 0x000, 0x270, 0x240, 0x060, 0x010, 0x000, 0x010, 0x076, 0x000, 0x000, 0x000 } }, /* ⒖ */
	{ 0xA2C0, { 0x000, 0x000, 0x220, 0x220, 0x040, 0x050, 0x088, 0x088, 0x076, 0x000, 0x000, 0x000 } }, /* ⒗ */
	{ 0xA2C1, { 0x000, 0x000, 0x278, 0x200, 0x010, 0x000, 0x020, 0x020, 0x026, 0x000, 0x000, 0x000 } }, /* ⒘ */
	{ 0xA2C2, { 0x000, 0x000, 0x270, 0x280, 0x050, 0x070, 0x088, 0x088, 0x076, 0x000, 0x000, 0x000 } }, /* ⒙ */
	{ 0xA2C3, { 0x000, 0x000, 0x270, 0x280, 0x088, 0x050, 0x030, 0x020, 0x026, 0x000, 0x000, 0x000 } }, /* ⒚ */
	{ 0xA2C4, { 0x000, 0x000, 0x730, 0x450, 0x140, 0x140, 0x240, 0x250, 0x736, 0x000, 0x000, 0x000 } }, /* ⒛ */
	{ 0xA2C5, { 0x000, 0x040, 0x0C0, 0x040, 0x842, 0x842, 0x040, 0x040, 0x444, 0x000, 0x000, 0x000 } }, /* ⑴ */
	{ 0xA2C6, { 0x000, 0x0E0, 0x120, 0x000, 0x822, 0x842, 0x040, 0x080, 0x4E4, 0x000, 0x000, 0x000 } }, /* ⑵ */
	{ 0xA2C7, { 0x000, 0x0E0, 0x0A0, 0x000, 0x862, 0x822, 0x010, 0x0A0, 0x444, 0x000, 0x000, 0x000 } }, /* ⑶ */
	{ 0xA2C8, { 0x000, 0x020, 0x060, 0x060, 0x8A2, 0x922, 0x1F0, 0x020, 0x404, 0x000, 0x000, 0x000 } }, /* ⑷ */
	{ 0xA2C9, { 0x000, 0x0E0, 0x080, 0x080, 0x9E2, 0x812, 0x010, 0x120, 0x4C4, 0x000, 0x000, 0x000 } }, /* ⑸ */
	{ 0xA2CA, { 0x000, 0x000, 0x444, 0x040, 0x880, 0x8E2, 0x912, 0x110, 0x130, 0x4E4, 0x000, 0x000 } }, /* ⑹ */
	{ 0xA2CB, { 0x000, 0x000, 0x4F4, 0x010, 0x820, 0x822, 0x842, 0x040, 0x040, 0x404, 0x000, 0x000 } }, /* ⑺ */
	{ 0xA2CC, { 0x000, 0x000, 0x4E4, 0x010, 0x910, 0x8E2, 0x8B2, 0x110, 0x110, 0x4E4, 0x000, 0x000 } }, /* ⑻ */
	{ 0xA2CD, { 0x000, 0x000, 0x4E4, 0x130, 0x910, 0x912, 0x8E2, 0x020, 0x040, 0x404, 0x000, 0x000 } }, /* ⑼ */
	{ 0xA2CE, { 0x000, 0x000, 0x534, 0x100, 0x948, 0x94A, 0x94A, 0x148, 0x100, 0x434, 0x000, 0x000 } }, /* ⑽ */
	{ 0xA2CF, { 0x000, 0x000, 0x414, 0x110, 0x910, 0x912, 0x912, 0x110, 0x110, 0x404, 0x000, 0x000 } }, /* ⑾ */
	{ 0xA2D0, { 0x000, 0x000, 0x534, 0x340, 0x900, 0x912, 0x912, 0x120, 0x120, 0x474, 0x000, 0x000 } }, /* ⑿ */
	{ 0xA2D1, { 0x000, 0x000, 0x534, 0x348, 0x908, 0x912, 0x912, 0x108, 0x148, 0x434, 0x000, 0x000 } }, /* ⒀ */
	{ 0xA2D2, { 0x000, 0x000, 0x514, 0x310, 0x930, 0x912, 0x952, 0x178, 0x110, 0x404, 0x000, 0x000 } }, /* ⒁ */
	{ 0xA2D3, { 0x000, 0x000, 0x534, 0x340, 0x940, 0x972, 0x90A, 0x108, 0x150, 0x424, 0x000, 0x000 } }, /* ⒂ */
	{ 0xA2D4, { 0x000, 0x000, 0x514, 0x320, 0x920, 0x972, 0x94A, 0x148, 0x148, 0x434, 0x000, 0x000 } }, /* ⒃ */
	{ 0xA2D5, { 0x000, 0x000, 0x574, 0x300, 0x910, 0x912, 0x902, 0x120, 0x120, 0x404, 0x000, 0x000 } }, /* ⒄ */
	{ 0xA2D6, { 0x000, 0x000, 0x534, 0x348, 0x948, 0x932, 0x94A, 0x108, 0x148, 0x434, 0x000, 0x000 } }, /* ⒅ */
	{ 0xA2D7, { 0x000, 0x000, 0x534, 0x348, 0x948, 0x94A, 0x932, 0x110, 0x120, 0x424, 0x000, 0x000 } }, /* ⒆ */
	{ 0xA2D8, { 0x000, 0x000, 0x594, 0x2A8, 0x828, 0x8AA, 0x8AA, 0x128, 0x128, 0x594, 0x000, 0x000 } }, /* ⒇ */
	{ 0xA2D9, { 0x000, 0x000, 0x000, 0x444, 0x0C0, 0x040, 0x040, 0x040, 0x444, 0x200, 0x110, 0x000 } }, /* ① */
	{ 0xA2DA, { 0x000, 0x000, 0x040, 0x4A4, 0x000, 0x020, 0x020, 0x040, 0x484, 0x2E0, 0x110, 0x000 } }, /* ② */
	{ 0xA2DB, { 0x000, 0x000, 0x040, 0x4A4, 0x010, 0x060, 0x020, 0x010, 0x5B4, 0x240, 0x110, 0x000 } }, /* ③ */
	{ 0xA2DC, { 0x000, 0x000, 0x000, 0x464, 0x060, 0x0A0, 0x120, 0x1F0, 0x424, 0x200, 0x110, 0x000 } }, /* ④ */
	{ 0xA2DD, { 0x000, 0x000, 0x000, 0x484, 0x000, 0x1E0, 0x010, 0x010, 0x524, 0x240, 0x110, 0x000 } }, /* ⑤ */
	{ 0xA2DE, { 0x000, 0x000, 0x000, 0x444, 0x080, 0x0E0, 0x110, 0x110, 0x524, 0x2C0, 0x110, 0x000 } }, /* ⑥ */
	{ 0xA2DF, { 0x000, 0x000, 0x000, 0x434, 0x020, 0x020, 0x040, 0x040, 0x444, 0x200, 0x110, 0x000 } }, /* ⑦ */
	{ 0xA2E0, { 0x000, 0x000, 0x040, 0x4A4, 0x110, 0x0E0, 0x0A0, 0x110, 0x594, 0x240, 0x110, 0x000 } }, /* ⑧ */
	{ 0xA2E1, { 0x000, 0x000, 0x040, 0x4B4, 0x110, 0x110, 0x0E0, 0x020, 0x444, 0x200, 0x110, 0x000 } }, /* ⑨ */
	{ 0xA2E2, { 0x000, 0x000, 0x020, 0x544, 0x348, 0x148, 0x148, 0x148, 0x554, 0x220, 0x110, 0x000 } }, /* ⑩ */
	{ 0xA2E5, { 0x000, 0x000, 0x000, 0x000, 0x000, 0x1F0, 0x000, 0x000, 0x000, 0x000, 0x000, 0x000 } }, /* ㈠ */
	{ 0xA2E6, { 0x000, 0x000, 0x000, 0x110, 0x000, 0x000, 0x000, 0x000, 0x3F8, 0x000, 0x000, 0x000 } }, /* ㈡ */
	{ 0xA2E7, { 0x000, 0x000, 0x000, 0x1F0, 0x000, 0x000, 0x0E0, 0x000, 0x3F8, 0x000, 0x000, 0x000 } }, /* ㈢ */
	{ 0xA2E8, { 0x000, 0x000, 0x000, 0x1B8, 0x1A8, 0x1A8, 0x1B8, 0x108, 0x118, 0x000, 0x000, 0x000 } }, /* ㈣ */
	{ 0xA2E9, { 0x000, 0x000, 0x000, 0x1F0, 0x000, 0x1E0, 0x0A0, 0x0A0, 0x0A0, 0x190, 0x000, 0x000 } }, /* ㈤ */
	{ 0xA2EA, { 0x000, 0x000, 0x000, 0x040, 0x000, 0x000, 0x090, 0x110, 0x208, 0x000, 0x000, 0x000 } }, /* ㈥ */
	{ 0xA2EB, { 0x000, 0x000, 0x000, 0x040, 0x050, 0x1C0, 0x000, 0x040, 0x078, 0x000, 0x000, 0x000 } }, /* ㈦ */
	{ 0xA2EC, { 0x000, 0x000, 0x000, 0x020, 0x0A0, 0x0A0, 0x110, 0x110, 0x208, 0x000, 0x000, 0x000 } }, /* ㈧ */
	{ 0xA2ED, { 0x000, 0x000, 0x080, 0x080, 0x1E0, 0x0A0, 0x0A0, 0x0A0, 0x128, 0x000, 0x000, 0x000 } }, /* ㈨ */
	{ 0xA2EE, { 0x000, 0x000, 0x040, 0x040, 0x040, 0x3F8, 0x040, 0x040, 0x040, 0x000, 0x000, 0x000 } }, /* ㈩ */
	{ 0xA2F1, { 0x000, 0x000, 0x040, 0x040, 0x040, 0x040, 0x040, 0x040, 0x040, 0x000, 0x000, 0x000 } }, /* Ⅰ */
	{ 0xA2F2, { 0x000, 0x000, 0x000, 0x110, 0x110, 0x110, 0x110, 0x110, 0x110, 0x000, 0x000, 0x000 } }, /* Ⅱ */
	{ 0xA2F3, { 0x000, 0x000, 0x040, 0x048, 0x048, 0x048, 0x048, 0x048, 0x048, 0x000, 0x000, 0x000 } }, /* Ⅲ */
	{ 0xA2F4, { 0x000, 0x000, 0x208, 0x288, 0x290, 0x290, 0x250, 0x260, 0x260, 0x000, 0x000, 0x000 } }, /* Ⅳ */
	{ 0xA2F5, { 0x000, 0x000, 0x208, 0x110, 0x110, 0x110, 0x0A0, 0x0A0, 0x040, 0x040, 0x000, 0x000 } }, /* Ⅴ */
	{ 0xA2F6, { 0x000, 0x000, 0x208, 0x228, 0x028, 0x108, 0x148, 0x048, 0x088, 0x080, 0x000, 0x000 } }, /* Ⅵ */
	{ 0xA2F7, { 0x000, 0x000, 0x444, 0x444, 0x004, 0x284, 0x284, 0x184, 0x104, 0x100, 0x000, 0x000 } }, /* Ⅶ */
	{ 0xA2F8, { 0x000, 0x000, 0x424, 0x4A4, 0x4A4, 0x0A4, 0x224, 0x324, 0x324, 0x000, 0x000, 0x000 } }, /* Ⅷ */
	{ 0xA2F9, { 0x000, 0x000, 0x080, 0x090, 0x060, 0x020, 0x060, 0x050, 0x090, 0x008, 0x000, 0x000 } }, /* Ⅸ */
	{ 0xA2FA, { 0x000, 0x000, 0x110, 0x120, 0x0A0, 0x040, 0x040, 0x0A0, 0x110, 0x010, 0x000, 0x000 } }, /* Ⅹ */
	{ 0xA2FB, { 0x000, 0x000, 0x208, 0x248, 0x188, 0x088, 0x188, 0x148, 0x248, 0x000, 0x000, 0x000 } }, /* Ⅺ */
	{ 0xA2FC, { 0x000, 0x000, 0x450, 0x294, 0x394, 0x114, 0x314, 0x294, 0x454, 0x040, 0x000, 0x000 } }, /* Ⅻ */
	{ 0xA3A1, { 0x000, 0x000, 0x100, 0x100, 0x100, 0x100, 0x100, 0x000, 0x000, 0x100, 0x000, 0x000 } }, /* ！ */
	{ 0xA3A2, { 0x000, 0x000, 0x0A0, 0x0A0, 0x000, 0x000, 0x000, 0x000, 0x000, 0x000, 0x000, 0x000 } }, /* ＂ */
	{ 0xA3A3, { 0x000, 0x000, 0x000, 0x080, 0x1F0, 0x0A0, 0x0A0, 0x1F0, 0x020, 0x120, 0x000, 0x000 } }, /* ＃ */
	{ 0xA3A4, { 0x000, 0x000, 0x000, 0x110, 0x0A0, 0x040, 0x1F0, 0x040, 0x040, 0x040, 0x000, 0x000 } }, /* ￥ */
	{ 0xA3A5, { 0x000, 0x000, 0x088, 0x490, 0x320, 0x058, 0x0A4, 0x124, 0x218, 0x000, 0x000, 0x000 } }, /* ％ */
	{ 0xA3A6, { 0x000, 0x040, 0x120, 0x120, 0x0C0, 0x190, 0x250, 0x220, 0x3D8, 0x000, 0x000, 0x000 } }, /* ＆ */
	{ 0xA3A7, { 0x000, 0x000, 0x040, 0x040, 0x000, 0x000, 0x000, 0x000, 0x000, 0x000, 0x000, 0x000 } }, /* ＇ */
	{ 0xA3A8, { 0x000, 0x000, 0x008, 0x010, 0x010, 0x000, 0x010, 0x010, 0x010, 0x008, 0x000, 0x000 } }, /* （ */
	{ 0xA3A9, { 0x000, 0x000, 0x200, 0x100, 0x100, 0x000, 0x000, 0x100, 0x100, 0x200, 0x000, 0x000 } }, /* ） */
	{ 0xA3AA, { 0x000, 0x000, 0x040, 0x040, 0x040, 0x3F8, 0x000, 0x0A0, 0x110, 0x000, 0x000, 0x000 } }, /* ＊ */
	{ 0xA3AB, { 0x000, 0x000, 0x040, 0x040, 0x040, 0x040, 0x040, 0x040, 0x040, 0x040, 0x000, 0x000 } }, /* ＋ */
	{ 0xA3AC, { 0x000, 0x000, 0x000, 0x000, 0x200, 0x200, 0x200, 0x000, 0x000, 0x000, 0x000, 0x000 } }, /* ， */
	{ 0xA3AD, { 0x000, 0x000, 0x000, 0x000, 0x000, 0x000, 0x000, 0x000, 0x000, 0x000, 0x000, 0x000 } }, /* － */
	{ 0xA3AE, { 0x000, 0x000, 0x000, 0x000, 0x000, 0x000, 0x200, 0x000, 0x000, 0x000, 0x000, 0x000 } }, /* ． */
	{ 0xA3AF, { 0x000, 0x000, 0x010, 0x020, 0x020, 0x040, 0x040, 0x000, 0x080, 0x000, 0x000, 0x000 } }, /* ／ */
	{ 0xA3B0, { 0x000, 0x0E0, 0x110, 0x208, 0x208, 0x208, 0x208, 0x110, 0x0E0, 0x000, 0x000, 0x000 } }, /* ０ */
	{ 0xA3B1, { 0x000, 0x000, 0x000, 0x060, 0x020, 0x020, 0x020, 0x020, 0x020, 0x020, 0x000, 0x000 } }, /* １ */
	{ 0xA3B2, { 0x000, 0x000, 0x040, 0x110, 0x008, 0x010, 0x010, 0x060, 0x180, 0x3F8, 0x000, 0x000 } }, /* ２ */
	{ 0xA3B3, { 0x000, 0x040, 0x110, 0x200, 0x010, 0x070, 0x008, 0x208, 0x1F0, 0x000, 0x000, 0x000 } }, /* ３ */
	{ 0xA3B4, { 0x000, 0x000, 0x000, 0x060, 0x060, 0x0A0, 0x120, 0x330, 0x1F0, 0x020, 0x000, 0x000 } }, /* ４ */
	{ 0xA3B5, { 0x000, 0x000, 0x100, 0x000, 0x1E0, 0x010, 0x008, 0x210, 0x1F0, 0x000, 0x000, 0x000 } }, /* ５ */
	{ 0xA3B6, { 0x000, 0x040, 0x110, 0x200, 0x260, 0x310, 0x208, 0x108, 0x1F0, 0x000, 0x000, 0x000 } }, /* ６ */
	{ 0xA3B7, { 0x000, 0x000, 0x1F0, 0x018, 0x010, 0x010, 0x020, 0x020, 0x040, 0x040, 0x000, 0x000 } }, /* ７ */
	{ 0xA3B8, { 0x000, 0x040, 0x110, 0x000, 0x110, 0x1B0, 0x208, 0x218, 0x1F0, 0x000, 0x000, 0x000 } }, /* ８ */
	{ 0xA3B9, { 0x000, 0x040, 0x110, 0x208, 0x208, 0x1F8, 0x008, 0x010, 0x1E0, 0x000, 0x000, 0x000 } }, /* ９ */
	{ 0xA3BA, { 0x000, 0x000, 0x000, 0x000, 0x200, 0x000, 0x000, 0x200, 0x000, 0x000, 0x000, 0x000 } }, /* ： */
	{ 0xA3BB, { 0x000, 0x000, 0x000, 0x200, 0x000, 0x000, 0x200, 0x000, 0x000, 0x000, 0x000, 0x000 } }, /* ； */
	{ 0xA3BC, { 0x000, 0x000, 0x000, 0x018, 0x060, 0x300, 0x300, 0x060, 0x018, 0x000, 0x000, 0x000 } }, /* ＜ */
	{ 0xA3BD, { 0x000, 0x000, 0x000, 0x000, 0x000, 0x000, 0x000, 0x000, 0x000, 0x000, 0x000, 0x000 } }, /* ＝ */
	{ 0xA3BE, { 0x000, 0x000, 0x000, 0x300, 0x0C0, 0x018, 0x018, 0x0C0, 0x300, 0x000, 0x000, 0x000 } }, /* ＞ */
	{ 0xA3BF, { 0x000, 0x000, 0x380, 0x280, 0x080, 0x080, 0x100, 0x100, 0x000, 0x100, 0x000, 0x000 } }, /* ？ */
	{ 0xA3C0, { 0x000, 0x000, 0x1B0, 0x248, 0x0B4, 0x504, 0x520, 0x568, 0x210, 0x110, 0x000, 0x000 } }, /* ＠ */
	{ 0xA3C1, { 0x000, 0x000, 0x000, 0x040, 0x0A0, 0x0A0, 0x110, 0x1F0, 0x110, 0x208, 0x000, 0x000 } }, /* Ａ */
	{ 0xA3C2, { 0x000, 0x000, 0x230, 0x200, 0x210, 0x3F0, 0x208, 0x208, 0x3F0, 0x000, 0x000, 0x000 } }, /* Ｂ */
	{ 0xA3C3, { 0x000, 0x000, 0x190, 0x200, 0x200, 0x200, 0x200, 0x110, 0x0E0, 0x000, 0x000, 0x000 } }, /* Ｃ */
	{ 0xA3C4, { 0x000, 0x000, 0x230, 0x210, 0x208, 0x208, 0x208, 0x210, 0x3E0, 0x000, 0x000, 0x000 } }, /* Ｄ */
	{ 0xA3C5, { 0x000, 0x000, 0x000, 0x300, 0x200, 0x200, 0x3C0, 0x200, 0x200, 0x3F0, 0x000, 0x000 } }, /* Ｅ */
	{ 0xA3C6, { 0x000, 0x000, 0x000, 0x300, 0x200, 0x200, 0x3E0, 0x200, 0x200, 0x200, 0x000, 0x000 } }, /* Ｆ */
	{ 0xA3C7, { 0x000, 0x000, 0x190, 0x000, 0x200, 0x238, 0x208, 0x118, 0x0E8, 0x000, 0x000, 0x000 } }, /* Ｇ */
	{ 0xA3C8, { 0x000, 0x000, 0x000, 0x208, 0x208, 0x208, 0x3F8, 0x208, 0x208, 0x208, 0x000, 0x000 } }, /* Ｈ */
	{ 0xA3C9, { 0x000, 0x000, 0x000, 0x040, 0x040, 0x040, 0x040, 0x040, 0x040, 0x040, 0x000, 0x000 } }, /* Ｉ */
	{ 0xA3CA, { 0x000, 0x000, 0x008, 0x008, 0x008, 0x008, 0x208, 0x110, 0x0F0, 0x000, 0x000, 0x000 } }, /* Ｊ */
	{ 0xA3CB, { 0x000, 0x000, 0x000, 0x220, 0x240, 0x280, 0x3C0, 0x320, 0x220, 0x210, 0x000, 0x000 } }, /* Ｋ */
	{ 0xA3CC, { 0x000, 0x000, 0x000, 0x200, 0x200, 0x200, 0x200, 0x200, 0x200, 0x3F0, 0x000, 0x000 } }, /* Ｌ */
	{ 0xA3CD, { 0x000, 0x000, 0x000, 0x208, 0x318, 0x318, 0x2A8, 0x2A8, 0x248, 0x248, 0x000, 0x000 } }, /* Ｍ */
	{ 0xA3CE, { 0x000, 0x000, 0x000, 0x308, 0x288, 0x248, 0x248, 0x228, 0x218, 0x218, 0x000, 0x000 } }, /* Ｎ */
	{ 0xA3CF, { 0x000, 0x000, 0x1B0, 0x208, 0x208, 0x208, 0x208, 0x110, 0x0E0, 0x000, 0x000, 0x000 } }, /* Ｏ */
	{ 0xA3D0, { 0x000, 0x000, 0x000, 0x330, 0x208, 0x208, 0x3F0, 0x200, 0x200, 0x200, 0x000, 0x000 } }, /* Ｐ */
	{ 0xA3D1, { 0x000, 0x000, 0x190, 0x208, 0x208, 0x208, 0x208, 0x130, 0x1F0, 0x000, 0x000, 0x000 } }, /* Ｑ */
	{ 0xA3D2, { 0x000, 0x000, 0x000, 0x330, 0x210, 0x210, 0x3F0, 0x220, 0x210, 0x210, 0x000, 0x000 } }, /* Ｒ */
	{ 0xA3D3, { 0x000, 0x040, 0x110, 0x100, 0x180, 0x070, 0x000, 0x110, 0x1F0, 0x000, 0x000, 0x000 } }, /* Ｓ */
	{ 0xA3D4, { 0x000, 0x000, 0x000, 0x040, 0x040, 0x040, 0x040, 0x040, 0x040, 0x040, 0x000, 0x000 } }, /* Ｔ */
	{ 0xA3D5, { 0x000, 0x000, 0x208, 0x208, 0x208, 0x208, 0x208, 0x110, 0x1F0, 0x000, 0x000, 0x000 } }, /* Ｕ */
	{ 0xA3D6, { 0x000, 0x000, 0x000, 0x208, 0x110, 0x110, 0x120, 0x0A0, 0x0C0, 0x040, 0x000, 0x000 } }, /* Ｖ */
	{ 0xA3D7, { 0x000, 0x000, 0x000, 0x444, 0x440, 0x2A8, 0x2A8, 0x228, 0x110, 0x110, 0x000, 0x000 } }, /* Ｗ */
	{ 0xA3D8, { 0x000, 0x000, 0x000, 0x110, 0x0A0, 0x0E0, 0x040, 0x0A0, 0x110, 0x310, 0x000, 0x000 } }, /* Ｘ */
	{ 0xA3D9, { 0x000, 0x000, 0x000, 0x110, 0x110, 0x0A0, 0x040, 0x040, 0x040, 0x040, 0x000, 0x000 } }, /* Ｙ */
	{ 0xA3DA, { 0x000, 0x000, 0x000, 0x030, 0x020, 0x060, 0x040, 0x080, 0x100, 0x3F8, 0x000, 0x000 } }, /* Ｚ */
	{ 0xA3DB, { 0x000, 0x038, 0x020, 0x020, 0x020, 0x020, 0x020, 0x020, 0x020, 0x020, 0x038, 0x000 } }, /* ［ */
	{ 0xA3DC, { 0x000, 0x000, 0x100, 0x080, 0x080, 0x040, 0x000, 0x020, 0x010, 0x010, 0x008, 0x000 } }, /* ＼ */
	{ 0xA3DD, { 0x380, 0x080, 0x080, 0x080, 0x080, 0x080, 0x080, 0x080, 0x080, 0x380, 0x000, 0x000 } }, /* ］ */
	{ 0xA3DE, { 0x000, 0x000, 0x0E0, 0x020, 0x000, 0x000, 0x000, 0x000, 0x000, 0x000, 0x000, 0x000 } }, /* ＾ */
	{ 0xA3DF, { 0x000, 0x000, 0x000, 0x000, 0x000, 0x000, 0x000, 0x000, 0x000, 0x000, 0x000, 0x000 } }, /* ＿ */
	{ 0xA3E0, { 0x000, 0x000, 0x008, 0x008, 0x008, 0x000, 0x000, 0x000, 0x000, 0x000, 0x000, 0x000 } }, /* ｀ */
	{ 0xA3E1, { 0x000, 0x000, 0x000, 0x1A0, 0x000, 0x0F0, 0x110, 0x1F0, 0x000, 0x000, 0x000, 0x000 } }, /* ａ */
	{ 0xA3E2, { 0x000, 0x000, 0x100, 0x100, 0x1E0, 0x110, 0x110, 0x110, 0x1E0, 0x000, 0x000, 0x000 } }, /* ｂ */
	{ 0xA3E3, { 0x000, 0x000, 0x000, 0x0E0, 0x100, 0x100, 0x110, 0x0E0, 0x000, 0x000, 0x000, 0x000 } }, /* ｃ */
	{ 0xA3E4, { 0x000, 0x000, 0x010, 0x010, 0x0F0, 0x110, 0x110, 0x110, 0x0F0, 0x000, 0x000, 0x000 } }, /* ｄ */
	{ 0xA3E5, { 0x000, 0x000, 0x000, 0x0E0, 0x110, 0x1F0, 0x100, 0x0A0, 0x000, 0x000, 0x000, 0x000 } }, /* ｅ */
	{ 0xA3E6, { 0x000, 0x000, 0x000, 0x040, 0x040, 0x0E0, 0x040, 0x040, 0x040, 0x040, 0x000, 0x000 } }, /* ｆ */
	{ 0xA3E7, { 0x000, 0x000, 0x010, 0x0A0, 0x100, 0x1E0, 0x100, 0x170, 0x110, 0x0E0, 0x000, 0x000 } }, /* ｇ */
	{ 0xA3E8, { 0x000, 0x000, 0x000, 0x100, 0x100, 0x1E0, 0x110, 0x110, 0x110, 0x110, 0x000, 0x000 } }, /* ｈ */
	{ 0xA3E9, { 0x000, 0x000, 0x000, 0x000, 0x000, 0x040, 0x040, 0x040, 0x040, 0x040, 0x000, 0x000 } }, /* ｉ */
	{ 0xA3EA, { 0x000, 0x000, 0x000, 0x000, 0x020, 0x020, 0x020, 0x020, 0x020, 0x020, 0x040, 0x000 } }, /* ｊ */
	{ 0xA3EB, { 0x000, 0x000, 0x000, 0x100, 0x100, 0x120, 0x140, 0x1C0, 0x120, 0x100, 0x000, 0x000 } }, /* ｋ */
	{ 0xA3EC, { 0x000, 0x000, 0x000, 0x040, 0x040, 0x040, 0x040, 0x040, 0x040, 0x040, 0x000, 0x000 } }, /* ｌ */
	{ 0xA3ED, { 0x000, 0x000, 0x000, 0x000, 0x3F8, 0x248, 0x248, 0x248, 0x248, 0x000, 0x000, 0x000 } }, /* ｍ */
	{ 0xA3EE, { 0x000, 0x000, 0x000, 0x000, 0x1E0, 0x110, 0x110, 0x110, 0x110, 0x000, 0x000, 0x000 } }, /* ｎ */
	{ 0xA3EF, { 0x000, 0x000, 0x000, 0x0E0, 0x110, 0x110, 0x110, 0x0E0, 0x000, 0x000, 0x000, 0x000 } }, /* ｏ */
	{ 0xA3F0, { 0x000, 0x000, 0x000, 0x1E0, 0x110, 0x110, 0x110, 0x1E0, 0x100, 0x000, 0x000, 0x000 } }, /* ｐ */
	{ 0xA3F1, { 0x000, 0x000, 0x000, 0x0F0, 0x110, 0x110, 0x110, 0x0F0, 0x010, 0x000, 0x000, 0x000 } }, /* ｑ */
	{ 0xA3F2, { 0x000, 0x000, 0x000, 0x000, 0x0E0, 0x080, 0x000, 0x000, 0x000, 0x000, 0x000, 0x000 } }, /* ｒ */
	{ 0xA3F3, { 0x000, 0x000, 0x000, 0x0A0, 0x000, 0x020, 0x010, 0x0E0, 0x000, 0x000, 0x000, 0x000 } }, /* ｓ */
	{ 0xA3F4, { 0x000, 0x000, 0x000, 0x000, 0x1E0, 0x000, 0x000, 0x000, 0x070, 0x000, 0x000, 0x000 } }, /* ｔ */
	{ 0xA3F5, { 0x000, 0x000, 0x000, 0x110, 0x110, 0x110, 0x110, 0x0F0, 0x000, 0x000, 0x000, 0x000 } }, /* ｕ */
	{ 0xA3F6, { 0x000, 0x000, 0x000, 0x000, 0x110, 0x000, 0x0A0, 0x0A0, 0x040, 0x000, 0x000, 0x000 } }, /* ｖ */
	{ 0xA3F7, { 0x000, 0x000, 0x000, 0x000, 0x248, 0x040, 0x1B0, 0x1B0, 0x080, 0x000, 0x000, 0x000 } }, /* ｗ */
	{ 0xA3F8, { 0x000, 0x000, 0x000, 0x000, 0x000, 0x0A0, 0x040, 0x0A0, 0x100, 0x000, 0x000, 0x000 } }, /* ｘ */
	{ 0xA3F9, { 0x000, 0x000, 0x000, 0x110, 0x0A0, 0x0A0, 0x040, 0x040, 0x040, 0x080, 0x000, 0x000 } }, /* ｙ */
	{ 0xA3FA, { 0x000, 0x000, 0x000, 0x000, 0x0E0, 0x020, 0x040, 0x080, 0x1F0, 0x000, 0x000, 0x000 } }, /* ｚ */
	{ 0xA3FB, { 0x000, 0x010, 0x020, 0x020, 0x020, 0x020, 0x020, 0x020, 0x020, 0x020, 0x010, 0x000 } }, /* ｛ */
	{ 0xA3FC, { 0x000, 0x000, 0x040, 0x040, 0x040, 0x040, 0x040, 0x040, 0x040, 0x040, 0x000, 0x000 } }, /* ｜ */
	{ 0xA3FD, { 0x000, 0x100, 0x000, 0x000, 0x000, 0x080, 0x080, 0x000, 0x000, 0x000, 0x100, 0x000 } }, /* ｝ */
	{ 0xA3FE, { 0x000, 0x000, 0x000, 0x000, 0x000, 0x000, 0x000, 0x000, 0x000, 0x000, 0x000, 0x000 } }, /* ￣ */
	{ 0xA4A1, { 0x000, 0x000, 0x000, 0x040, 0x080, 0x0E0, 0x1D0, 0x0C0, 0x110, 0x000, 0x000, 0x000 } }, /* ぁ */
	{ 0xA4A2, { 0x000, 0x000, 0x0D0, 0x1C0, 0x080, 0x1F8, 0x2C8, 0x2C0, 0x388, 0x030, 0x000, 0x000 } }, /* あ */
	{ 0xA4A3, { 0x000, 0x000, 0x000, 0x000, 0x000, 0x010, 0x010, 0x080, 0x100, 0x000, 0x000, 0x000 } }, /* ぃ */
	{ 0xA4A4, { 0x000, 0x000, 0x000, 0x200, 0x210, 0x208, 0x208, 0x280, 0x380, 0x100, 0x000, 0x000 } }, /* い */
	{ 0xA4A5, { 0x000, 0x000, 0x000, 0x0E0, 0x000, 0x1A0, 0x010, 0x000, 0x060, 0x000, 0x000, 0x000 } }, /* ぅ */
	{ 0xA4A6, { 0x000, 0x000, 0x0E0, 0x000, 0x0E0, 0x210, 0x010, 0x010, 0x030, 0x0C0, 0x000, 0x000 } }, /* う */
	{ 0xA4A7, { 0x000, 0x000, 0x000, 0x0C0, 0x020, 0x040, 0x0C0, 0x140, 0x060, 0x000, 0x000, 0x000 } }, /* ぇ */
	{ 0xA4A8, { 0x000, 0x000, 0x0E0, 0x000, 0x1F0, 0x040, 0x0C0, 0x1E0, 0x220, 0x03C, 0x000, 0x000 } }, /* え */
	{ 0xA4A9, { 0x000, 0x000, 0x080, 0x1D0, 0x080, 0x0F0, 0x180, 0x190, 0x000, 0x000, 0x000, 0x000 } }, /* ぉ */
	{ 0xA4AA, { 0x000, 0x000, 0x080, 0x3C8, 0x080, 0x0A0, 0x198, 0x288, 0x288, 0x130, 0x000, 0x000 } }, /* お */
	{ 0xA4AB, { 0x000, 0x000, 0x080, 0x180, 0x3D0, 0x128, 0x128, 0x224, 0x240, 0x4C0, 0x000, 0x000 } }, /* か */
	{ 0xA4AC, { 0x000, 0x000, 0x104, 0x108, 0x7D0, 0x250, 0x248, 0x248, 0x440, 0x580, 0x000, 0x000 } }, /* が */
	{ 0xA4AD, { 0x000, 0x000, 0x040, 0x3E0, 0x060, 0x3E0, 0x010, 0x370, 0x200, 0x1E0, 0x000, 0x000 } }, /* き */
	{ 0xA4AE, { 0x000, 0x002, 0x040, 0x3E0, 0x040, 0x3E0, 0x030, 0x270, 0x200, 0x1E0, 0x000, 0x000 } }, /* ぎ */
	{ 0xA4AF, { 0x000, 0x000, 0x060, 0x040, 0x080, 0x100, 0x180, 0x080, 0x040, 0x020, 0x000, 0x000 } }, /* く */
	{ 0xA4B0, { 0x000, 0x000, 0x060, 0x0D0, 0x180, 0x100, 0x100, 0x080, 0x040, 0x060, 0x000, 0x000 } }, /* ぐ */
	{ 0xA4B1, { 0x000, 0x000, 0x210, 0x210, 0x2F0, 0x210, 0x210, 0x210, 0x230, 0x060, 0x000, 0x000 } }, /* け */
	{ 0xA4B2, { 0x000, 0x000, 0x200, 0x030, 0x4F0, 0x400, 0x400, 0x420, 0x020, 0x0C0, 0x000, 0x000 } }, /* げ */
	{ 0xA4B3, { 0x000, 0x000, 0x000, 0x0E0, 0x000, 0x000, 0x000, 0x200, 0x300, 0x0F0, 0x000, 0x000 } }, /* こ */
	{ 0xA4B4, { 0x000, 0x000, 0x000, 0x008, 0x0E0, 0x000, 0x000, 0x000, 0x200, 0x300, 0x0F0, 0x000 } }, /* ご */
	{ 0xA4B5, { 0x000, 0x000, 0x040, 0x3F0, 0x020, 0x010, 0x1F0, 0x200, 0x100, 0x1E0, 0x000, 0x000 } }, /* さ */
	{ 0xA4B6, { 0x000, 0x008, 0x040, 0x3F0, 0x040, 0x020, 0x1F0, 0x200, 0x200, 0x1E0, 0x000, 0x000 } }, /* ざ */
	{ 0xA4B7, { 0x000, 0x000, 0x100, 0x100, 0x100, 0x100, 0x100, 0x108, 0x110, 0x0E0, 0x000, 0x000 } }, /* し */
	{ 0xA4B8, { 0x000, 0x000, 0x100, 0x120, 0x100, 0x100, 0x100, 0x108, 0x110, 0x0E0, 0x000, 0x000 } }, /* じ */
	{ 0xA4B9, { 0x000, 0x000, 0x020, 0x7F8, 0x020, 0x0E0, 0x120, 0x1E0, 0x040, 0x0C0, 0x000, 0x000 } }, /* す */
	{ 0xA4BA, { 0x000, 0x004, 0x040, 0x7F8, 0x040, 0x1C0, 0x140, 0x1C0, 0x040, 0x080, 0x000, 0x000 } }, /* ず */
	{ 0xA4BB, { 0x000, 0x000, 0x010, 0x110, 0x1FC, 0x310, 0x110, 0x120, 0x180, 0x0F0, 0x000, 0x000 } }, /* せ */
	{ 0xA4BC, { 0x000, 0x000, 0x010, 0x110, 0x1F8, 0x700, 0x120, 0x120, 0x100, 0x0F0, 0x000, 0x000 } }, /* ぜ */
	{ 0xA4BD, { 0x000, 0x000, 0x1E0, 0x040, 0x080, 0x3F8, 0x240, 0x080, 0x080, 0x070, 0x000, 0x000 } }, /* そ */
	{ 0xA4BE, { 0x000, 0x000, 0x1E4, 0x048, 0x180, 0x3F8, 0x080, 0x080, 0x080, 0x070, 0x000, 0x000 } }, /* ぞ */
	{ 0xA4BF, { 0x000, 0x000, 0x080, 0x3C0, 0x138, 0x100, 0x100, 0x000, 0x240, 0x238, 0x000, 0x000 } }, /* た */
	{ 0xA4C0, { 0x000, 0x000, 0x108, 0x380, 0x138, 0x100, 0x000, 0x200, 0x240, 0x038, 0x000, 0x000 } }, /* だ */
	{ 0xA4C1, { 0x000, 0x000, 0x080, 0x3E0, 0x000, 0x130, 0x198, 0x108, 0x010, 0x0E0, 0x000, 0x000 } }, /* ち */
	{ 0xA4C2, { 0x000, 0x000, 0x008, 0x3C0, 0x100, 0x160, 0x190, 0x108, 0x010, 0x1E0, 0x000, 0x000 } }, /* ぢ */
	{ 0xA4C3, { 0x000, 0x000, 0x000, 0x000, 0x1E0, 0x010, 0x010, 0x020, 0x040, 0x000, 0x000, 0x000 } }, /* っ */
	{ 0xA4C4, { 0x000, 0x000, 0x0F0, 0x308, 0x008, 0x008, 0x008, 0x070, 0x000, 0x000, 0x000, 0x000 } }, /* つ */
	{ 0xA4C5, { 0x000, 0x000, 0x000, 0x0F0, 0x308, 0x008, 0x008, 0x008, 0x070, 0x000, 0x000, 0x000 } }, /* づ */
	{ 0xA4C6, { 0x000, 0x008, 0x3F0, 0x040, 0x080, 0x080, 0x080, 0x0C0, 0x070, 0x000, 0x000, 0x000 } }, /* て */
	{ 0xA4C7, { 0x000, 0x008, 0x3F0, 0x044, 0x088, 0x080, 0x080, 0x0C0, 0x070, 0x000, 0x000, 0x000 } }, /* で */
	{ 0xA4C8, { 0x000, 0x000, 0x000, 0x000, 0x000, 0x070, 0x180, 0x200, 0x200, 0x1F0, 0x000, 0x000 } }, /* と */
	{ 0xA4C9, { 0x000, 0x000, 0x080, 0x080, 0x080, 0x0F0, 0x100, 0x200, 0x200, 0x1F0, 0x000, 0x000 } }, /* ど */
	{ 0xA4CA, { 0x000, 0x000, 0x080, 0x380, 0x118, 0x120, 0x220, 0x220, 0x0B0, 0x0E8, 0x000, 0x000 } }, /* な */
	{ 0xA4CB, { 0x000, 0x000, 0x000, 0x270, 0x200, 0x200, 0x200, 0x280, 0x278, 0x200, 0x000, 0x000 } }, /* に */
	{ 0xA4CC, { 0x000, 0x000, 0x040, 0x260, 0x3D0, 0x308, 0x388, 0x1B8, 0x3A8, 0x030, 0x000, 0x000 } }, /* ぬ */
	{ 0xA4CD, { 0x000, 0x000, 0x100, 0x110, 0x348, 0x188, 0x308, 0x328, 0x548, 0x130, 0x000, 0x000 } }, /* ね */
	{ 0xA4CE, { 0x000, 0x000, 0x060, 0x110, 0x248, 0x248, 0x008, 0x288, 0x310, 0x020, 0x000, 0x000 } }, /* の */
	{ 0xA4CF, { 0x000, 0x000, 0x010, 0x210, 0x270, 0x210, 0x210, 0x270, 0x298, 0x260, 0x000, 0x000 } }, /* は */
	{ 0xA4D0, { 0x000, 0x000, 0x210, 0x210, 0x2F0, 0x210, 0x010, 0x0F0, 0x0B0, 0x260, 0x000, 0x000 } }, /* ば */
	{ 0xA4D1, { 0x000, 0x000, 0x000, 0x020, 0x030, 0x4F0, 0x400, 0x400, 0x4E0, 0x4B0, 0x0E0, 0x000 } }, /* ぱ */
	{ 0xA4D2, { 0x000, 0x000, 0x190, 0x110, 0x118, 0x218, 0x214, 0x200, 0x220, 0x1C0, 0x000, 0x000 } }, /* ひ */
	{ 0xA4D3, { 0x000, 0x000, 0x190, 0x110, 0x110, 0x218, 0x218, 0x200, 0x220, 0x1C0, 0x000, 0x000 } }, /* び */
	{ 0xA4D4, { 0x000, 0x000, 0x190, 0x110, 0x110, 0x218, 0x218, 0x200, 0x220, 0x1C0, 0x000, 0x000 } }, /* ぴ */
	{ 0xA4D5, { 0x000, 0x000, 0x0C0, 0x040, 0x080, 0x0C0, 0x048, 0x228, 0x424, 0x0C0, 0x000, 0x000 } }, /* ふ */
	{ 0xA4D6, { 0x000, 0x000, 0x0C4, 0x040, 0x080, 0x0C0, 0x048, 0x228, 0x424, 0x0C0, 0x000, 0x000 } }, /* ぶ */
	{ 0xA4D7, { 0x000, 0x000, 0x0C0, 0x040, 0x080, 0x0C0, 0x048, 0x228, 0x424, 0x0C0, 0x000, 0x000 } }, /* ぷ */
	{ 0xA4D8, { 0x000, 0x000, 0x080, 0x140, 0x220, 0x010, 0x008, 0x004, 0x000, 0x000, 0x000, 0x000 } }, /* へ */
	{ 0xA4D9, { 0x000, 0x000, 0x004, 0x090, 0x140, 0x620, 0x410, 0x018, 0x008, 0x000, 0x000, 0x000 } }, /* べ */
	{ 0xA4DA, { 0x000, 0x000, 0x000, 0x080, 0x340, 0x620, 0x410, 0x018, 0x008, 0x000, 0x000, 0x000 } }, /* ぺ */
	{ 0xA4DB, { 0x000, 0x000, 0x270, 0x210, 0x210, 0x2F0, 0x010, 0x070, 0x298, 0x260, 0x000, 0x000 } }, /* ほ */
	{ 0xA4DC, { 0x000, 0x000, 0x4F0, 0x420, 0x430, 0x5E0, 0x420, 0x4E0, 0x530, 0x4C0, 0x000, 0x000 } }, /* ぼ */
	{ 0xA4DD, { 0x000, 0x000, 0x4E0, 0x420, 0x430, 0x5E0, 0x420, 0x4E0, 0x530, 0x4C0, 0x000, 0x000 } }, /* ぽ */
	{ 0xA4DE, { 0x000, 0x000, 0x040, 0x3F0, 0x040, 0x1F0, 0x040, 0x1C0, 0x260, 0x3D8, 0x000, 0x000 } }, /* ま */
	{ 0xA4DF, { 0x000, 0x000, 0x1C0, 0x040, 0x040, 0x088, 0x3B8, 0x110, 0x210, 0x060, 0x000, 0x000 } }, /* み */
	{ 0xA4E0, { 0x000, 0x000, 0x080, 0x3C8, 0x084, 0x300, 0x100, 0x300, 0x108, 0x1F0, 0x000, 0x000 } }, /* む */
	{ 0xA4E1, { 0x000, 0x000, 0x020, 0x120, 0x1F0, 0x348, 0x2C0, 0x088, 0x388, 0x030, 0x000, 0x000 } }, /* め */
	{ 0xA4E2, { 0x000, 0x000, 0x080, 0x3C0, 0x080, 0x080, 0x2D0, 0x188, 0x088, 0x0D0, 0x000, 0x000 } }, /* も */
	{ 0xA4E3, { 0x000, 0x000, 0x000, 0x170, 0x300, 0x010, 0x0A0, 0x080, 0x000, 0x000, 0x000, 0x000 } }, /* ゃ */
	{ 0xA4E4, { 0x000, 0x000, 0x240, 0x078, 0x1A8, 0x704, 0x108, 0x0B0, 0x080, 0x080, 0x000, 0x000 } }, /* や */
	{ 0xA4E5, { 0x000, 0x000, 0x000, 0x000, 0x070, 0x100, 0x100, 0x070, 0x040, 0x000, 0x000, 0x000 } }, /* ゅ */
	{ 0xA4E6, { 0x000, 0x000, 0x020, 0x270, 0x2A8, 0x320, 0x2A8, 0x2E8, 0x270, 0x0C0, 0x000, 0x000 } }, /* ゆ */
	{ 0xA4E7, { 0x000, 0x000, 0x040, 0x040, 0x040, 0x040, 0x1C0, 0x170, 0x000, 0x000, 0x000, 0x000 } }, /* ょ */
	{ 0xA4E8, { 0x000, 0x000, 0x040, 0x040, 0x070, 0x040, 0x040, 0x3C0, 0x270, 0x3C8, 0x000, 0x000 } }, /* よ */
	{ 0xA4E9, { 0x000, 0x000, 0x0C0, 0x000, 0x100, 0x030, 0x188, 0x108, 0x010, 0x0E0, 0x000, 0x000 } }, /* ら */
	{ 0xA4EA, { 0x000, 0x000, 0x020, 0x110, 0x110, 0x110, 0x110, 0x010, 0x020, 0x040, 0x000, 0x000 } }, /* り */
	{ 0xA4EB, { 0x000, 0x000, 0x1F0, 0x020, 0x040, 0x1F0, 0x110, 0x208, 0x148, 0x0F0, 0x000, 0x000 } }, /* る */
	{ 0xA4EC, { 0x000, 0x000, 0x100, 0x130, 0x350, 0x190, 0x310, 0x310, 0x514, 0x118, 0x000, 0x000 } }, /* れ */
	{ 0xA4ED, { 0x000, 0x000, 0x1F0, 0x060, 0x0C0, 0x1F0, 0x108, 0x208, 0x008, 0x0F0, 0x000, 0x000 } }, /* ろ */
	{ 0xA4EE, { 0x000, 0x000, 0x000, 0x000, 0x180, 0x0D0, 0x100, 0x310, 0x020, 0x000, 0x000, 0x000 } }, /* ゎ */
	{ 0xA4EF, { 0x000, 0x000, 0x100, 0x180, 0x338, 0x188, 0x304, 0x300, 0x108, 0x120, 0x000, 0x000 } }, /* わ */
	{ 0xA4F0, { 0x000, 0x000, 0x1E0, 0x000, 0x060, 0x1D8, 0x288, 0x088, 0x158, 0x278, 0x000, 0x000 } }, /* ゐ */
	{ 0xA4F1, { 0x000, 0x000, 0x1E0, 0x040, 0x190, 0x2C0, 0x0F0, 0x180, 0x398, 0x068, 0x000, 0x000 } }, /* ゑ */
	{ 0xA4F2, { 0x000, 0x000, 0x040, 0x3E0, 0x080, 0x1C8, 0x270, 0x0A0, 0x100, 0x0F0, 0x000, 0x000 } }, /* を */
	{ 0xA4F3, { 0x000, 0x000, 0x040, 0x0C0, 0x080, 0x100, 0x1C0, 0x344, 0x248, 0x230, 0x000, 0x000 } }, /* ん */
	{ 0xA5A1, { 0x000, 0x000, 0x000, 0x1F0, 0x060, 0x040, 0x000, 0x080, 0x000, 0x000, 0x000, 0x000 } }, /* ァ */
	{ 0xA5A2, { 0x000, 0x000, 0x000, 0x3F8, 0x010, 0x060, 0x040, 0x080, 0x080, 0x100, 0x000, 0x000 } }, /* ア */
	{ 0xA5A3, { 0x000, 0x000, 0x000, 0x020, 0x060, 0x0A0, 0x020, 0x020, 0x000, 0x000, 0x000, 0x000 } }, /* ィ */
	{ 0xA5A4, { 0x000, 0x000, 0x010, 0x010, 0x020, 0x0E0, 0x1A0, 0x020, 0x020, 0x020, 0x000, 0x000 } }, /* イ */
	{ 0xA5A5, { 0x000, 0x000, 0x000, 0x040, 0x110, 0x110, 0x020, 0x040, 0x000, 0x000, 0x000, 0x000 } }, /* ゥ */
	{ 0xA5A6, { 0x000, 0x000, 0x040, 0x0C0, 0x318, 0x200, 0x010, 0x010, 0x020, 0x0C0, 0x000, 0x000 } }, /* ウ */
	{ 0xA5A7, { 0x000, 0x000, 0x000, 0x000, 0x040, 0x040, 0x040, 0x1F0, 0x000, 0x000, 0x000, 0x000 } }, /* ェ */
	{ 0xA5A8, { 0x000, 0x000, 0x1F0, 0x040, 0x040, 0x040, 0x040, 0x3F8, 0x000, 0x000, 0x000, 0x000 } }, /* エ */
	{ 0xA5A9, { 0x000, 0x000, 0x000, 0x020, 0x1F0, 0x040, 0x080, 0x000, 0x040, 0x000, 0x000, 0x000 } }, /* ォ */
	{ 0xA5AA, { 0x000, 0x000, 0x020, 0x020, 0x3F8, 0x060, 0x0A0, 0x320, 0x220, 0x060, 0x000, 0x000 } }, /* オ */
	{ 0xA5AB, { 0x000, 0x000, 0x040, 0x040, 0x1F8, 0x048, 0x088, 0x088, 0x118, 0x010, 0x000, 0x000 } }, /* カ */
	{ 0xA5AC, { 0x000, 0x004, 0x008, 0x0C0, 0x3F0, 0x080, 0x080, 0x110, 0x310, 0x220, 0x000, 0x000 } }, /* ガ */
	{ 0xA5AD, { 0x000, 0x000, 0x080, 0x040, 0x1C0, 0x040, 0x1F0, 0x040, 0x000, 0x020, 0x000, 0x000 } }, /* キ */
	{ 0xA5AE, { 0x000, 0x000, 0x088, 0x050, 0x1C0, 0x040, 0x1F0, 0x040, 0x000, 0x020, 0x000, 0x000 } }, /* ギ */
	{ 0xA5AF, { 0x000, 0x000, 0x040, 0x0F0, 0x110, 0x110, 0x010, 0x020, 0x040, 0x180, 0x000, 0x000 } }, /* ク */
	{ 0xA5B0, { 0x000, 0x000, 0x090, 0x1E0, 0x130, 0x220, 0x020, 0x040, 0x0C0, 0x300, 0x000, 0x000 } }, /* グ */
	{ 0xA5B1, { 0x000, 0x000, 0x100, 0x100, 0x1F8, 0x220, 0x020, 0x040, 0x0C0, 0x180, 0x000, 0x000 } }, /* ケ */
	{ 0xA5B2, { 0x000, 0x108, 0x110, 0x3E0, 0x240, 0x440, 0x040, 0x080, 0x100, 0x000, 0x000, 0x000 } }, /* ゲ */
	{ 0xA5B3, { 0x000, 0x000, 0x1F0, 0x010, 0x010, 0x010, 0x010, 0x1F0, 0x000, 0x000, 0x000, 0x000 } }, /* コ */
	{ 0xA5B4, { 0x000, 0x000, 0x004, 0x000, 0x1F0, 0x010, 0x010, 0x010, 0x010, 0x3F0, 0x000, 0x000 } }, /* ゴ */
	{ 0xA5B5, { 0x000, 0x000, 0x120, 0x7F8, 0x120, 0x120, 0x020, 0x040, 0x080, 0x000, 0x000, 0x000 } }, /* サ */
	{ 0xA5B6, { 0x000, 0x000, 0x128, 0x120, 0x7F8, 0x120, 0x120, 0x020, 0x040, 0x080, 0x000, 0x000 } }, /* ザ */
	{ 0xA5B7, { 0x000, 0x000, 0x100, 0x080, 0x000, 0x108, 0x010, 0x060, 0x180, 0x000, 0x000, 0x000 } }, /* シ */
	{ 0xA5B8, { 0x000, 0x000, 0x108, 0x080, 0x000, 0x108, 0x010, 0x060, 0x180, 0x000, 0x000, 0x000 } }, /* ジ */
	{ 0xA5B9, { 0x000, 0x000, 0x1F0, 0x030, 0x020, 0x060, 0x0B0, 0x118, 0x208, 0x000, 0x000, 0x000 } }, /* ス */
	{ 0xA5BA, { 0x000, 0x004, 0x008, 0x3F0, 0x020, 0x020, 0x040, 0x0A0, 0x310, 0x208, 0x000, 0x000 } }, /* ズ */
	{ 0xA5BB, { 0x000, 0x000, 0x080, 0x080, 0x3F8, 0x190, 0x0A0, 0x080, 0x080, 0x000, 0x000, 0x000 } }, /* セ */
	{ 0xA5BC, { 0x000, 0x000, 0x000, 0x100, 0x1F8, 0x390, 0x120, 0x100, 0x180, 0x0F0, 0x000, 0x000 } }, /* ゼ */
	{ 0xA5BD, { 0x000, 0x000, 0x000, 0x208, 0x110, 0x010, 0x010, 0x020, 0x040, 0x080, 0x000, 0x000 } }, /* ソ */
	{ 0xA5BE, { 0x000, 0x000, 0x004, 0x000, 0x210, 0x310, 0x010, 0x020, 0x060, 0x0C0, 0x100, 0x000 } }, /* ゾ */
	{ 0xA5BF, { 0x000, 0x000, 0x040, 0x0F8, 0x188, 0x310, 0x070, 0x020, 0x0D0, 0x100, 0x000, 0x000 } }, /* タ */
	{ 0xA5C0, { 0x000, 0x000, 0x088, 0x1F0, 0x110, 0x210, 0x0E0, 0x060, 0x080, 0x300, 0x000, 0x000 } }, /* ダ */
	{ 0xA5C1, { 0x000, 0x030, 0x1E0, 0x040, 0x3F8, 0x040, 0x040, 0x080, 0x100, 0x000, 0x000, 0x000 } }, /* チ */
	{ 0xA5C2, { 0x000, 0x030, 0x1C0, 0x040, 0x3F8, 0x040, 0x0C0, 0x080, 0x300, 0x000, 0x000, 0x000 } }, /* ヂ */
	{ 0xA5C3, { 0x000, 0x000, 0x000, 0x050, 0x110, 0x010, 0x020, 0x040, 0x000, 0x000, 0x000, 0x000 } }, /* ッ */
	{ 0xA5C4, { 0x000, 0x000, 0x000, 0x248, 0x348, 0x010, 0x010, 0x020, 0x060, 0x080, 0x000, 0x000 } }, /* ツ */
	{ 0xA5C5, { 0x000, 0x004, 0x000, 0x088, 0x258, 0x010, 0x010, 0x020, 0x060, 0x180, 0x000, 0x000 } }, /* ヅ */
	{ 0xA5C6, { 0x000, 0x000, 0x1F0, 0x000, 0x3F8, 0x040, 0x040, 0x080, 0x100, 0x000, 0x000, 0x000 } }, /* テ */
	{ 0xA5C7, { 0x000, 0x000, 0x000, 0x1E0, 0x000, 0x3F8, 0x040, 0x040, 0x080, 0x100, 0x000, 0x000 } }, /* デ */
	{ 0xA5C8, { 0x000, 0x000, 0x080, 0x080, 0x080, 0x0E0, 0x090, 0x080, 0x080, 0x080, 0x000, 0x000 } }, /* ト */
	{ 0xA5C9, { 0x000, 0x000, 0x080, 0x090, 0x080, 0x0E0, 0x090, 0x080, 0x080, 0x080, 0x000, 0x000 } }, /* ド */
	{ 0xA5CA, { 0x000, 0x000, 0x040, 0x040, 0x3F8, 0x040, 0x040, 0x040, 0x080, 0x100, 0x000, 0x000 } }, /* ナ */
	{ 0xA5CB, { 0x000, 0x000, 0x000, 0x000, 0x000, 0x000, 0x000, 0x3F8, 0x000, 0x000, 0x000, 0x000 } }, /* ニ */
	{ 0xA5CC, { 0x000, 0x000, 0x000, 0x1F0, 0x010, 0x0A0, 0x060, 0x070, 0x198, 0x200, 0x000, 0x000 } }, /* ヌ */
	{ 0xA5CD, { 0x000, 0x000, 0x040, 0x3F0, 0x030, 0x060, 0x0C0, 0x358, 0x040, 0x040, 0x000, 0x000 } }, /* ネ */
	{ 0xA5CE, { 0x000, 0x000, 0x000, 0x010, 0x010, 0x020, 0x060, 0x040, 0x180, 0x000, 0x000, 0x000 } }, /* ノ */
	{ 0xA5CF, { 0x000, 0x000, 0x000, 0x110, 0x110, 0x308, 0x208, 0x000, 0x000, 0x000, 0x000, 0x000 } }, /* ハ */
	{ 0xA5D0, { 0x000, 0x000, 0x004, 0x008, 0x110, 0x110, 0x208, 0x208, 0x000, 0x000, 0x000, 0x000 } }, /* バ */
	{ 0xA5D1, { 0x000, 0x000, 0x00C, 0x000, 0x110, 0x110, 0x208, 0x208, 0x000, 0x000, 0x000, 0x000 } }, /* パ */
	{ 0xA5D2, { 0x000, 0x000, 0x100, 0x100, 0x110, 0x1E0, 0x100, 0x100, 0x100, 0x070, 0x000, 0x000 } }, /* ヒ */
	{ 0xA5D3, { 0x000, 0x000, 0x100, 0x100, 0x110, 0x1E0, 0x100, 0x100, 0x100, 0x0F0, 0x000, 0x000 } }, /* ビ */
	{ 0xA5D4, { 0x000, 0x000, 0x100, 0x100, 0x100, 0x1F0, 0x100, 0x100, 0x100, 0x0F0, 0x000, 0x000 } }, /* ピ */
	{ 0xA5D5, { 0x000, 0x000, 0x000, 0x3F8, 0x010, 0x010, 0x010, 0x020, 0x040, 0x080, 0x000, 0x000 } }, /* フ */
	{ 0xA5D6, { 0x000, 0x004, 0x000, 0x3F8, 0x008, 0x010, 0x010, 0x030, 0x060, 0x080, 0x000, 0x000 } }, /* ブ */
	{ 0xA5D7, { 0x000, 0x000, 0x000, 0x7F0, 0x010, 0x010, 0x020, 0x020, 0x0C0, 0x180, 0x000, 0x000 } }, /* プ */
	{ 0xA5D8, { 0x000, 0x000, 0x000, 0x1C0, 0x320, 0x210, 0x008, 0x000, 0x000, 0x000, 0x000, 0x000 } }, /* ヘ */
	{ 0xA5D9, { 0x000, 0x000, 0x000, 0x010, 0x1C0, 0x360, 0x630, 0x018, 0x008, 0x000, 0x000, 0x000 } }, /* ベ */
	{ 0xA5DA, { 0x000, 0x000, 0x010, 0x000, 0x1C0, 0x360, 0x630, 0x018, 0x008, 0x000, 0x000, 0x000 } }, /* ペ */
	{ 0xA5DB, { 0x000, 0x040, 0x040, 0x3F8, 0x040, 0x350, 0x248, 0x448, 0x1C0, 0x000, 0x000, 0x000 } }, /* ホ */
	{ 0xA5DC, { 0x000, 0x000, 0x048, 0x040, 0x3F8, 0x040, 0x350, 0x248, 0x448, 0x1C0, 0x000, 0x000 } }, /* ボ */
	{ 0xA5DD, { 0x000, 0x000, 0x040, 0x040, 0x3F8, 0x040, 0x350, 0x248, 0x448, 0x1C0, 0x000, 0x000 } }, /* ポ */
	{ 0xA5DE, { 0x000, 0x000, 0x000, 0x3F8, 0x010, 0x020, 0x0E0, 0x040, 0x000, 0x000, 0x000, 0x000 } }, /* マ */
	{ 0xA5DF, { 0x000, 0x0C0, 0x060, 0x000, 0x0C0, 0x020, 0x000, 0x1C0, 0x030, 0x000, 0x000, 0x000 } }, /* ミ */
	{ 0xA5E0, { 0x000, 0x000, 0x040, 0x040, 0x080, 0x080, 0x110, 0x118, 0x3E8, 0x000, 0x000, 0x000 } }, /* ム */
	{ 0xA5E1, { 0x000, 0x000, 0x010, 0x090, 0x060, 0x030, 0x040, 0x080, 0x100, 0x000, 0x000, 0x000 } }, /* メ */
	{ 0xA5E2, { 0x000, 0x000, 0x030, 0x3C0, 0x080, 0x3F8, 0x080, 0x080, 0x0C0, 0x070, 0x000, 0x000 } }, /* モ */
	{ 0xA5E3, { 0x000, 0x000, 0x000, 0x080, 0x1F0, 0x090, 0x000, 0x000, 0x000, 0x000, 0x000, 0x000 } }, /* ャ */
	{ 0xA5E4, { 0x000, 0x000, 0x100, 0x100, 0x1F8, 0x098, 0x0B0, 0x080, 0x080, 0x040, 0x000, 0x000 } }, /* ヤ */
	{ 0xA5E5, { 0x000, 0x000, 0x000, 0x000, 0x020, 0x020, 0x020, 0x1F0, 0x000, 0x000, 0x000, 0x000 } }, /* ュ */
	{ 0xA5E6, { 0x000, 0x000, 0x1E0, 0x030, 0x010, 0x000, 0x030, 0x3F8, 0x000, 0x000, 0x000, 0x000 } }, /* ユ */
	{ 0xA5E7, { 0x000, 0x000, 0x000, 0x0E0, 0x010, 0x0F0, 0x010, 0x0F0, 0x000, 0x000, 0x000, 0x000 } }, /* ョ */
	{ 0xA5E8, { 0x000, 0x000, 0x000, 0x1F0, 0x010, 0x010, 0x010, 0x010, 0x1F0, 0x000, 0x000, 0x000 } }, /* ヨ */
	{ 0xA5E9, { 0x000, 0x000, 0x1F0, 0x000, 0x000, 0x3F8, 0x010, 0x010, 0x060, 0x080, 0x000, 0x000 } }, /* ラ */
	{ 0xA5EA, { 0x000, 0x000, 0x100, 0x100, 0x100, 0x100, 0x020, 0x060, 0x0C0, 0x000, 0x000, 0x000 } }, /* リ */
	{ 0xA5EB, { 0x000, 0x000, 0x000, 0x120, 0x120, 0x120, 0x128, 0x138, 0x230, 0x000, 0x000, 0x000 } }, /* ル */
	{ 0xA5EC, { 0x000, 0x000, 0x000, 0x200, 0x200, 0x210, 0x230, 0x260, 0x380, 0x000, 0x000, 0x000 } }, /* レ */
	{ 0xA5ED, { 0x000, 0x000, 0x1F0, 0x110, 0x110, 0x110, 0x110, 0x1F0, 0x000, 0x000, 0x000, 0x000 } }, /* ロ */
	{ 0xA5EE, { 0x000, 0x000, 0x000, 0x1F0, 0x110, 0x010, 0x020, 0x040, 0x000, 0x000, 0x000, 0x000 } }, /* ヮ */
	{ 0xA5EF, { 0x000, 0x000, 0x000, 0x3F0, 0x210, 0x210, 0x010, 0x030, 0x060, 0x080, 0x000, 0x000 } }, /* ワ */
	{ 0xA5F0, { 0x000, 0x000, 0x020, 0x060, 0x160, 0x120, 0x120, 0x3F8, 0x020, 0x020, 0x000, 0x000 } }, /* ヰ */
	{ 0xA5F1, { 0x000, 0x000, 0x3F8, 0x010, 0x060, 0x040, 0x040, 0x3F8, 0x000, 0x000, 0x000, 0x000 } }, /* ヱ */
	{ 0xA5F2, { 0x000, 0x000, 0x000, 0x1F8, 0x018, 0x1F8, 0x010, 0x020, 0x060, 0x080, 0x000, 0x000 } }, /* ヲ */
	{ 0xA5F3, { 0x000, 0x000, 0x000, 0x300, 0x008, 0x010, 0x020, 0x040, 0x380, 0x000, 0x000, 0x000 } }, /* ン */
	{ 0xA5F4, { 0x000, 0x004, 0x000, 0x0C0, 0x210, 0x210, 0x010, 0x020, 0x060, 0x080, 0x000, 0x000 } }, /* ヴ */
	{ 0xA5F5, { 0x000, 0x000, 0x000, 0x040, 0x1F0, 0x010, 0x090, 0x110, 0x000, 0x000, 0x000, 0x000 } }, /* ヵ */
	{ 0xA5F6, { 0x000, 0x000, 0x000, 0x080, 0x1F0, 0x000, 0x040, 0x040, 0x000, 0x000, 0x000, 0x000 } }, /* ヶ */
	{ 0xA6A1, { 0x000, 0x000, 0x040, 0x0E0, 0x0A0, 0x0A0, 0x1B0, 0x1F0, 0x110, 0x000, 0x000, 0x000 } }, /* Α */
	{ 0xA6A2, { 0x000, 0x000, 0x3E0, 0x210, 0x210, 0x230, 0x210, 0x208, 0x210, 0x1E0, 0x000, 0x000 } }, /* Β */
	{ 0xA6A3, { 0x000, 0x000, 0x1F0, 0x100, 0x100, 0x100, 0x100, 0x100, 0x100, 0x000, 0x000, 0x000 } }, /* Γ */
	{ 0xA6A4, { 0x000, 0x000, 0x000, 0x040, 0x0E0, 0x0A0, 0x000, 0x110, 0x110, 0x1F0, 0x000, 0x000 } }, /* Δ */
	{ 0xA6A5, { 0x000, 0x000, 0x1F0, 0x200, 0x200, 0x3C0, 0x200, 0x200, 0x200, 0x1F0, 0x000, 0x000 } }, /* Ε */
	{ 0xA6A6, { 0x000, 0x000, 0x1F0, 0x010, 0x020, 0x040, 0x080, 0x100, 0x100, 0x1F0, 0x000, 0x000 } }, /* Ζ */
	{ 0xA6A7, { 0x000, 0x000, 0x208, 0x208, 0x208, 0x3F8, 0x208, 0x208, 0x208, 0x000, 0x000, 0x000 } }, /* Η */
	{ 0xA6A8, { 0x000, 0x000, 0x0E0, 0x110, 0x208, 0x2A8, 0x2A8, 0x208, 0x110, 0x0E0, 0x000, 0x000 } }, /* Θ */
	{ 0xA6A9, { 0x000, 0x000, 0x040, 0x040, 0x040, 0x040, 0x040, 0x040, 0x040, 0x000, 0x000, 0x000 } }, /* Ι */
	{ 0xA6AA, { 0x000, 0x000, 0x200, 0x220, 0x240, 0x280, 0x340, 0x220, 0x210, 0x010, 0x000, 0x000 } }, /* Κ */
	{ 0xA6AB, { 0x000, 0x000, 0x040, 0x040, 0x0A0, 0x0A0, 0x000, 0x110, 0x110, 0x000, 0x000, 0x000 } }, /* Λ */
	{ 0xA6AC, { 0x000, 0x000, 0x208, 0x218, 0x318, 0x208, 0x2A8, 0x2A8, 0x248, 0x000, 0x000, 0x000 } }, /* Μ */
	{ 0xA6AD, { 0x000, 0x000, 0x308, 0x308, 0x288, 0x248, 0x228, 0x228, 0x218, 0x000, 0x000, 0x000 } }, /* Ν */
	{ 0xA6AE, { 0x000, 0x000, 0x1F0, 0x110, 0x000, 0x0E0, 0x000, 0x000, 0x110, 0x1F0, 0x000, 0x000 } }, /* Ξ */
	{ 0xA6AF, { 0x000, 0x000, 0x0E0, 0x110, 0x208, 0x208, 0x208, 0x208, 0x110, 0x0C0, 0x000, 0x000 } }, /* Ο */
	{ 0xA6B0, { 0x000, 0x000, 0x1F0, 0x110, 0x110, 0x110, 0x110, 0x110, 0x110, 0x000, 0x000, 0x000 } }, /* Π */
	{ 0xA6B1, { 0x000, 0x000, 0x3E0, 0x210, 0x208, 0x210, 0x3E0, 0x200, 0x200, 0x000, 0x000, 0x000 } }, /* Ρ */
	{ 0xA6B2, { 0x000, 0x000, 0x1F0, 0x180, 0x0C0, 0x040, 0x040, 0x080, 0x100, 0x1F0, 0x000, 0x000 } }, /* Σ */
	{ 0xA6B3, { 0x000, 0x000, 0x3F8, 0x040, 0x040, 0x040, 0x040, 0x040, 0x040, 0x000, 0x000, 0x000 } }, /* Τ */
	{ 0xA6B4, { 0x000, 0x000, 0x000, 0x110, 0x0A0, 0x0C0, 0x040, 0x040, 0x040, 0x040, 0x000, 0x000 } }, /* Υ */
	{ 0xA6B5, { 0x000, 0x000, 0x040, 0x1F0, 0x150, 0x248, 0x248, 0x150, 0x0E0, 0x000, 0x000, 0x000 } }, /* Φ */
	{ 0xA6B6, { 0x000, 0x000, 0x000, 0x110, 0x0A0, 0x040, 0x0E0, 0x0A0, 0x110, 0x000, 0x000, 0x000 } }, /* Χ */
	{ 0xA6B7, { 0x000, 0x000, 0x248, 0x248, 0x248, 0x248, 0x150, 0x0E0, 0x040, 0x040, 0x000, 0x000 } }, /* Ψ */
	{ 0xA6B8, { 0x000, 0x000, 0x0E0, 0x110, 0x208, 0x208, 0x208, 0x110, 0x1B0, 0x1B0, 0x000, 0x000 } }, /* Ω */
	{ 0xA6C1, { 0x000, 0x000, 0x000, 0x000, 0x120, 0x120, 0x120, 0x120, 0x0D0, 0x000, 0x000, 0x000 } }, /* α */
	{ 0xA6C2, { 0x000, 0x0C0, 0x120, 0x120, 0x160, 0x100, 0x110, 0x100, 0x140, 0x100, 0x000, 0x000 } }, /* β */
	{ 0xA6C3, { 0x000, 0x000, 0x000, 0x000, 0x0A0, 0x060, 0x040, 0x040, 0x040, 0x000, 0x000, 0x000 } }, /* γ */
	{ 0xA6C4, { 0x000, 0x000, 0x0E0, 0x080, 0x040, 0x0A0, 0x110, 0x110, 0x020, 0x040, 0x000, 0x000 } }, /* δ */
	{ 0xA6C5, { 0x000, 0x000, 0x000, 0x040, 0x080, 0x080, 0x080, 0x080, 0x060, 0x000, 0x000, 0x000 } }, /* ε */
	{ 0xA6C6, { 0x000, 0x080, 0x0E0, 0x040, 0x080, 0x000, 0x100, 0x0E0, 0x010, 0x020, 0x000, 0x000 } }, /* ζ */
	{ 0xA6C7, { 0x000, 0x000, 0x020, 0x0D0, 0x090, 0x090, 0x090, 0x010, 0x010, 0x000, 0x000, 0x000 } }, /* η */
	{ 0xA6C8, { 0x000, 0x000, 0x040, 0x020, 0x110, 0x1F0, 0x110, 0x110, 0x0A0, 0x040, 0x000, 0x000 } }, /* θ */
	{ 0xA6C9, { 0x000, 0x000, 0x000, 0x000, 0x040, 0x040, 0x040, 0x040, 0x040, 0x000, 0x000, 0x000 } }, /* ι */
	{ 0xA6CA, { 0x000, 0x000, 0x000, 0x000, 0x140, 0x1C0, 0x1C0, 0x120, 0x020, 0x000, 0x000, 0x000 } }, /* κ */
	{ 0xA6CB, { 0x000, 0x000, 0x080, 0x080, 0x040, 0x0C0, 0x080, 0x0A0, 0x120, 0x010, 0x000, 0x000 } }, /* λ */
	{ 0xA6CC, { 0x000, 0x000, 0x000, 0x100, 0x100, 0x100, 0x120, 0x1D0, 0x100, 0x000, 0x000, 0x000 } }, /* μ */
	{ 0xA6CD, { 0x000, 0x000, 0x000, 0x000, 0x0A0, 0x0A0, 0x0A0, 0x040, 0x040, 0x000, 0x000, 0x000 } }, /* ν */
	{ 0xA6CE, { 0x000, 0x040, 0x080, 0x080, 0x040, 0x080, 0x100, 0x080, 0x010, 0x020, 0x000, 0x000 } }, /* ξ */
	{ 0xA6CF, { 0x000, 0x000, 0x000, 0x040, 0x0A0, 0x110, 0x110, 0x020, 0x040, 0x000, 0x000, 0x000 } }, /* ο */
	{ 0xA6D0, { 0x000, 0x000, 0x000, 0x000, 0x110, 0x000, 0x000, 0x000, 0x010, 0x000, 0x000, 0x000 } }, /* π */
	{ 0xA6D1, { 0x000, 0x000, 0x040, 0x0A0, 0x010, 0x110, 0x180, 0x140, 0x100, 0x000, 0x000, 0x000 } }, /* ρ */
	{ 0xA6D2, { 0x000, 0x000, 0x000, 0x040, 0x020, 0x100, 0x100, 0x120, 0x040, 0x000, 0x000, 0x000 } }, /* σ */
	{ 0xA6D3, { 0x000, 0x000, 0x000, 0x000, 0x040, 0x040, 0x040, 0x040, 0x020, 0x000, 0x000, 0x000 } }, /* τ */
	{ 0xA6D4, { 0x000, 0x000, 0x000, 0x000, 0x100, 0x100, 0x100, 0x020, 0x0C0, 0x000, 0x000, 0x000 } }, /* υ */
	{ 0xA6D5, { 0x000, 0x040, 0x040, 0x150, 0x040, 0x040, 0x150, 0x0E0, 0x040, 0x000, 0x000, 0x000 } }, /* φ */
	{ 0xA6D6, { 0x000, 0x000, 0x000, 0x0A0, 0x0A0, 0x040, 0x040, 0x0A0, 0x120, 0x000, 0x000, 0x000 } }, /* χ */
	{ 0xA6D7, { 0x000, 0x040, 0x040, 0x040, 0x040, 0x040, 0x150, 0x0E0, 0x040, 0x000, 0x000, 0x000 } }, /* ψ */
	{ 0xA6D8, { 0x000, 0x000, 0x000, 0x000, 0x000, 0x248, 0x248, 0x248, 0x1B0, 0x000, 0x000, 0x000 } }, /* ω */
	{ 0xA6E0, { 0x000, 0x000, 0x000, 0x000, 0x000, 0x3B0, 0x404, 0x000, 0x000, 0x000, 0x000, 0x000 } }, /* ︵ */
	{ 0xA6E1, { 0x000, 0x000, 0x000, 0x404, 0x318, 0x000, 0x000, 0x000, 0x000, 0x000, 0x000, 0x000 } }, /* ︶ */
	{ 0xA6E2, { 0x000, 0x000, 0x000, 0x000, 0x000, 0x40C, 0x404, 0x000, 0x000, 0x000, 0x000, 0x000 } }, /* ︹ */
	{ 0xA6E3, { 0x000, 0x000, 0x000, 0x404, 0x404, 0x000, 0x000, 0x000, 0x000, 0x000, 0x000, 0x000 } }, /* ︺ */
	{ 0xA6E4, { 0x000, 0x000, 0x000, 0x000, 0x0E0, 0x310, 0x404, 0x000, 0x000, 0x000, 0x000, 0x000 } }, /* ︿ */
	{ 0xA6E5, { 0x000, 0x000, 0x404, 0x318, 0x0A0, 0x000, 0x000, 0x000, 0x000, 0x000, 0x000, 0x000 } }, /* ﹀ */
	{ 0xA6E6, { 0x000, 0x000, 0x000, 0x040, 0x130, 0x404, 0x0E0, 0x208, 0x000, 0x000, 0x000, 0x000 } }, /* ︽ */
	{ 0xA6E7, { 0x000, 0x000, 0x000, 0x208, 0x0A0, 0x404, 0x110, 0x040, 0x000, 0x000, 0x000, 0x000 } }, /* ︾ */
	{ 0xA6E8, { 0x000, 0x000, 0x000, 0x000, 0x004, 0x000, 0x000, 0x000, 0x000, 0x000, 0x000, 0x000 } }, /* ﹁ */
	{ 0xA6E9, { 0x000, 0x000, 0x800, 0x800, 0x800, 0x000, 0x000, 0x000, 0x000, 0x000, 0x000, 0x000 } }, /* ﹂ */
	{ 0xA6EA, { 0x000, 0x000, 0x000, 0x000, 0x200, 0x000, 0x004, 0x000, 0x000, 0x000, 0x000, 0x000 } }, /* ﹃ */
	{ 0xA6EB, { 0x000, 0x000, 0x400, 0x800, 0x808, 0x000, 0x000, 0x000, 0x000, 0x000, 0x000, 0x000 } }, /* ﹄ */
	{ 0xA6EE, { 0x000, 0x000, 0x000, 0x000, 0xFFE, 0xF9E, 0xC06, 0x000, 0x000, 0x000, 0x000, 0x000 } }, /* ︻ */
	{ 0xA6EF, { 0x000, 0x000, 0x000, 0xC06, 0xF1E, 0xFFE, 0x000, 0x000, 0x000, 0x000, 0x000, 0x000 } }, /* ︼ */
	{ 0xA6F0, { 0x000, 0x000, 0x000, 0x000, 0x040, 0x404, 0x000, 0x000, 0x000, 0x000, 0x000, 0x000 } }, /* ︷ */
	{ 0xA6F1, { 0x000, 0x000, 0x000, 0x004, 0x040, 0x000, 0x000, 0x000, 0x000, 0x000, 0x000, 0x000 } }, /* ︸ */
	{ 0xA6F2, { 0x000, 0x000, 0x040, 0x040, 0x040, 0x040, 0x040, 0x040, 0x040, 0x040, 0x000, 0x000 } }, /* ︱ */
	{ 0xA6F4, { 0x000, 0x800, 0x800, 0x800, 0x800, 0x800, 0x800, 0x800, 0x800, 0x800, 0x800, 0x000 } }, /* ︳ */
	{ 0xA6F5, { 0x000, 0x800, 0x800, 0x800, 0x800, 0x000, 0x800, 0x800, 0x800, 0x800, 0x800, 0x000 } }, /* ︴ */
	{ 0xA7A1, { 0x000, 0x000, 0x040, 0x040, 0x0A0, 0x0A0, 0x1B0, 0x1F0, 0x110, 0x000, 0x000, 0x000 } }, /* А */
	{ 0xA7A2, { 0x000, 0x000, 0x1E0, 0x100, 0x100, 0x1F0, 0x110, 0x110, 0x1E0, 0x000, 0x000, 0x000 } }, /* Б */
	{ 0xA7A3, { 0x000, 0x000, 0x1E0, 0x130, 0x110, 0x1E0, 0x110, 0x110, 0x1E0, 0x000, 0x000, 0x000 } }, /* В */
	{ 0xA7A4, { 0x000, 0x000, 0x0E0, 0x100, 0x100, 0x100, 0x100, 0x100, 0x100, 0x000, 0x000, 0x000 } }, /* Г */
	{ 0xA7A5, { 0x000, 0x070, 0x090, 0x090, 0x090, 0x010, 0x110, 0x3F8, 0x208, 0x000, 0x000, 0x000 } }, /* Д */
	{ 0xA7A6, { 0x000, 0x000, 0x0E0, 0x100, 0x100, 0x1E0, 0x100, 0x100, 0x1F0, 0x000, 0x000, 0x000 } }, /* Е */
	{ 0xA7A7, { 0x000, 0x000, 0x0A0, 0x0E0, 0x100, 0x100, 0x1E0, 0x100, 0x100, 0x1F0, 0x000, 0x000 } }, /* Ё */
	{ 0xA7A8, { 0x000, 0x000, 0x248, 0x040, 0x150, 0x1F0, 0x150, 0x248, 0x248, 0x000, 0x000, 0x000 } }, /* Ж */
	{ 0xA7A9, { 0x000, 0x000, 0x0E0, 0x030, 0x020, 0x060, 0x010, 0x010, 0x0E0, 0x000, 0x000, 0x000 } }, /* З */
	{ 0xA7AA, { 0x000, 0x000, 0x110, 0x130, 0x130, 0x150, 0x190, 0x190, 0x110, 0x000, 0x000, 0x000 } }, /* И */
	{ 0xA7AB, { 0x000, 0x000, 0x0E0, 0x110, 0x130, 0x130, 0x150, 0x190, 0x190, 0x110, 0x000, 0x000 } }, /* Й */
	{ 0xA7AC, { 0x000, 0x000, 0x120, 0x120, 0x140, 0x1C0, 0x140, 0x120, 0x110, 0x000, 0x000, 0x000 } }, /* К */
	{ 0xA7AD, { 0x000, 0x000, 0x0F0, 0x110, 0x110, 0x110, 0x110, 0x110, 0x110, 0x000, 0x000, 0x000 } }, /* Л */
	{ 0xA7AE, { 0x000, 0x000, 0x110, 0x110, 0x1B0, 0x1B0, 0x0B0, 0x050, 0x040, 0x000, 0x000, 0x000 } }, /* М */
	{ 0xA7AF, { 0x000, 0x000, 0x010, 0x110, 0x110, 0x1F0, 0x110, 0x110, 0x110, 0x000, 0x000, 0x000 } }, /* Н */
	{ 0xA7B0, { 0x000, 0x000, 0x0E0, 0x110, 0x208, 0x208, 0x208, 0x110, 0x0E0, 0x000, 0x000, 0x000 } }, /* О */
	{ 0xA7B1, { 0x000, 0x000, 0x1F0, 0x110, 0x110, 0x110, 0x110, 0x110, 0x110, 0x000, 0x000, 0x000 } }, /* П */
	{ 0xA7B2, { 0x000, 0x000, 0x0C0, 0x130, 0x110, 0x1E0, 0x100, 0x100, 0x100, 0x000, 0x000, 0x000 } }, /* Р */
	{ 0xA7B3, { 0x000, 0x000, 0x060, 0x180, 0x100, 0x100, 0x100, 0x100, 0x0F0, 0x000, 0x000, 0x000 } }, /* С */
	{ 0xA7B4, { 0x000, 0x000, 0x1F0, 0x040, 0x040, 0x040, 0x040, 0x040, 0x040, 0x000, 0x000, 0x000 } }, /* Т */
	{ 0xA7B5, { 0x000, 0x000, 0x110, 0x090, 0x0A0, 0x040, 0x040, 0x080, 0x180, 0x000, 0x000, 0x000 } }, /* У */
	{ 0xA7B6, { 0x000, 0x000, 0x040, 0x1E0, 0x350, 0x248, 0x248, 0x1F0, 0x040, 0x000, 0x000, 0x000 } }, /* Ф */
	{ 0xA7B7, { 0x000, 0x000, 0x110, 0x0A0, 0x0E0, 0x040, 0x0E0, 0x1A0, 0x110, 0x000, 0x000, 0x000 } }, /* Х */
	{ 0xA7B8, { 0x000, 0x010, 0x110, 0x110, 0x110, 0x110, 0x110, 0x1F0, 0x000, 0x000, 0x000, 0x000 } }, /* Ц */
	{ 0xA7B9, { 0x000, 0x000, 0x110, 0x110, 0x110, 0x130, 0x090, 0x010, 0x010, 0x000, 0x000, 0x000 } }, /* Ч */
	{ 0xA7BA, { 0x000, 0x000, 0x048, 0x248, 0x248, 0x248, 0x248, 0x248, 0x3F8, 0x000, 0x000, 0x000 } }, /* Ш */
	{ 0xA7BB, { 0x000, 0x008, 0x248, 0x248, 0x248, 0x248, 0x248, 0x3F8, 0x000, 0x000, 0x000, 0x000 } }, /* Щ */
	{ 0xA7BC, { 0x000, 0x000, 0x180, 0x080, 0x080, 0x0F0, 0x090, 0x090, 0x0F0, 0x000, 0x000, 0x000 } }, /* Ъ */
	{ 0xA7BD, { 0x000, 0x000, 0x200, 0x208, 0x208, 0x3C8, 0x228, 0x228, 0x3C8, 0x000, 0x000, 0x000 } }, /* Ы */
	{ 0xA7BE, { 0x000, 0x000, 0x000, 0x100, 0x100, 0x1E0, 0x110, 0x110, 0x1E0, 0x000, 0x000, 0x000 } }, /* Ь */
	{ 0xA7BF, { 0x000, 0x000, 0x0C0, 0x020, 0x010, 0x070, 0x010, 0x010, 0x1E0, 0x000, 0x000, 0x000 } }, /* Э */
	{ 0xA7C0, { 0x000, 0x000, 0x030, 0x4C8, 0x484, 0x784, 0x484, 0x488, 0x478, 0x000, 0x000, 0x000 } }, /* Ю */
	{ 0xA7C1, { 0x000, 0x000, 0x070, 0x090, 0x090, 0x0F0, 0x0D0, 0x090, 0x110, 0x000, 0x000, 0x000 } }, /* Я */
	{ 0xA7D1, { 0x000, 0x000, 0x000, 0x040, 0x020, 0x0E0, 0x120, 0x0E0, 0x000, 0x000, 0x000, 0x000 } }, /* а */
	{ 0xA7D2, { 0x000, 0x000, 0x060, 0x080, 0x100, 0x1A0, 0x110, 0x000, 0x0E0, 0x000, 0x000, 0x000 } }, /* б */
	{ 0xA7D3, { 0x000, 0x000, 0x000, 0x0C0, 0x020, 0x0E0, 0x000, 0x0E0, 0x000, 0x000, 0x000, 0x000 } }, /* в */
	{ 0xA7D4, { 0x000, 0x000, 0x000, 0x0E0, 0x080, 0x080, 0x080, 0x080, 0x000, 0x000, 0x000, 0x000 } }, /* г */
	{ 0xA7D5, { 0x000, 0x000, 0x060, 0x080, 0x080, 0x080, 0x1F0, 0x110, 0x000, 0x000, 0x000, 0x000 } }, /* д */
	{ 0xA7D6, { 0x000, 0x000, 0x000, 0x040, 0x0A0, 0x0E0, 0x000, 0x0E0, 0x000, 0x000, 0x000, 0x000 } }, /* е */
	{ 0xA7D7, { 0x000, 0x000, 0x0A0, 0x040, 0x0A0, 0x0E0, 0x000, 0x0E0, 0x000, 0x000, 0x000, 0x000 } }, /* ё */
	{ 0xA7D8, { 0x000, 0x000, 0x000, 0x000, 0x150, 0x1E0, 0x150, 0x240, 0x000, 0x000, 0x000, 0x000 } }, /* ж */
	{ 0xA7D9, { 0x000, 0x000, 0x000, 0x0C0, 0x020, 0x060, 0x020, 0x0E0, 0x000, 0x000, 0x000, 0x000 } }, /* з */
	{ 0xA7DA, { 0x000, 0x000, 0x000, 0x000, 0x020, 0x060, 0x080, 0x080, 0x000, 0x000, 0x000, 0x000 } }, /* и */
	{ 0xA7DB, { 0x000, 0x000, 0x000, 0x020, 0x000, 0x020, 0x060, 0x080, 0x080, 0x000, 0x000, 0x000 } }, /* й */
	{ 0xA7DC, { 0x000, 0x000, 0x000, 0x020, 0x0C0, 0x0C0, 0x080, 0x0A0, 0x000, 0x000, 0x000, 0x000 } }, /* к */
	{ 0xA7DD, { 0x000, 0x000, 0x000, 0x0E0, 0x080, 0x080, 0x080, 0x080, 0x000, 0x000, 0x000, 0x000 } }, /* л */
	{ 0xA7DE, { 0x000, 0x000, 0x000, 0x000, 0x1B0, 0x1B0, 0x150, 0x150, 0x000, 0x000, 0x000, 0x000 } }, /* м */
	{ 0xA7DF, { 0x000, 0x000, 0x000, 0x000, 0x000, 0x0E0, 0x000, 0x000, 0x000, 0x000, 0x000, 0x000 } }, /* н */
	{ 0xA7E0, { 0x000, 0x000, 0x000, 0x040, 0x0A0, 0x110, 0x000, 0x0E0, 0x000, 0x000, 0x000, 0x000 } }, /* о */
	{ 0xA7E1, { 0x000, 0x000, 0x000, 0x0E0, 0x000, 0x000, 0x000, 0x000, 0x000, 0x000, 0x000, 0x000 } }, /* п */
	{ 0xA7E2, { 0x000, 0x000, 0x040, 0x0A0, 0x000, 0x000, 0x0E0, 0x000, 0x000, 0x000, 0x000, 0x000 } }, /* р */
	{ 0xA7E3, { 0x000, 0x000, 0x000, 0x060, 0x080, 0x000, 0x080, 0x060, 0x000, 0x000, 0x000, 0x000 } }, /* с */
	{ 0xA7E4, { 0x000, 0x000, 0x000, 0x0E0, 0x040, 0x040, 0x040, 0x040, 0x000, 0x000, 0x000, 0x000 } }, /* т */
	{ 0xA7E5, { 0x000, 0x000, 0x000, 0x0A0, 0x0A0, 0x040, 0x040, 0x000, 0x080, 0x000, 0x000, 0x000 } }, /* у */
	{ 0xA7E6, { 0x000, 0x040, 0x040, 0x0E0, 0x040, 0x240, 0x040, 0x1F0, 0x040, 0x040, 0x000, 0x000 } }, /* ф */
	{ 0xA7E7, { 0x000, 0x000, 0x000, 0x000, 0x0A0, 0x040, 0x0E0, 0x0A0, 0x000, 0x000, 0x000, 0x000 } }, /* х */
	{ 0xA7E8, { 0x000, 0x000, 0x000, 0x120, 0x120, 0x120, 0x0E0, 0x000, 0x000, 0x000, 0x000, 0x000 } }, /* ц */
	{ 0xA7E9, { 0x000, 0x000, 0x000, 0x000, 0x100, 0x020, 0x000, 0x000, 0x000, 0x000, 0x000, 0x000 } }, /* ч */
	{ 0xA7EA, { 0x000, 0x000, 0x000, 0x000, 0x248, 0x248, 0x248, 0x3F8, 0x000, 0x000, 0x000, 0x000 } }, /* ш */
	{ 0xA7EB, { 0x000, 0x000, 0x000, 0x248, 0x248, 0x248, 0x3F8, 0x008, 0x000, 0x000, 0x000, 0x000 } }, /* щ */
	{ 0xA7EC, { 0x000, 0x000, 0x000, 0x080, 0x080, 0x0E0, 0x090, 0x0E0, 0x000, 0x000, 0x000, 0x000 } }, /* ъ */
	{ 0xA7ED, { 0x000, 0x000, 0x000, 0x000, 0x110, 0x1D0, 0x150, 0x1D0, 0x000, 0x000, 0x000, 0x000 } }, /* ы */
	{ 0xA7EE, { 0x000, 0x000, 0x000, 0x000, 0x080, 0x0E0, 0x0A0, 0x0E0, 0x000, 0x000, 0x000, 0x000 } }, /* ь */
	{ 0xA7EF, { 0x000, 0x000, 0x000, 0x0C0, 0x020, 0x060, 0x020, 0x0C0, 0x000, 0x000, 0x000, 0x000 } }, /* э */
	{ 0xA7F0, { 0x000, 0x000, 0x000, 0x030, 0x248, 0x388, 0x208, 0x270, 0x000, 0x000, 0x000, 0x000 } }, /* ю */
	{ 0xA7F1, { 0x000, 0x000, 0x000, 0x060, 0x080, 0x060, 0x000, 0x080, 0x000, 0x000, 0x000, 0x000 } }, /* я */
	{ 0xA8A1, { 0x000, 0x000, 0x060, 0x000, 0x0F0, 0x010, 0x110, 0x090, 0x0F0, 0x000, 0x000, 0x000 } }, /* ā */
	{ 0xA8A2, { 0x000, 0x000, 0x000, 0x020, 0x000, 0x0F0, 0x010, 0x110, 0x090, 0x0F0, 0x000, 0x000 } }, /* á */
	{ 0xA8A3, { 0x000, 0x000, 0x000, 0x060, 0x000, 0x0F0, 0x010, 0x110, 0x090, 0x0F0, 0x000, 0x000 } }, /* ǎ */
	{ 0xA8A4, { 0x000, 0x000, 0x000, 0x040, 0x000, 0x0F0, 0x010, 0x110, 0x090, 0x0F0, 0x000, 0x000 } }, /* à */
	{ 0xA8A5, { 0x000, 0x000, 0x060, 0x000, 0x0E0, 0x090, 0x080, 0x090, 0x060, 0x000, 0x000, 0x000 } }, /* ē */
	{ 0xA8A6, { 0x000, 0x000, 0x000, 0x020, 0x000, 0x0E0, 0x090, 0x080, 0x090, 0x060, 0x000, 0x000 } }, /* é */
	{ 0xA8A7, { 0x000, 0x000, 0x000, 0x060, 0x000, 0x0E0, 0x090, 0x080, 0x090, 0x060, 0x000, 0x000 } }, /* ě */
	{ 0xA8A8, { 0x000, 0x000, 0x000, 0x040, 0x000, 0x0E0, 0x090, 0x080, 0x090, 0x060, 0x000, 0x000 } }, /* è */
	{ 0xA8A9, { 0x000, 0x000, 0x0E0, 0x000, 0x040, 0x040, 0x040, 0x040, 0x040, 0x000, 0x000, 0x000 } }, /* ī */
	{ 0xA8AA, { 0x000, 0x000, 0x000, 0x000, 0x000, 0x040, 0x040, 0x040, 0x040, 0x040, 0x000, 0x000 } }, /* í */
	{ 0xA8AB, { 0x000, 0x000, 0x000, 0x0C0, 0x040, 0x040, 0x040, 0x040, 0x040, 0x040, 0x000, 0x000 } }, /* ǐ */
	{ 0xA8AC, { 0x000, 0x000, 0x000, 0x080, 0x000, 0x040, 0x040, 0x040, 0x040, 0x040, 0x000, 0x000 } }, /* ì */
	{ 0xA8AD, { 0x000, 0x000, 0x060, 0x000, 0x0E0, 0x090, 0x010, 0x090, 0x060, 0x000, 0x000, 0x000 } }, /* ō */
	{ 0xA8AE, { 0x000, 0x000, 0x000, 0x020, 0x000, 0x0E0, 0x090, 0x090, 0x090, 0x060, 0x000, 0x000 } }, /* ó */
	{ 0xA8AF, { 0x000, 0x000, 0x000, 0x060, 0x000, 0x0E0, 0x090, 0x090, 0x090, 0x060, 0x000, 0x000 } }, /* ǒ */
	{ 0xA8B0, { 0x000, 0x000, 0x000, 0x040, 0x000, 0x0E0, 0x090, 0x090, 0x090, 0x060, 0x000, 0x000 } }, /* ò */
	{ 0xA8B1, { 0x000, 0x000, 0x0E0, 0x000, 0x110, 0x110, 0x110, 0x030, 0x0D0, 0x000, 0x000, 0x000 } }, /* ū */
	{ 0xA8B2, { 0x000, 0x000, 0x000, 0x020, 0x000, 0x110, 0x110, 0x110, 0x030, 0x0D0, 0x000, 0x000 } }, /* ú */
	{ 0xA8B3, { 0x000, 0x000, 0x000, 0x060, 0x000, 0x110, 0x110, 0x110, 0x030, 0x0D0, 0x000, 0x000 } }, /* ǔ */
	{ 0xA8B4, { 0x000, 0x000, 0x000, 0x040, 0x000, 0x110, 0x110, 0x110, 0x030, 0x0D0, 0x000, 0x000 } }, /* ù */
	{ 0xA8B5, { 0x000, 0x000, 0x0E0, 0x000, 0x000, 0x110, 0x110, 0x110, 0x030, 0x0D0, 0x000, 0x000 } }, /* ǖ */
	{ 0xA8B6, { 0x000, 0x000, 0x020, 0x000, 0x000, 0x110, 0x110, 0x110, 0x030, 0x0D0, 0x000, 0x000 } }, /* ǘ */
	{ 0xA8B7, { 0x000, 0x000, 0x060, 0x000, 0x000, 0x110, 0x110, 0x110, 0x030, 0x0D0, 0x000, 0x000 } }, /* ǚ */
	{ 0xA8B8, { 0x000, 0x000, 0x040, 0x000, 0x000, 0x110, 0x110, 0x110, 0x030, 0x0D0, 0x000, 0x000 } }, /* ǜ */
	{ 0xA8B9, { 0x000, 0x000, 0x000, 0x000, 0x110, 0x110, 0x110, 0x030, 0x0D0, 0x000, 0x000, 0x000 } }, /* ü */
	{ 0xA8BA, { 0x000, 0x000, 0x000, 0x060, 0x000, 0x0E0, 0x090, 0x080, 0x090, 0x060, 0x000, 0x000 } }, /* ê */
	{ 0xA8BB, { 0x000, 0x000, 0x000, 0x000, 0x0F0, 0x010, 0x010, 0x090, 0x0F0, 0x000, 0x000, 0x000 } }, /* ɑ */
	{ 0xA8BD, { 0x000, 0x000, 0x000, 0x020, 0x000, 0x1E0, 0x190, 0x110, 0x110, 0x010, 0x000, 0x000 } }, /* ń */
	{ 0xA8BE, { 0x000, 0x000, 0x000, 0x060, 0x000, 0x1E0, 0x190, 0x110, 0x110, 0x010, 0x000, 0x000 } }, /* ň */
	{ 0xA8C0, { 0x000, 0x000, 0x000, 0x0F0, 0x010, 0x010, 0x0F0, 0x000, 0x0A0, 0x000, 0x000, 0x000 } }, /* ɡ */
	{ 0xA8C5, { 0x000, 0x000, 0x100, 0x100, 0x3F8, 0x008, 0x000, 0x010, 0x010, 0x060, 0x000, 0x000 } }, /* ㄅ */
	{ 0xA8C6, { 0x000, 0x000, 0x080, 0x100, 0x010, 0x110, 0x0A0, 0x060, 0x090, 0x300, 0x000, 0x000 } }, /* ㄆ */
	{ 0xA8C7, { 0x000, 0x000, 0x000, 0x208, 0x208, 0x208, 0x208, 0x208, 0x208, 0x000, 0x000, 0x000 } }, /* ㄇ */
	{ 0xA8C8, { 0x000, 0x000, 0x000, 0x000, 0x000, 0x000, 0x000, 0x000, 0x1F8, 0x000, 0x000, 0x000 } }, /* ㄈ */
	{ 0xA8C9, { 0x000, 0x000, 0x100, 0x100, 0x048, 0x048, 0x008, 0x088, 0x108, 0x230, 0x000, 0x000 } }, /* ㄉ */
	{ 0xA8CA, { 0x000, 0x000, 0x040, 0x040, 0x2C8, 0x080, 0x080, 0x010, 0x118, 0x108, 0x000, 0x000 } }, /* ㄊ */
	{ 0xA8CB, { 0x000, 0x000, 0x020, 0x000, 0x078, 0x008, 0x000, 0x010, 0x060, 0x000, 0x000, 0x000 } }, /* ㄋ */
	{ 0xA8CC, { 0x000, 0x000, 0x020, 0x120, 0x160, 0x048, 0x048, 0x088, 0x108, 0x230, 0x000, 0x000 } }, /* ㄌ */
	{ 0xA8CD, { 0x000, 0x000, 0x090, 0x010, 0x100, 0x020, 0x220, 0x120, 0x090, 0x088, 0x000, 0x000 } }, /* ㄍ */
	{ 0xA8CE, { 0x000, 0x000, 0x080, 0x080, 0x0F8, 0x000, 0x010, 0x010, 0x060, 0x000, 0x000, 0x000 } }, /* ㄎ */
	{ 0xA8CF, { 0x000, 0x000, 0x100, 0x100, 0x100, 0x100, 0x100, 0x200, 0x200, 0x000, 0x000, 0x000 } }, /* ㄏ */
	{ 0xA8D0, { 0x000, 0x000, 0x010, 0x110, 0x110, 0x110, 0x110, 0x190, 0x010, 0x010, 0x000, 0x000 } }, /* ㄐ */
	{ 0xA8D1, { 0x000, 0x000, 0x020, 0x040, 0x080, 0x080, 0x080, 0x000, 0x040, 0x020, 0x000, 0x000 } }, /* ㄑ */
	{ 0xA8D2, { 0x000, 0x000, 0x000, 0x040, 0x040, 0x040, 0x040, 0x040, 0x040, 0x000, 0x000, 0x000 } }, /* ㄒ */
	{ 0xA8D3, { 0x000, 0x000, 0x040, 0x040, 0x248, 0x248, 0x248, 0x040, 0x040, 0x3F8, 0x000, 0x000 } }, /* ㄓ */
	{ 0xA8D4, { 0x000, 0x000, 0x010, 0x060, 0x198, 0x020, 0x0C0, 0x200, 0x000, 0x000, 0x000, 0x000 } }, /* ㄔ */
	{ 0xA8D5, { 0x000, 0x000, 0x008, 0x008, 0x100, 0x100, 0x100, 0x000, 0x200, 0x000, 0x000, 0x000 } }, /* ㄕ */
	{ 0xA8D6, { 0x000, 0x000, 0x000, 0x110, 0x100, 0x100, 0x140, 0x100, 0x100, 0x1F0, 0x000, 0x000 } }, /* ㄖ */
	{ 0xA8D7, { 0x000, 0x000, 0x190, 0x000, 0x000, 0x010, 0x020, 0x000, 0x000, 0x000, 0x000, 0x000 } }, /* ㄗ */
	{ 0xA8D8, { 0x000, 0x000, 0x000, 0x080, 0x080, 0x080, 0x0F0, 0x010, 0x000, 0x020, 0x000, 0x000 } }, /* ㄘ */
	{ 0xA8D9, { 0x000, 0x000, 0x000, 0x080, 0x080, 0x000, 0x110, 0x010, 0x3E8, 0x000, 0x000, 0x000 } }, /* ㄙ */
	{ 0xA8DA, { 0x000, 0x000, 0x208, 0x110, 0x0A0, 0x040, 0x040, 0x040, 0x040, 0x040, 0x000, 0x000 } }, /* ㄚ */
	{ 0xA8DB, { 0x000, 0x000, 0x000, 0x040, 0x040, 0x040, 0x000, 0x000, 0x000, 0x1F8, 0x000, 0x000 } }, /* ㄛ */
	{ 0xA8DC, { 0x000, 0x000, 0x040, 0x040, 0x040, 0x040, 0x1C0, 0x000, 0x000, 0x1F8, 0x000, 0x000 } }, /* ㄜ */
	{ 0xA8DD, { 0x000, 0x000, 0x010, 0x010, 0x3F8, 0x020, 0x020, 0x020, 0x000, 0x0F0, 0x000, 0x000 } }, /* ㄝ */
	{ 0xA8DE, { 0x000, 0x000, 0x040, 0x040, 0x3F0, 0x000, 0x090, 0x110, 0x210, 0x000, 0x000, 0x000 } }, /* ㄞ */
	{ 0xA8DF, { 0x000, 0x180, 0x080, 0x000, 0x040, 0x040, 0x000, 0x020, 0x010, 0x000, 0x000, 0x000 } }, /* ㄟ */
	{ 0xA8E0, { 0x000, 0x000, 0x080, 0x010, 0x120, 0x3C0, 0x000, 0x010, 0x318, 0x308, 0x000, 0x000 } }, /* ㄠ */
	{ 0xA8E1, { 0x000, 0x000, 0x010, 0x010, 0x0A0, 0x040, 0x0A0, 0x110, 0x200, 0x000, 0x000, 0x000 } }, /* ㄡ */
	{ 0xA8E2, { 0x000, 0x000, 0x010, 0x110, 0x100, 0x008, 0x008, 0x010, 0x010, 0x000, 0x000, 0x000 } }, /* ㄢ */
	{ 0xA8E3, { 0x000, 0x000, 0x000, 0x000, 0x200, 0x3F0, 0x008, 0x010, 0x010, 0x000, 0x000, 0x000 } }, /* ㄣ */
	{ 0xA8E4, { 0x000, 0x000, 0x000, 0x000, 0x0E0, 0x0A0, 0x0A0, 0x020, 0x120, 0x218, 0x000, 0x000 } }, /* ㄤ */
	{ 0xA8E5, { 0x000, 0x000, 0x000, 0x040, 0x000, 0x080, 0x000, 0x100, 0x200, 0x000, 0x000, 0x000 } }, /* ㄥ */
	{ 0xA8E6, { 0x000, 0x000, 0x000, 0x000, 0x000, 0x000, 0x100, 0x100, 0x238, 0x000, 0x000, 0x000 } }, /* ㄦ */
	{ 0xA8E7, { 0x000, 0x000, 0x000, 0x040, 0x040, 0x040, 0x040, 0x040, 0x040, 0x000, 0x000, 0x000 } }, /* ㄧ */
	{ 0xA8E8, { 0x000, 0x000, 0x010, 0x010, 0x1A0, 0x040, 0x060, 0x090, 0x108, 0x200, 0x000, 0x000 } }, /* ㄨ */
	{ 0xA8E9, { 0x000, 0x000, 0x000, 0x208, 0x208, 0x208, 0x208, 0x208, 0x008, 0x000, 0x000, 0x000 } }, /* ㄩ */
	{ 0xA9A4, { 0x000, 0x000, 0x000, 0x000, 0x000, 0x000, 0x000, 0x000, 0x000, 0x000, 0x000, 0x000 } }, /* ─ */
	{ 0xA9A5, { 0x000, 0x000, 0x000, 0xFFE, 0xFFE, 0x000, 0x000, 0x000, 0x000, 0x000, 0x000, 0x000 } }, /* ━ */
	{ 0xA9A6, { 0x000, 0x040, 0x040, 0x040, 0x040, 0x040, 0x040, 0x040, 0x040, 0x040, 0x040, 0x000 } }, /* │ */
	{ 0xA9A7, { 0x000, 0x040, 0x040, 0x040, 0x040, 0x040, 0x040, 0x040, 0x040, 0x040, 0x040, 0x000 } }, /* ┃ */
	{ 0xA9A8, { 0x000, 0x000, 0x000, 0x000, 0x000, 0x000, 0x000, 0x000, 0x000, 0x000, 0x000, 0x000 } }, /* ┄ */
	{ 0xA9A9, { 0x000, 0x000, 0x000, 0xCE6, 0xCEE, 0x000, 0x000, 0x000, 0x000, 0x000, 0x000, 0x000 } }, /* ┅ */
	{ 0xA9AA, { 0x000, 0x040, 0x040, 0x000, 0x000, 0x040, 0x040, 0x000, 0x000, 0x040, 0x040, 0x000 } }, /* ┆ */
	{ 0xA9AB, { 0x000, 0x040, 0x040, 0x000, 0x000, 0x040, 0x040, 0x000, 0x000, 0x040, 0x040, 0x000 } }, /* ┇ */
	{ 0xA9AC, { 0x000, 0x000, 0x000, 0x000, 0x000, 0x000, 0x000, 0x000, 0x000, 0x000, 0x000, 0x000 } }, /* ┈ */
	{ 0xA9AD, { 0x000, 0x000, 0x000, 0xDB6, 0xDB6, 0x000, 0x000, 0x000, 0x000, 0x000, 0x000, 0x000 } }, /* ┉ */
	{ 0xA9AE, { 0x000, 0x040, 0x040, 0x000, 0x040, 0x040, 0x040, 0x040, 0x000, 0x040, 0x040, 0x000 } }, /* ┊ */
	{ 0xA9AF, { 0x000, 0x040, 0x040, 0x040, 0x040, 0x040, 0x040, 0x040, 0x040, 0x040, 0x040, 0x000 } }, /* ┋ */
	{ 0xA9B0, { 0x000, 0x000, 0x000, 0x040, 0x040, 0x040, 0x040, 0x040, 0x000, 0x000, 0x000, 0x000 } }, /* ┌ */
	{ 0xA9B1, { 0x000, 0x000, 0x07E, 0x07E, 0x040, 0x040, 0x040, 0x040, 0x000, 0x000, 0x000, 0x000 } }, /* ┍ */
	{ 0xA9B2, { 0x000, 0x000, 0x000, 0x060, 0x040, 0x040, 0x040, 0x040, 0x000, 0x000, 0x000, 0x000 } }, /* ┎ */
	{ 0xA9B3, { 0x000, 0x000, 0x07E, 0x07E, 0x040, 0x040, 0x040, 0x040, 0x000, 0x000, 0x000, 0x000 } }, /* ┏ */
	{ 0xA9B4, { 0x000, 0x000, 0x000, 0x040, 0x040, 0x040, 0x040, 0x040, 0x000, 0x000, 0x000, 0x000 } }, /* ┐ */
	{ 0xA9B5, { 0x000, 0x000, 0xFC0, 0xFC0, 0x040, 0x040, 0x040, 0x040, 0x000, 0x000, 0x000, 0x000 } }, /* ┑ */
	{ 0xA9B6, { 0x000, 0x000, 0x000, 0x0C0, 0x040, 0x040, 0x040, 0x040, 0x000, 0x000, 0x000, 0x000 } }, /* ┒ */
	{ 0xA9B7, { 0x000, 0x000, 0xFC0, 0xFC0, 0x040, 0x040, 0x040, 0x040, 0x000, 0x000, 0x000, 0x000 } }, /* ┓ */
	{ 0xA9B8, { 0x000, 0x000, 0x040, 0x040, 0x040, 0x040, 0x040, 0x000, 0x000, 0x000, 0x000, 0x000 } }, /* └ */
	{ 0xA9B9, { 0x000, 0x000, 0x040, 0x040, 0x040, 0x040, 0x07E, 0x07E, 0x000, 0x000, 0x000, 0x000 } }, /* ┕ */
	{ 0xA9BA, { 0x000, 0x000, 0x040, 0x040, 0x040, 0x040, 0x040, 0x000, 0x000, 0x000, 0x000, 0x000 } }, /* ┖ */
	{ 0xA9BB, { 0x000, 0x000, 0x040, 0x040, 0x040, 0x040, 0x07E, 0x07E, 0x000, 0x000, 0x000, 0x000 } }, /* ┗ */
	{ 0xA9BC, { 0x000, 0x000, 0x040, 0x040, 0x040, 0x040, 0x040, 0x000, 0x000, 0x000, 0x000, 0x000 } }, /* ┘ */
	{ 0xA9BD, { 0x000, 0x000, 0x040, 0x040, 0x040, 0x040, 0xFC0, 0xFC0, 0x000, 0x000, 0x000, 0x000 } }, /* ┙ */
	{ 0xA9BE, { 0x000, 0x000, 0x040, 0x040, 0x040, 0x040, 0x0C0, 0x000, 0x000, 0x000, 0x000, 0x000 } }, /* ┚ */
	{ 0xA9BF, { 0x000, 0x000, 0x040, 0x040, 0x040, 0x040, 0xFC0, 0xFC0, 0x000, 0x000, 0x000, 0x000 } }, /* ┛ */
	{ 0xA9C0, { 0x000, 0x040, 0x040, 0x040, 0x040, 0x040, 0x040, 0x040, 0x040, 0x040, 0x040, 0x000 } }, /* ├ */
	{ 0xA9C1, { 0x000, 0x040, 0x040, 0x040, 0x040, 0x07E, 0x07E, 0x040, 0x040, 0x040, 0x040, 0x000 } }, /* ┝ */
	{ 0xA9C2, { 0x000, 0x040, 0x040, 0x040, 0x040, 0x040, 0x040, 0x040, 0x040, 0x040, 0x040, 0x000 } }, /* ┞ */
	{ 0xA9C3, { 0x000, 0x040, 0x040, 0x040, 0x040, 0x040, 0x060, 0x040, 0x040, 0x040, 0x040, 0x000 } }, /* ┟ */
	{ 0xA9C4, { 0x000, 0x040, 0x040, 0x040, 0x040, 0x040, 0x060, 0x040, 0x040, 0x040, 0x040, 0x000 } }, /* ┠ */
	{ 0xA9C5, { 0x000, 0x040, 0x040, 0x040, 0x040, 0x07E, 0x07E, 0x040, 0x040, 0x040, 0x040, 0x000 } }, /* ┡ */
	{ 0xA9C6, { 0x000, 0x040, 0x040, 0x040, 0x040, 0x07E, 0x07E, 0x040, 0x040, 0x040, 0x040, 0x000 } }, /* ┢ */
	{ 0xA9C7, { 0x000, 0x040, 0x040, 0x040, 0x040, 0x07E, 0x07E, 0x040, 0x040, 0x040, 0x040, 0x000 } }, /* ┣ */
	{ 0xA9C8, { 0x000, 0x040, 0x040, 0x040, 0x040, 0x040, 0x040, 0x040, 0x040, 0x040, 0x040, 0x000 } }, /* ┤ */
	{ 0xA9C9, { 0x000, 0x040, 0x040, 0x040, 0x040, 0xFC0, 0xFC0, 0x040, 0x040, 0x040, 0x040, 0x000 } }, /* ┥ */
	{ 0xA9CA, { 0x000, 0x040, 0x040, 0x040, 0x040, 0x0C0, 0x040, 0x040, 0x040, 0x040, 0x040, 0x000 } }, /* ┦ */
	{ 0xA9CB, { 0x000, 0x040, 0x040, 0x040, 0x040, 0x040, 0x0C0, 0x040, 0x040, 0x040, 0x040, 0x000 } }, /* ┧ */
	{ 0xA9CC, { 0x000, 0x040, 0x040, 0x040, 0x040, 0x0C0, 0x0C0, 0x040, 0x040, 0x040, 0x040, 0x000 } }, /* ┨ */
	{ 0xA9CD, { 0x000, 0x040, 0x040, 0x040, 0x040, 0xFC0, 0xFC0, 0x040, 0x040, 0x040, 0x040, 0x000 } }, /* ┩ */
	{ 0xA9CE, { 0x000, 0x040, 0x040, 0x040, 0x040, 0xFC0, 0xFC0, 0x040, 0x040, 0x040, 0x040, 0x000 } }, /* ┪ */
	{ 0xA9CF, { 0x000, 0x040, 0x040, 0x040, 0x040, 0xFC0, 0xFC0, 0x040, 0x040, 0x040, 0x040, 0x000 } }, /* ┫ */
	{ 0xA9D0, { 0x000, 0x000, 0x000, 0x040, 0x040, 0x040, 0x040, 0x040, 0x000, 0x000, 0x000, 0x000 } }, /* ┬ */
	{ 0xA9D1, { 0x000, 0x000, 0xFC0, 0xFC0, 0x040, 0x040, 0x040, 0x040, 0x000, 0x000, 0x000, 0x000 } }, /* ┭ */
	{ 0xA9D2, { 0x000, 0x000, 0x07E, 0x07E, 0x040, 0x040, 0x040, 0x040, 0x000, 0x000, 0x000, 0x000 } }, /* ┮ */
	{ 0xA9D3, { 0x000, 0x000, 0xFFE, 0xFFE, 0x040, 0x040, 0x040, 0x040, 0x000, 0x000, 0x000, 0x000 } }, /* ┯ */
	{ 0xA9D4, { 0x000, 0x000, 0x000, 0x0E0, 0x040, 0x040, 0x040, 0x040, 0x000, 0x000, 0x000, 0x000 } }, /* ┰ */
	{ 0xA9D5, { 0x000, 0x000, 0xFC0, 0xFE0, 0x040, 0x040, 0x040, 0x040, 0x000, 0x000, 0x000, 0x000 } }, /* ┱ */
	{ 0xA9D6, { 0x000, 0x000, 0x07E, 0x0FE, 0x040, 0x040, 0x040, 0x040, 0x000, 0x000, 0x000, 0x000 } }, /* ┲ */
	{ 0xA9D7, { 0x000, 0x000, 0xFFE, 0xFFE, 0x040, 0x040, 0x040, 0x040, 0x000, 0x000, 0x000, 0x000 } }, /* ┳ */
	{ 0xA9D8, { 0x000, 0x000, 0x040, 0x040, 0x040, 0x040, 0x040, 0x000, 0x000, 0x000, 0x000, 0x000 } }, /* ┴ */
	{ 0xA9D9, { 0x000, 0x000, 0x040, 0x040, 0x040, 0x040, 0xFC0, 0xFC0, 0x000, 0x000, 0x000, 0x000 } }, /* ┵ */
	{ 0xA9DA, { 0x000, 0x000, 0x040, 0x040, 0x040, 0x040, 0x07E, 0x07E, 0x000, 0x000, 0x000, 0x000 } }, /* ┶ */
	{ 0xA9DB, { 0x000, 0x000, 0x040, 0x040, 0x040, 0x040, 0xFFE, 0xFFE, 0x000, 0x000, 0x000, 0x000 } }, /* ┷ */
	{ 0xA9DC, { 0x000, 0x000, 0x040, 0x040, 0x040, 0x040, 0x0C0, 0x000, 0x000, 0x000, 0x000, 0x000 } }, /* ┸ */
	{ 0xA9DD, { 0x000, 0x000, 0x040, 0x040, 0x040, 0x040, 0xFC0, 0xFC0, 0x000, 0x000, 0x000, 0x000 } }, /* ┹ */
	{ 0xA9DE, { 0x000, 0x000, 0x040, 0x040, 0x040, 0x040, 0x0FE, 0x07E, 0x000, 0x000, 0x000, 0x000 } }, /* ┺ */
	{ 0xA9DF, { 0x000, 0x000, 0x040, 0x040, 0x040, 0x040, 0xFFE, 0xFFE, 0x000, 0x000, 0x000, 0x000 } }, /* ┻ */
	{ 0xA9E0, { 0x000, 0x040, 0x040, 0x040, 0x040, 0x040, 0x040, 0x040, 0x040, 0x040, 0x040, 0x000 } }, /* ┼ */
	{ 0xA9E1, { 0x000, 0x040, 0x040, 0x040, 0x040, 0xFC0, 0xFC0, 0x040, 0x040, 0x040, 0x040, 0x000 } }, /* ┽ */
	{ 0xA9E2, { 0x000, 0x040, 0x040, 0x040, 0x040, 0x07E, 0x07E, 0x040, 0x040, 0x040, 0x040, 0x000 } }, /* ┾ */
	{ 0xA9E3, { 0x000, 0x040, 0x040, 0x040, 0x040, 0xFFE, 0xFFE, 0x040, 0x040, 0x040, 0x040, 0x000 } }, /* ┿ */
	{ 0xA9E4, { 0x000, 0x040, 0x040, 0x040, 0x040, 0x0C0, 0x040, 0x040, 0x040, 0x040, 0x040, 0x000 } }, /* ╀ */
	{ 0xA9E5, { 0x000, 0x040, 0x040, 0x040, 0x040, 0x040, 0x0E0, 0x040, 0x040, 0x040, 0x040, 0x000 } }, /* ╁ */
	{ 0xA9E6, { 0x000, 0x040, 0x040, 0x040, 0x040, 0x0C0, 0x0E0, 0x040, 0x040, 0x040, 0x040, 0x000 } }, /* ╂ */
	{ 0xA9E7, { 0x000, 0x040, 0x040, 0x040, 0x040, 0xFC0, 0xFC0, 0x040, 0x040, 0x040, 0x040, 0x000 } }, /* ╃ */
	{ 0xA9E8, { 0x000, 0x040, 0x040, 0x040, 0x040, 0x0FE, 0x07E, 0x040, 0x040, 0x040, 0x040, 0x000 } }, /* ╄ */
	{ 0xA9E9, { 0x000, 0x040, 0x040, 0x040, 0x040, 0xFC0, 0xFE0, 0x040, 0x040, 0x040, 0x040, 0x000 } }, /* ╅ */
	{ 0xA9EA, { 0x000, 0x040, 0x040, 0x040, 0x040, 0x07E, 0x0FE, 0x040, 0x040, 0x040, 0x040, 0x000 } }, /* ╆ */
	{ 0xA9EB, { 0x000, 0x040, 0x040, 0x040, 0x040, 0xFFE, 0xFFE, 0x040, 0x040, 0x040, 0x040, 0x000 } }, /* ╇ */
	{ 0xA9EC, { 0x000, 0x040, 0x040, 0x040, 0x040, 0xFFE, 0xFFE, 0x040, 0x040, 0x040, 0x040, 0x000 } }, /* ╈ */
	{ 0xA9ED, { 0x000, 0x040, 0x040, 0x040, 0x040, 0xFC0, 0xFE0, 0x040, 0x040, 0x040, 0x040, 0x000 } }, /* ╉ */
	{ 0xA9EE, { 0x000, 0x040, 0x040, 0x040, 0x040, 0x0FE, 0x0FE, 0x040, 0x040, 0x040, 0x040, 0x000 } }, /* ╊ */
	{ 0xA9EF, { 0x000, 0x040, 0x040, 0x040, 0x040, 0xFFE, 0xFFE, 0x040, 0x040, 0x040, 0x040, 0x000 } }, /* ╋ */
	{ 0xB0A1, { 0x000, 0x000, 0x644, 0x244, 0x22C, 0x2AC, 0x26C, 0x66C, 0x6C4, 0x004, 0x00C, 0x000 } }, /* 啊 */
	{ 0xB0A2, { 0x000, 0x504, 0x404, 0x654, 0x454, 0x554, 0x574, 0x704, 0x404, 0x408, 0x000, 0x000 } }, /* 阿 */
	{ 0xB0A3, { 0x000, 0x020, 0x248, 0x2FC, 0x740, 0x278, 0x2A0, 0x2FC, 0x730, 0x048, 0x084, 0x000 } }, /* 埃 */
	{ 0xB0A4, { 0x000, 0x220, 0x248, 0x7FC, 0x240, 0x278, 0x380, 0x2FC, 0x230, 0x248, 0x684, 0x000 } }, /* 挨 */
	{ 0xB0A5, { 0x040, 0x758, 0x148, 0x100, 0x108, 0x148, 0x730, 0x130, 0x048, 0x184, 0x000, 0x000 } }, /* 哎 */
	{ 0xB0A6, { 0x000, 0x020, 0x748, 0x54C, 0x540, 0x578, 0x580, 0x7FC, 0x430, 0x048, 0x084, 0x000 } }, /* 唉 */
	{ 0xB0A7, { 0x000, 0x040, 0x7FC, 0x000, 0x308, 0x208, 0x1E0, 0x128, 0x330, 0x190, 0x104, 0x000 } }, /* 哀 */
	{ 0xB0A8, { 0x000, 0x210, 0x214, 0x754, 0x500, 0x57C, 0x704, 0x57C, 0x540, 0x540, 0x07C, 0x000 } }, /* 皑 */
	{ 0xB0A9, { 0x000, 0x020, 0x3FC, 0x278, 0x608, 0x200, 0x7D4, 0x2DC, 0x220, 0x024, 0x4FC, 0x000 } }, /* 癌 */
	{ 0xB0AA, { 0x110, 0x7FC, 0x010, 0x288, 0x0C8, 0x240, 0x2FC, 0x234, 0x384, 0x20C, 0x000, 0x000 } }, /* 蔼 */
	{ 0xB0AB, { 0x008, 0x450, 0x77C, 0x238, 0x254, 0x220, 0x2FC, 0x368, 0x438, 0x0E4, 0x000, 0x000 } }, /* 矮 */
	{ 0xB0AC, { 0x000, 0x1B0, 0x1B0, 0x010, 0x110, 0x110, 0x0A0, 0x040, 0x1B0, 0x60C, 0x000, 0x000 } }, /* 艾 */
	{ 0xB0AD, { 0x000, 0x744, 0x07C, 0x444, 0x500, 0x508, 0x17C, 0x308, 0x528, 0x018, 0x000, 0x000 } }, /* 碍 */
	{ 0xB0AE, { 0x018, 0x3C8, 0x048, 0x7FC, 0x484, 0x3F8, 0x180, 0x290, 0x460, 0x39C, 0x000, 0x000 } }, /* 爱 */
	{ 0xB0AF, { 0x000, 0x048, 0x548, 0x4FC, 0x600, 0x64C, 0x580, 0x5FC, 0x6A4, 0x4A4, 0x4FC, 0x000 } }, /* 隘 */
	{ 0xB0B0, { 0x000, 0x010, 0x790, 0x044, 0x310, 0x790, 0x4AC, 0x320, 0x7B8, 0x01C, 0x060, 0x000 } }, /* 鞍 */
	{ 0xB0B1, { 0x000, 0x3F8, 0x5F8, 0x3F8, 0x088, 0x318, 0x188, 0x148, 0x1C4, 0x324, 0x000, 0x000 } }, /* 氨 */
	{ 0xB0B2, { 0x000, 0x040, 0x040, 0x60C, 0x080, 0x080, 0x110, 0x110, 0x0E0, 0x0D8, 0x704, 0x000 } }, /* 安 */
	{ 0xB0B3, { 0x020, 0x2FC, 0x240, 0x6A8, 0x3FC, 0x2A8, 0x2A8, 0x2F8, 0x220, 0x21C, 0x000, 0x000 } }, /* 俺 */
	{ 0xB0B4, { 0x000, 0x200, 0x210, 0x6C4, 0x220, 0x220, 0x36C, 0x248, 0x270, 0x238, 0x6C4, 0x000 } }, /* 按 */
	{ 0xB0B5, { 0x000, 0x020, 0x730, 0x548, 0x508, 0x7FC, 0x578, 0x540, 0x778, 0x540, 0x048, 0x000 } }, /* 暗 */
	{ 0xB0B6, { 0x040, 0x244, 0x3F8, 0x000, 0x200, 0x1F8, 0x420, 0x7FC, 0x420, 0x420, 0x000, 0x000 } }, /* 岸 */
	{ 0xB0B7, { 0x010, 0x710, 0x544, 0x710, 0x520, 0x56C, 0x548, 0x530, 0x518, 0x144, 0x000, 0x000 } }, /* 胺 */
	{ 0xB0B8, { 0x000, 0x040, 0x3FC, 0x080, 0x110, 0x1E0, 0x3D8, 0x044, 0x0E0, 0x158, 0x444, 0x000 } }, /* 案 */
	{ 0xB0B9, { 0x000, 0x710, 0x57C, 0x700, 0x538, 0x508, 0x508, 0x548, 0x548, 0x18C, 0x000, 0x000 } }, /* 肮 */
	{ 0xB0BA, { 0x3F8, 0x208, 0x3F8, 0x208, 0x080, 0x73C, 0x424, 0x4A4, 0x72C, 0x020, 0x000, 0x000 } }, /* 昂 */
	{ 0xB0BB, { 0x000, 0x040, 0x3F8, 0x248, 0x2C8, 0x0B0, 0x20C, 0x3F8, 0x2A8, 0x2A8, 0x7FC, 0x000 } }, /* 盎 */
	{ 0xB0BC, { 0x000, 0x7BC, 0x4A4, 0x4A4, 0x4A4, 0x4E4, 0x404, 0x404, 0x7FC, 0x404, 0x000, 0x000 } }, /* 凹 */
	{ 0xB0BD, { 0x110, 0x7C0, 0x13C, 0x3E0, 0x160, 0x208, 0x398, 0x218, 0x4B8, 0x544, 0x000, 0x000 } }, /* 敖 */
	{ 0xB0BE, { 0x110, 0x7C0, 0x13C, 0x120, 0x218, 0x398, 0x498, 0x024, 0x2A4, 0x484, 0x000, 0x000 } }, /* 熬 */
	{ 0xB0BF, { 0x000, 0x200, 0x7BC, 0x484, 0x4DC, 0x22C, 0x784, 0x4BC, 0x504, 0x304, 0x024, 0x000 } }, /* 翱 */
	{ 0xB0C0, { 0x200, 0x078, 0x710, 0x110, 0x2FC, 0x710, 0x2A8, 0x228, 0x244, 0x284, 0x000, 0x000 } }, /* 袄 */
	{ 0xB0C1, { 0x200, 0x2D0, 0x09C, 0x4E4, 0x4F4, 0x090, 0x0C8, 0x008, 0x15C, 0x224, 0x000, 0x000 } }, /* 傲 */
	{ 0xB0C2, { 0x000, 0x040, 0x3F8, 0x040, 0x2E0, 0x0E0, 0x350, 0x040, 0x7FC, 0x0B0, 0x60C, 0x000 } }, /* 奥 */
	{ 0xB0C3, { 0x000, 0x020, 0x2FC, 0x2C4, 0x7F4, 0x2B4, 0x2DC, 0x284, 0x2FC, 0x230, 0x38C, 0x000 } }, /* 懊 */
	{ 0xB0C4, { 0x000, 0x000, 0x2FC, 0x064, 0x464, 0x274, 0x0E4, 0x204, 0x1FC, 0x450, 0x18C, 0x000 } }, /* 澳 */
	{ 0xB0C5, { 0x000, 0x000, 0x1B0, 0x110, 0x110, 0x248, 0x248, 0x3F8, 0x200, 0x204, 0x3FC, 0x000 } }, /* 芭 */
	{ 0xB0C6, { 0x200, 0x2A4, 0x6AC, 0x2EC, 0x20C, 0x6EC, 0x22C, 0x2A4, 0x2A4, 0x54C, 0x000, 0x000 } }, /* 捌 */
	{ 0xB0C7, { 0x000, 0x200, 0x208, 0x748, 0x248, 0x248, 0x348, 0x248, 0x200, 0x284, 0x600, 0x000 } }, /* 扒 */
	{ 0xB0C8, { 0x000, 0x000, 0x708, 0x508, 0x508, 0x548, 0x548, 0x748, 0x444, 0x084, 0x000, 0x000 } }, /* 叭 */
	{ 0xB0C9, { 0x000, 0x000, 0x754, 0x514, 0x514, 0x554, 0x57C, 0x700, 0x500, 0x044, 0x07C, 0x000 } }, /* 吧 */
	{ 0xB0CA, { 0x000, 0x210, 0x3BC, 0x528, 0x040, 0x3F8, 0x248, 0x3F8, 0x200, 0x204, 0x3FC, 0x000 } }, /* 笆 */
	{ 0xB0CB, { 0x000, 0x000, 0x000, 0x100, 0x110, 0x110, 0x110, 0x208, 0x208, 0x404, 0x004, 0x000 } }, /* 八 */
	{ 0xB0CC, { 0x000, 0x000, 0x060, 0x200, 0x6F8, 0x2A4, 0x2A4, 0x2FC, 0x280, 0x084, 0x4FC, 0x000 } }, /* 疤 */
	{ 0xB0CD, { 0x000, 0x000, 0x7F8, 0x448, 0x448, 0x648, 0x608, 0x400, 0x400, 0x004, 0x3FC, 0x000 } }, /* 巴 */
	{ 0xB0CE, { 0x220, 0x228, 0x76C, 0x220, 0x278, 0x768, 0x268, 0x290, 0x238, 0x644, 0x000, 0x000 } }, /* 拔 */
	{ 0xB0CF, { 0x020, 0x528, 0x4A0, 0x720, 0x038, 0x560, 0x468, 0x418, 0x7B8, 0x044, 0x000, 0x000 } }, /* 跋 */
	{ 0xB0D0, { 0x000, 0x7BC, 0x404, 0x304, 0x784, 0x4BC, 0x300, 0x780, 0x022, 0x03C, 0x000, 0x000 } }, /* 靶 */
	{ 0xB0D1, { 0x200, 0x27C, 0x754, 0x254, 0x254, 0x27C, 0x240, 0x240, 0x240, 0x67C, 0x000, 0x000 } }, /* 把 */
	{ 0xB0D2, { 0x000, 0x37C, 0x254, 0x754, 0x054, 0x7FC, 0x340, 0x6C0, 0x040, 0x03C, 0x000, 0x000 } }, /* 耙 */
	{ 0xB0D3, { 0x200, 0x27C, 0x244, 0x754, 0x254, 0x254, 0x244, 0x620, 0x04C, 0x084, 0x000, 0x000 } }, /* 坝 */
	{ 0xB0D4, { 0x3F8, 0x040, 0x044, 0x040, 0x798, 0x3A4, 0x124, 0x5BC, 0x7A4, 0x108, 0x000, 0x000 } }, /* 霸 */
	{ 0xB0D5, { 0x000, 0x2A8, 0x0A0, 0x040, 0x3F8, 0x040, 0x7FC, 0x090, 0x118, 0x388, 0x000, 0x000 } }, /* 罢 */
	{ 0xB0D6, { 0x000, 0x000, 0x318, 0x4A4, 0x0E0, 0x71C, 0x3F8, 0x248, 0x3F8, 0x200, 0x1FC, 0x000 } }, /* 爸 */
	{ 0xB0D7, { 0x000, 0x080, 0x080, 0x3FC, 0x200, 0x200, 0x3F8, 0x200, 0x200, 0x3FC, 0x200, 0x000 } }, /* 白 */
	{ 0xB0D8, { 0x210, 0x220, 0x77C, 0x244, 0x344, 0x77C, 0x644, 0x244, 0x27C, 0x244, 0x000, 0x000 } }, /* 柏 */
	{ 0xB0D9, { 0x000, 0x040, 0x000, 0x3F8, 0x208, 0x208, 0x208, 0x208, 0x3F8, 0x208, 0x000, 0x000 } }, /* 百 */
	{ 0xB0DA, { 0x000, 0x2FC, 0x6A4, 0x2FC, 0x200, 0x630, 0x2B4, 0x228, 0x24C, 0x4E4, 0x000, 0x000 } }, /* 摆 */
	{ 0xB0DB, { 0x000, 0x2FC, 0x220, 0x678, 0x684, 0x284, 0x2FC, 0x284, 0x2FC, 0x284, 0x000, 0x000 } }, /* 佰 */
	{ 0xB0DC, { 0x010, 0x790, 0x43C, 0x520, 0x560, 0x508, 0x418, 0x218, 0x498, 0x044, 0x000, 0x000 } }, /* 败 */
	{ 0xB0DD, { 0x000, 0x73C, 0x010, 0x790, 0x010, 0x310, 0x310, 0x210, 0x210, 0x410, 0x000, 0x000 } }, /* 拜 */
	{ 0xB0DE, { 0x000, 0x000, 0x77C, 0x254, 0x77C, 0x254, 0x37C, 0x628, 0x2FC, 0x208, 0x208, 0x000 } }, /* 稗 */
	{ 0xB0DF, { 0x000, 0x000, 0x75C, 0x2E8, 0x228, 0x688, 0x248, 0x248, 0x268, 0x688, 0x11C, 0x000 } }, /* 斑 */
	{ 0xB0E0, { 0x000, 0x73C, 0x208, 0x288, 0x288, 0x288, 0x248, 0x248, 0x688, 0x080, 0x000, 0x000 } }, /* 班 */
	{ 0xB0E1, { 0x000, 0x0DC, 0x794, 0x0F4, 0x2A0, 0x6B4, 0x0D4, 0x048, 0x108, 0x574, 0x000, 0x000 } }, /* 搬 */
	{ 0xB0E2, { 0x200, 0x270, 0x240, 0x27C, 0x260, 0x768, 0x208, 0x290, 0x2B8, 0x744, 0x000, 0x000 } }, /* 扳 */
	{ 0xB0E3, { 0x000, 0x328, 0x4A8, 0x5AC, 0x480, 0x7AC, 0x4A8, 0x598, 0x498, 0x1E4, 0x000, 0x000 } }, /* 般 */
	{ 0xB0E4, { 0x000, 0x210, 0x490, 0x4E4, 0x784, 0x294, 0x294, 0x294, 0x5A8, 0x444, 0x000, 0x000 } }, /* 颁 */
	{ 0xB0E5, { 0x200, 0x270, 0x740, 0x27C, 0x260, 0x768, 0x658, 0x210, 0x298, 0x264, 0x000, 0x000 } }, /* 板 */
	{ 0xB0E6, { 0x104, 0x560, 0x540, 0x7FC, 0x464, 0x740, 0x558, 0x558, 0x598, 0x024, 0x000, 0x000 } }, /* 版 */
	{ 0xB0E7, { 0x200, 0x208, 0x248, 0x204, 0x2BC, 0x628, 0x228, 0x208, 0x248, 0x490, 0x000, 0x000 } }, /* 扮 */
	{ 0xB0E8, { 0x200, 0x214, 0x754, 0x210, 0x2FC, 0x310, 0x2B4, 0x210, 0x210, 0x610, 0x000, 0x000 } }, /* 拌 */
	{ 0xB0E9, { 0x000, 0x2A4, 0x268, 0x620, 0x6FC, 0x220, 0x2FC, 0x220, 0x220, 0x220, 0x000, 0x000 } }, /* 伴 */
	{ 0xB0EA, { 0x000, 0x008, 0x2E0, 0x0F4, 0x4F4, 0x6FC, 0x2A8, 0x728, 0x068, 0x578, 0x408, 0x000 } }, /* 瓣 */
	{ 0xB0EB, { 0x000, 0x040, 0x248, 0x358, 0x040, 0x7F8, 0x040, 0x7FC, 0x040, 0x040, 0x040, 0x000 } }, /* 半 */
	{ 0xB0EC, { 0x080, 0x080, 0x2F0, 0x090, 0x098, 0x494, 0x494, 0x110, 0x310, 0x460, 0x000, 0x000 } }, /* 办 */
	{ 0xB0ED, { 0x010, 0x254, 0x054, 0x510, 0x27C, 0x210, 0x77C, 0x010, 0x710, 0x010, 0x000, 0x000 } }, /* 绊 */
	{ 0xB0EE, { 0x100, 0x13C, 0x7E4, 0x100, 0x7C8, 0x104, 0x7E4, 0x104, 0x200, 0x420, 0x000, 0x000 } }, /* 邦 */
	{ 0xB0EF, { 0x100, 0x7D4, 0x108, 0x104, 0x7C4, 0x200, 0x7F8, 0x240, 0x248, 0x040, 0x000, 0x000 } }, /* 帮 */
	{ 0xB0F0, { 0x240, 0x24C, 0x7F4, 0x244, 0x3F4, 0x644, 0x2F0, 0x244, 0x280, 0x280, 0x000, 0x000 } }, /* 梆 */
	{ 0xB0F1, { 0x000, 0x210, 0x27C, 0x728, 0x27C, 0x210, 0x7FC, 0x620, 0x228, 0x240, 0x218, 0x000 } }, /* 榜 */
	{ 0xB0F2, { 0x000, 0x010, 0x57C, 0x528, 0x77C, 0x510, 0x5FC, 0x520, 0x52C, 0x540, 0x198, 0x000 } }, /* 膀 */
	{ 0xB0F3, { 0x040, 0x25C, 0x0F4, 0x554, 0x2F8, 0x254, 0x6F0, 0x054, 0x610, 0x090, 0x000, 0x000 } }, /* 绑 */
	{ 0xB0F4, { 0x200, 0x27C, 0x320, 0x220, 0x6FC, 0x748, 0xAFC, 0x220, 0x230, 0x200, 0x000, 0x000 } }, /* 棒 */
	{ 0xB0F5, { 0x000, 0x010, 0x77C, 0x228, 0x47C, 0x710, 0x57C, 0x520, 0x728, 0x440, 0x048, 0x000 } }, /* 磅 */
	{ 0xB0F6, { 0x000, 0x210, 0x210, 0x790, 0x490, 0x6BC, 0x690, 0x010, 0x390, 0x690, 0x010, 0x000 } }, /* 蚌 */
	{ 0xB0F7, { 0x000, 0x210, 0x27C, 0x428, 0x47C, 0x210, 0x27C, 0x220, 0x228, 0x340, 0x248, 0x000 } }, /* 镑 */
	{ 0xB0F8, { 0x000, 0x020, 0x2FC, 0x240, 0x6FC, 0x6A0, 0x2FC, 0x240, 0x248, 0x248, 0x298, 0x000 } }, /* 傍 */
	{ 0xB0F9, { 0x000, 0x020, 0x0FC, 0x048, 0x4FC, 0x220, 0x2FC, 0x240, 0x248, 0x248, 0x098, 0x000 } }, /* 谤 */
	{ 0xB0FA, { 0x000, 0x000, 0x7FC, 0x100, 0x1F8, 0x208, 0x7E8, 0x228, 0x308, 0x204, 0x1FC, 0x000 } }, /* 苞 */
	{ 0xB0FB, { 0x000, 0x020, 0x520, 0x444, 0x7C4, 0x454, 0x544, 0x574, 0x440, 0x440, 0x13C, 0x000 } }, /* 胞 */
	{ 0xB0FC, { 0x000, 0x100, 0x3F8, 0x208, 0x7C8, 0x228, 0x228, 0x3C8, 0x218, 0x204, 0x1FC, 0x000 } }, /* 包 */
	{ 0xB0FD, { 0x000, 0x040, 0x200, 0x2F8, 0x688, 0x620, 0x2F8, 0x2AC, 0x0A8, 0x710, 0x084, 0x000 } }, /* 褒 */
	{ 0xB0FE, { 0x004, 0x044, 0x3D4, 0x054, 0x194, 0x454, 0x1D4, 0x244, 0x004, 0x10C, 0x000, 0x000 } }, /* 剥 */
	{ 0xB1A1, { 0x110, 0x7FC, 0x028, 0x220, 0x0A8, 0x0A8, 0x0F8, 0x2B8, 0x488, 0x018, 0x000, 0x000 } }, /* 薄 */
	{ 0xB1A2, { 0x000, 0x3F8, 0x040, 0x554, 0x040, 0x100, 0x3F8, 0x7E8, 0x228, 0x204, 0x1FC, 0x000 } }, /* 雹 */
	{ 0xB1A3, { 0x000, 0x000, 0x208, 0x200, 0x678, 0x620, 0x2FC, 0x270, 0x2A8, 0x3A4, 0x220, 0x000 } }, /* 保 */
	{ 0xB1A4, { 0x000, 0x278, 0x288, 0x6F8, 0x620, 0x270, 0x2A8, 0x004, 0x3F8, 0x040, 0x7FC, 0x000 } }, /* 堡 */
	{ 0xB1A5, { 0x000, 0x220, 0x020, 0x544, 0x1C4, 0x054, 0x054, 0x074, 0x340, 0x240, 0x03C, 0x000 } }, /* 饱 */
	{ 0xB1A6, { 0x000, 0x040, 0x7FC, 0x404, 0x118, 0x040, 0x040, 0x3F8, 0x050, 0x048, 0x7FC, 0x000 } }, /* 宝 */
	{ 0xB1A7, { 0x200, 0x240, 0x744, 0x2C4, 0x254, 0x654, 0x274, 0x248, 0x244, 0x67C, 0x000, 0x000 } }, /* 抱 */
	{ 0xB1A8, { 0x200, 0x248, 0x740, 0x258, 0x27C, 0x760, 0x258, 0x258, 0x258, 0x664, 0x000, 0x000 } }, /* 报 */
	{ 0xB1A9, { 0x3F8, 0x208, 0x208, 0x1B0, 0x1B0, 0x7FC, 0x358, 0x574, 0x350, 0x0C0, 0x000, 0x000 } }, /* 暴 */
	{ 0xB1AA, { 0x000, 0x190, 0x220, 0x5BC, 0x320, 0x544, 0x294, 0x594, 0x204, 0x484, 0x10C, 0x000 } }, /* 豹 */
	{ 0xB1AB, { 0x000, 0x020, 0x720, 0x544, 0x7C4, 0x4B4, 0x784, 0x4B4, 0x780, 0x080, 0x43C, 0x000 } }, /* 鲍 */
	{ 0xB1AC, { 0x27C, 0x244, 0x344, 0x668, 0x27C, 0x2FC, 0x348, 0x0D4, 0x478, 0x024, 0x000, 0x000 } }, /* 爆 */
	{ 0xB1AD, { 0x000, 0x000, 0x07C, 0x710, 0x210, 0x338, 0x7F4, 0x4D4, 0x010, 0x010, 0x010, 0x000 } }, /* 杯 */
	{ 0xB1AE, { 0x000, 0x010, 0x77C, 0x254, 0x07C, 0x754, 0x57C, 0x120, 0x37C, 0x108, 0x008, 0x000 } }, /* 碑 */
	{ 0xB1AF, { 0x000, 0x0A0, 0x7BC, 0x0A0, 0x7BC, 0x0A0, 0x0A0, 0x000, 0x544, 0x504, 0x0F0, 0x000 } }, /* 悲 */
	{ 0xB1B0, { 0x000, 0x080, 0x3F8, 0x248, 0x3F8, 0x288, 0x3F8, 0x120, 0x7FC, 0x020, 0x020, 0x000 } }, /* 卑 */
	{ 0xB1B1, { 0x000, 0x020, 0x0A0, 0x0A0, 0x7AC, 0x0B0, 0x0A0, 0x0A0, 0x1A0, 0x6A4, 0x01C, 0x000 } }, /* 北 */
	{ 0xB1B2, { 0x0A0, 0x0A0, 0x3B8, 0x7BC, 0x080, 0x7FC, 0x340, 0x040, 0x7FC, 0x040, 0x000, 0x000 } }, /* 辈 */
	{ 0xB1B3, { 0x0A0, 0x7B8, 0x0A0, 0x7B4, 0x000, 0x208, 0x3F8, 0x208, 0x208, 0x218, 0x000, 0x000 } }, /* 背 */
	{ 0xB1B4, { 0x000, 0x208, 0x208, 0x248, 0x248, 0x248, 0x248, 0x090, 0x108, 0x604, 0x000, 0x000 } }, /* 贝 */
	{ 0xB1B5, { 0x200, 0x27C, 0x444, 0x454, 0x254, 0x254, 0x254, 0x200, 0x32C, 0x2C4, 0x000, 0x000 } }, /* 钡 */
	{ 0xB1B6, { 0x000, 0x120, 0x230, 0x248, 0x648, 0x6FC, 0x200, 0x2F8, 0x280, 0x2F8, 0x280, 0x000 } }, /* 倍 */
	{ 0xB1B7, { 0x500, 0x244, 0x644, 0x154, 0x154, 0x354, 0x554, 0x128, 0x16C, 0x680, 0x000, 0x000 } }, /* 狈 */
	{ 0xB1B8, { 0x000, 0x000, 0x1F0, 0x310, 0x0E0, 0x1F0, 0x718, 0x248, 0x3F8, 0x248, 0x3F8, 0x000 } }, /* 备 */
	{ 0xB1B9, { 0x000, 0x080, 0x1F0, 0x0A0, 0x1B8, 0x3F8, 0x3F8, 0x248, 0x040, 0x544, 0x1F0, 0x000 } }, /* 惫 */
	{ 0xB1BA, { 0x000, 0x210, 0x210, 0x200, 0x728, 0x27C, 0x200, 0x27C, 0x144, 0x47C, 0x044, 0x000 } }, /* 焙 */
	{ 0xB1BB, { 0x000, 0x210, 0x010, 0x754, 0x250, 0x278, 0x768, 0x228, 0x290, 0x2B8, 0x244, 0x000 } }, /* 被 */
	{ 0xB1BC, { 0x000, 0x040, 0x7FC, 0x090, 0x358, 0x5F4, 0x040, 0x110, 0x59C, 0x110, 0x610, 0x000 } }, /* 奔 */
	{ 0xB1BD, { 0x000, 0x7FC, 0x010, 0x040, 0x7FC, 0x0E0, 0x150, 0x258, 0x444, 0x040, 0x000, 0x000 } }, /* 苯 */
	{ 0xB1BE, { 0x040, 0x040, 0x7FC, 0x0E0, 0x0E0, 0x150, 0x248, 0x7F4, 0x040, 0x040, 0x000, 0x000 } }, /* 本 */
	{ 0xB1BF, { 0x000, 0x220, 0x3BC, 0x408, 0x040, 0x7FC, 0x060, 0x150, 0x25C, 0x440, 0x040, 0x000 } }, /* 笨 */
	{ 0xB1C0, { 0x000, 0x040, 0x244, 0x000, 0x3BC, 0x4A4, 0x7BC, 0x4A4, 0x7BC, 0x4A4, 0x54C, 0x000 } }, /* 崩 */
	{ 0xB1C1, { 0x200, 0x4FC, 0x4B4, 0x6FC, 0x2B4, 0x4B4, 0x4B4, 0x0B4, 0x534, 0x154, 0x000, 0x000 } }, /* 绷 */
	{ 0xB1C2, { 0x7FC, 0x040, 0x1D8, 0x644, 0x3F8, 0x248, 0x3F8, 0x3F8, 0x248, 0x448, 0x000, 0x000 } }, /* 甭 */
	{ 0xB1C3, { 0x000, 0x080, 0x1F8, 0x308, 0x5F8, 0x040, 0x7E8, 0x150, 0x248, 0x4C4, 0x000, 0x000 } }, /* 泵 */
	{ 0xB1C4, { 0x010, 0x514, 0x500, 0x76C, 0x220, 0x7EC, 0x6AC, 0x6AC, 0x7B0, 0x034, 0x000, 0x000 } }, /* 蹦 */
	{ 0xB1C5, { 0x000, 0x008, 0x450, 0x0FC, 0x040, 0x658, 0x258, 0x240, 0x280, 0x780, 0x4FC, 0x000 } }, /* 迸 */
	{ 0xB1C6, { 0x000, 0x4FC, 0x400, 0x088, 0x0F8, 0x4FC, 0x024, 0x0FC, 0x0B4, 0x600, 0x4FC, 0x000 } }, /* 逼 */
	{ 0xB1C7, { 0x000, 0x3F8, 0x208, 0x208, 0x208, 0x3F8, 0x64C, 0x64C, 0x000, 0x110, 0x610, 0x000 } }, /* 鼻 */
	{ 0xB1C8, { 0x000, 0x000, 0x400, 0x404, 0x638, 0x420, 0x400, 0x400, 0x480, 0x624, 0x038, 0x000 } }, /* 比 */
	{ 0xB1C9, { 0x7DC, 0x454, 0x7D4, 0x7D8, 0x114, 0x5D4, 0x7D2, 0x7D4, 0x7D0, 0x410, 0x000, 0x000 } }, /* 鄙 */
	{ 0xB1CA, { 0x000, 0x210, 0x3BC, 0x428, 0x038, 0x2C0, 0x3F8, 0x040, 0x7FC, 0x040, 0x07C, 0x000 } }, /* 笔 */
	{ 0xB1CB, { 0x000, 0x010, 0x230, 0x4B4, 0x190, 0x2F8, 0x688, 0x2A8, 0x2B0, 0x338, 0x244, 0x000 } }, /* 彼 */
	{ 0xB1CC, { 0x000, 0x010, 0x13C, 0x3A4, 0x124, 0x73C, 0x400, 0x100, 0x3F8, 0x508, 0x1F8, 0x000 } }, /* 碧 */
	{ 0xB1CD, { 0x000, 0x110, 0x7FC, 0x0C0, 0x5B8, 0x4E0, 0x7F8, 0x420, 0x7B8, 0x420, 0x73C, 0x000 } }, /* 蓖 */
	{ 0xB1CE, { 0x000, 0x120, 0x7FC, 0x100, 0x550, 0x7DC, 0x560, 0x7D0, 0x7D8, 0x558, 0x524, 0x000 } }, /* 蔽 */
	{ 0xB1CF, { 0x020, 0x228, 0x3B0, 0x220, 0x3A4, 0x058, 0x040, 0x040, 0x040, 0x040, 0x000, 0x000 } }, /* 毕 */
	{ 0xB1D0, { 0x000, 0x3B8, 0x224, 0x7BC, 0x7FC, 0x320, 0x3AC, 0x4A0, 0x124, 0x63C, 0x000, 0x000 } }, /* 毙 */
	{ 0xB1D1, { 0x000, 0x020, 0x228, 0x220, 0x2A4, 0x23C, 0x050, 0x520, 0x5C4, 0x390, 0x4F0, 0x000 } }, /* 毖 */
	{ 0xB1D2, { 0x000, 0x7E0, 0x040, 0x040, 0x64C, 0x444, 0x444, 0x444, 0x058, 0x040, 0x000, 0x000 } }, /* 币 */
	{ 0xB1D3, { 0x000, 0x040, 0x3FC, 0x400, 0x500, 0x504, 0x5D8, 0x500, 0x540, 0x584, 0x01C, 0x000 } }, /* 庇 */
	{ 0xB1D4, { 0x000, 0x020, 0x3FC, 0x200, 0x6A4, 0x2FC, 0x6FC, 0x200, 0x258, 0x448, 0x488, 0x000 } }, /* 痹 */
	{ 0xB1D5, { 0x000, 0x200, 0x004, 0x424, 0x424, 0x464, 0x464, 0x4A4, 0x724, 0x464, 0x40C, 0x000 } }, /* 闭 */
	{ 0xB1D6, { 0x110, 0x550, 0x59C, 0x7E4, 0x550, 0x7D8, 0x7D8, 0x548, 0x15C, 0x064, 0x000, 0x000 } }, /* 敝 */
	{ 0xB1D7, { 0x110, 0x110, 0x7EC, 0x558, 0x758, 0x574, 0x000, 0x7FC, 0x110, 0x610, 0x000, 0x000 } }, /* 弊 */
	{ 0xB1D8, { 0x000, 0x080, 0x050, 0x010, 0x110, 0x528, 0x544, 0x5C0, 0x180, 0x798, 0x0F0, 0x000 } }, /* 必 */
	{ 0xB1D9, { 0x000, 0x010, 0x6BC, 0x4A0, 0x7A8, 0x43C, 0x798, 0x690, 0x2BC, 0x380, 0x210, 0x000 } }, /* 辟 */
	{ 0xB1DA, { 0x000, 0x010, 0x4BC, 0x7A8, 0x43C, 0x690, 0x390, 0x040, 0x3F8, 0x040, 0x7FC, 0x000 } }, /* 壁 */
	{ 0xB1DB, { 0x000, 0x390, 0x4A8, 0x438, 0x790, 0x2BC, 0x390, 0x208, 0x3F8, 0x3F8, 0x208, 0x000 } }, /* 臂 */
	{ 0xB1DC, { 0x000, 0x008, 0x55C, 0x154, 0x1D4, 0x51C, 0x1C8, 0x35C, 0x2C8, 0x608, 0x0FC, 0x000 } }, /* 避 */
	{ 0xB1DD, { 0x000, 0x010, 0x550, 0x478, 0x650, 0x674, 0x500, 0x510, 0x630, 0x410, 0x400, 0x000 } }, /* 陛 */
	{ 0xB1DE, { 0x540, 0x7DC, 0x55C, 0x2E8, 0x77C, 0x66C, 0x748, 0x750, 0x258, 0x264, 0x000, 0x000 } }, /* 鞭 */
	{ 0xB1DF, { 0x000, 0x020, 0x220, 0x0FC, 0x024, 0x604, 0x244, 0x240, 0x298, 0x700, 0x0FC, 0x000 } }, /* 边 */
	{ 0xB1E0, { 0x000, 0x200, 0x27C, 0x404, 0x778, 0x2C0, 0x0EC, 0x7EC, 0x06C, 0x668, 0x044, 0x000 } }, /* 编 */
	{ 0xB1E1, { 0x000, 0x5F0, 0x690, 0x690, 0x6FC, 0x688, 0x610, 0x230, 0x560, 0x40C, 0x000, 0x000 } }, /* 贬 */
	{ 0xB1E2, { 0x000, 0x040, 0x3FC, 0x204, 0x3FC, 0x200, 0x3FC, 0x754, 0x5FC, 0x154, 0x104, 0x000 } }, /* 扁 */
	{ 0xB1E3, { 0x000, 0x230, 0x2FC, 0x6A4, 0x6FC, 0x2B4, 0x2A0, 0x260, 0x260, 0x38C, 0x000, 0x000 } }, /* 便 */
	{ 0xB1E4, { 0x000, 0x040, 0x7FC, 0x0A0, 0x2A8, 0x4A4, 0x0A0, 0x110, 0x0A0, 0x0E0, 0x71C, 0x000 } }, /* 变 */
	{ 0xB1E5, { 0x000, 0x080, 0x040, 0x000, 0x0C0, 0x000, 0x010, 0x018, 0x008, 0x000, 0x040, 0x000 } }, /* 卞 */
	{ 0xB1E6, { 0x000, 0x208, 0x22C, 0x104, 0x5D4, 0x7DC, 0x288, 0x248, 0x248, 0x088, 0x488, 0x000 } }, /* 辨 */
	{ 0xB1E7, { 0x000, 0x208, 0x248, 0x004, 0x514, 0x75C, 0x248, 0x248, 0x248, 0x248, 0x408, 0x000 } }, /* 辩 */
	{ 0xB1E8, { 0x000, 0x208, 0x24C, 0x300, 0x5B4, 0x64C, 0x608, 0x2C8, 0x608, 0x4C8, 0x408, 0x000 } }, /* 辫 */
	{ 0xB1E9, { 0x000, 0x020, 0x2FC, 0x084, 0x080, 0x6FC, 0x3A4, 0x37C, 0x224, 0x700, 0x0FC, 0x000 } }, /* 遍 */
	{ 0xB1EA, { 0x000, 0x200, 0x27C, 0x700, 0x200, 0x310, 0x710, 0x654, 0x214, 0x290, 0x220, 0x000 } }, /* 标 */
	{ 0xB1EB, { 0x104, 0x108, 0x7D0, 0x504, 0x508, 0x5D0, 0x40C, 0x550, 0x240, 0x27C, 0x000, 0x000 } }, /* 彪 */
	{ 0xB1EC, { 0x000, 0x538, 0x57C, 0x724, 0x57C, 0x57C, 0x700, 0x510, 0x554, 0x3B0, 0x000, 0x000 } }, /* 膘 */
	{ 0xB1ED, { 0x040, 0x3FC, 0x040, 0x248, 0x7FC, 0x080, 0x128, 0x730, 0x0D8, 0x184, 0x000, 0x000 } }, /* 表 */
	{ 0xB1EE, { 0x000, 0x110, 0x7BC, 0x578, 0x758, 0x124, 0x3E0, 0x7F8, 0x3F8, 0x1F8, 0x7FC, 0x000 } }, /* 鳖 */
	{ 0xB1EF, { 0x000, 0x110, 0x590, 0x7FC, 0x560, 0x7D8, 0x558, 0x020, 0x140, 0x504, 0x1F0, 0x000 } }, /* 憋 */
	{ 0xB1F0, { 0x384, 0x444, 0x454, 0x7D4, 0x114, 0x7D4, 0x154, 0x254, 0x244, 0x4CC, 0x000, 0x000 } }, /* 别 */
	{ 0xB1F1, { 0x000, 0x020, 0x3FC, 0x2F8, 0x6F8, 0x2F8, 0x6F8, 0x250, 0x39C, 0x440, 0x47C, 0x000 } }, /* 瘪 */
	{ 0xB1F2, { 0x240, 0x248, 0x6D0, 0x244, 0x3E4, 0x6E8, 0x754, 0x244, 0x248, 0x270, 0x000, 0x000 } }, /* 彬 */
	{ 0xB1F3, { 0x000, 0x000, 0x26C, 0x008, 0x77C, 0x520, 0x2A8, 0x2A8, 0x3A8, 0x4EC, 0x004, 0x000 } }, /* 斌 */
	{ 0xB1F4, { 0x000, 0x09C, 0x180, 0x198, 0x1A4, 0x4AC, 0x0A4, 0x6F4, 0x450, 0x494, 0x320, 0x000 } }, /* 濒 */
	{ 0xB1F5, { 0x000, 0x020, 0x2FC, 0x004, 0x4E0, 0x2C0, 0x0D8, 0x280, 0x3FC, 0x4C8, 0x084, 0x000 } }, /* 滨 */
	{ 0xB1F6, { 0x040, 0x7FC, 0x414, 0x3C0, 0x300, 0x230, 0x230, 0x330, 0x318, 0x408, 0x000, 0x000 } }, /* 宾 */
	{ 0xB1F7, { 0x000, 0x210, 0x2FC, 0x78C, 0x270, 0x240, 0x648, 0x248, 0x2FC, 0x248, 0x684, 0x000 } }, /* 摈 */
	{ 0xB1F8, { 0x000, 0x008, 0x1E0, 0x000, 0x1F8, 0x010, 0x010, 0x7FC, 0x110, 0x208, 0x404, 0x000 } }, /* 兵 */
	{ 0xB1F9, { 0x020, 0x420, 0x624, 0x1E8, 0x030, 0x2B0, 0x4A8, 0x52C, 0x124, 0x060, 0x000, 0x000 } }, /* 冰 */
	{ 0xB1FA, { 0x000, 0x200, 0x210, 0x710, 0x27C, 0x214, 0x7B4, 0x22C, 0x244, 0x204, 0x20C, 0x000 } }, /* 柄 */
	{ 0xB1FB, { 0x000, 0x000, 0x7FC, 0x040, 0x7FC, 0x444, 0x4C4, 0x4B4, 0x514, 0x404, 0x418, 0x000 } }, /* 丙 */
	{ 0xB1FC, { 0x000, 0x1F8, 0x040, 0x7FC, 0x3F8, 0x048, 0x7FC, 0x3F8, 0x0E0, 0x358, 0x444, 0x000 } }, /* 秉 */
	{ 0xB1FD, { 0x208, 0x028, 0x77C, 0x128, 0x228, 0x2FC, 0x228, 0x308, 0x248, 0x088, 0x000, 0x000 } }, /* 饼 */
	{ 0xB1FE, { 0x200, 0x210, 0x210, 0x3FC, 0x294, 0x2B4, 0x2AC, 0x5C4, 0x484, 0x084, 0x000, 0x000 } }, /* 炳 */
	{ 0xB2A1, { 0x000, 0x020, 0x3FC, 0x200, 0x7FC, 0x220, 0x6FC, 0x234, 0x25C, 0x044, 0x40C, 0x000 } }, /* 病 */
	{ 0xB2A2, { 0x000, 0x110, 0x110, 0x7FC, 0x110, 0x110, 0x7FC, 0x110, 0x110, 0x210, 0x410, 0x000 } }, /* 并 */
	{ 0xB2A3, { 0x010, 0x010, 0x274, 0x210, 0x778, 0x260, 0x228, 0x390, 0x4B8, 0x144, 0x000, 0x000 } }, /* 玻 */
	{ 0xB2A4, { 0x120, 0x7FC, 0x100, 0x2FC, 0x0A4, 0x4B0, 0x0E8, 0x2A8, 0x530, 0x56C, 0x000, 0x000 } }, /* 菠 */
	{ 0xB2A5, { 0x208, 0x2F0, 0x648, 0x2FC, 0x258, 0x7BC, 0x2B4, 0x2F8, 0x2B0, 0x4CC, 0x000, 0x000 } }, /* 播 */
	{ 0xB2A6, { 0x000, 0x210, 0x224, 0x2F4, 0x220, 0x220, 0x368, 0x6E8, 0x290, 0x238, 0x6C4, 0x000 } }, /* 拨 */
	{ 0xB2A7, { 0x000, 0x210, 0x210, 0x77C, 0x430, 0x238, 0x758, 0x254, 0x2BC, 0x310, 0x010, 0x000 } }, /* 钵 */
	{ 0xB2A8, { 0x000, 0x230, 0x0B4, 0x480, 0x2F8, 0x0C8, 0x2A8, 0x530, 0x538, 0x0C4, 0x000, 0x000 } }, /* 波 */
	{ 0xB2A9, { 0x000, 0x028, 0x0FC, 0x020, 0x6A8, 0x0A8, 0x0F8, 0x008, 0x1FC, 0x048, 0x018, 0x000 } }, /* 博 */
	{ 0xB2AA, { 0x110, 0x110, 0x110, 0x7D4, 0x014, 0x394, 0x114, 0x7A4, 0x124, 0x348, 0x000, 0x000 } }, /* 勃 */
	{ 0xB2AB, { 0x000, 0x208, 0x2FC, 0x720, 0x2B4, 0x2FC, 0x6FC, 0x208, 0x2FC, 0x248, 0x418, 0x000 } }, /* 搏 */
	{ 0xB2AC, { 0x210, 0x210, 0x47C, 0x444, 0x244, 0x67C, 0x244, 0x244, 0x37C, 0x244, 0x000, 0x000 } }, /* 铂 */
	{ 0xB2AD, { 0x000, 0x110, 0x3FC, 0x528, 0x000, 0x130, 0x444, 0x04C, 0x144, 0x27C, 0x444, 0x000 } }, /* 箔 */
	{ 0xB2AE, { 0x020, 0x220, 0x2FC, 0x684, 0x684, 0x2FC, 0x284, 0x284, 0x2FC, 0x284, 0x000, 0x000 } }, /* 伯 */
	{ 0xB2AF, { 0x000, 0x080, 0x3F8, 0x208, 0x3F8, 0x3F8, 0x040, 0x7FC, 0x444, 0x444, 0x048, 0x000 } }, /* 帛 */
	{ 0xB2B0, { 0x010, 0x310, 0x4FC, 0x4C4, 0x484, 0x7BC, 0x484, 0x484, 0x4FC, 0x1C4, 0x000, 0x000 } }, /* 舶 */
	{ 0xB2B1, { 0x010, 0x77C, 0x510, 0x7FC, 0x500, 0x518, 0x510, 0x57C, 0x510, 0x030, 0x000, 0x000 } }, /* 脖 */
	{ 0xB2B2, { 0x008, 0x77C, 0x530, 0x774, 0x57C, 0x57C, 0x500, 0x5FC, 0x148, 0x208, 0x000, 0x000 } }, /* 膊 */
	{ 0xB2B3, { 0x088, 0x3C8, 0x09C, 0x5E8, 0x420, 0x1C0, 0x494, 0x5D4, 0x4A4, 0x0AC, 0x000, 0x000 } }, /* 渤 */
	{ 0xB2B4, { 0x000, 0x020, 0x220, 0x0FC, 0x484, 0x284, 0x0FC, 0x284, 0x484, 0x4FC, 0x484, 0x000 } }, /* 泊 */
	{ 0xB2B5, { 0x004, 0x538, 0x018, 0x424, 0x500, 0x7A4, 0x088, 0x690, 0x0B8, 0x1C4, 0x000, 0x000 } }, /* 驳 */
	{ 0xB2B6, { 0x210, 0x210, 0x730, 0x27C, 0x214, 0x67C, 0x214, 0x27C, 0x214, 0x694, 0x000, 0x000 } }, /* 捕 */
	{ 0xB2B7, { 0x000, 0x080, 0x080, 0x080, 0x090, 0x098, 0x08C, 0x080, 0x080, 0x080, 0x080, 0x000 } }, /* 卜 */
	{ 0xB2B8, { 0x000, 0x000, 0x634, 0x030, 0x07C, 0x084, 0x2FC, 0x684, 0x0FC, 0x084, 0x088, 0x000 } }, /* 哺 */
	{ 0xB2B9, { 0x000, 0x100, 0x400, 0x108, 0x104, 0x384, 0x480, 0x000, 0x000, 0x000, 0x000, 0x000 } }, /* 补 */
	{ 0xB2BA, { 0x000, 0x220, 0x27C, 0x24C, 0x740, 0x27C, 0x244, 0x310, 0x6FC, 0x010, 0x010, 0x000 } }, /* 埠 */
	{ 0xB2BB, { 0x000, 0x000, 0x040, 0x040, 0x0C0, 0x150, 0x248, 0x444, 0x040, 0x040, 0x040, 0x000 } }, /* 不 */
	{ 0xB2BC, { 0x000, 0x040, 0x080, 0x1E0, 0x100, 0x3F8, 0x720, 0x100, 0x100, 0x118, 0x000, 0x000 } }, /* 布 */
	{ 0xB2BD, { 0x000, 0x120, 0x120, 0x140, 0x7FC, 0x000, 0x10C, 0x218, 0x060, 0x780, 0x000, 0x000 } }, /* 步 */
	{ 0xB2BE, { 0x000, 0x200, 0x7BC, 0x420, 0x2FC, 0x0FC, 0x4FC, 0x0FC, 0x2A8, 0x488, 0x458, 0x000 } }, /* 簿 */
	{ 0xB2BF, { 0x000, 0x100, 0x7DC, 0x294, 0x290, 0x7D8, 0x014, 0x3D0, 0x054, 0x3D8, 0x050, 0x000 } }, /* 部 */
	{ 0xB2C0, { 0x000, 0x220, 0x220, 0x220, 0x650, 0x27C, 0x2D4, 0x254, 0x254, 0x210, 0x210, 0x000 } }, /* 怖 */
	{ 0xB2C1, { 0x200, 0x2FC, 0x754, 0x2F4, 0x248, 0x6FC, 0x280, 0x210, 0x2DC, 0x420, 0x000, 0x000 } }, /* 擦 */
	{ 0xB2C2, { 0x000, 0x010, 0x77C, 0x27C, 0x410, 0x100, 0x344, 0x57C, 0x144, 0x044, 0x64C, 0x000 } }, /* 猜 */
	{ 0xB2C3, { 0x000, 0x128, 0x7A4, 0x120, 0x7FC, 0x100, 0x7D0, 0x2D8, 0x658, 0x138, 0x264, 0x000 } }, /* 裁 */
	{ 0xB2C4, { 0x008, 0x208, 0x308, 0x318, 0x318, 0x7A8, 0x628, 0x048, 0x208, 0x218, 0x000, 0x000 } }, /* 材 */
	{ 0xB2C5, { 0x000, 0x020, 0x020, 0x030, 0x030, 0x060, 0x0E0, 0x1A0, 0x220, 0x420, 0x060, 0x000 } }, /* 才 */
	{ 0xB2C6, { 0x008, 0x488, 0x4BC, 0x588, 0x598, 0x598, 0x428, 0x248, 0x288, 0x418, 0x000, 0x000 } }, /* 财 */
	{ 0xB2C7, { 0x000, 0x760, 0x104, 0x748, 0x110, 0x7FC, 0x138, 0x558, 0x594, 0x010, 0x000, 0x000 } }, /* 睬 */
	{ 0xB2C8, { 0x000, 0x570, 0x554, 0x750, 0x210, 0x77C, 0x638, 0x618, 0x654, 0x010, 0x000, 0x000 } }, /* 踩 */
	{ 0xB2C9, { 0x008, 0x7C0, 0x248, 0x250, 0x040, 0x7FC, 0x0E0, 0x150, 0x64C, 0x040, 0x000, 0x000 } }, /* 采 */
	{ 0xB2CA, { 0x040, 0x70C, 0x550, 0x440, 0x10C, 0x7D8, 0x300, 0x344, 0x518, 0x120, 0x000, 0x000 } }, /* 彩 */
	{ 0xB2CB, { 0x000, 0x7FC, 0x010, 0x3C8, 0x248, 0x040, 0x7FC, 0x150, 0x24C, 0x440, 0x000, 0x000 } }, /* 菜 */
	{ 0xB2CC, { 0x000, 0x100, 0x7FC, 0x220, 0x7A8, 0x588, 0x3F8, 0x20C, 0x140, 0x358, 0x4C4, 0x000 } }, /* 蔡 */
	{ 0xB2CD, { 0x100, 0x108, 0x798, 0x3E8, 0x5A0, 0x3FC, 0x1F0, 0x110, 0x130, 0x108, 0x000, 0x000 } }, /* 餐 */
	{ 0xB2CE, { 0x080, 0x090, 0x3F8, 0x0C0, 0x190, 0x248, 0x124, 0x1C8, 0x020, 0x380, 0x000, 0x000 } }, /* 参 */
	{ 0xB2CF, { 0x000, 0x000, 0x0C0, 0x4C0, 0x190, 0x358, 0x7FC, 0x248, 0x3F8, 0x048, 0x3C4, 0x000 } }, /* 蚕 */
	{ 0xB2D0, { 0x020, 0x7A8, 0x220, 0x370, 0x524, 0x570, 0x30C, 0x210, 0x238, 0x484, 0x000, 0x000 } }, /* 残 */
	{ 0xB2D1, { 0x000, 0x2D8, 0x290, 0x7D0, 0x3D4, 0x254, 0x274, 0x254, 0x244, 0x264, 0x000, 0x000 } }, /* 惭 */
	{ 0xB2D2, { 0x000, 0x220, 0x268, 0x224, 0x7FC, 0x248, 0x2A4, 0x248, 0x224, 0x218, 0x260, 0x000 } }, /* 惨 */
	{ 0xB2D3, { 0x010, 0x210, 0x210, 0x754, 0x254, 0x254, 0x254, 0x354, 0x45C, 0x444, 0x000, 0x000 } }, /* 灿 */
	{ 0xB2D4, { 0x000, 0x000, 0x7FC, 0x140, 0x0C0, 0x110, 0x7FC, 0x110, 0x130, 0x104, 0x1F8, 0x000 } }, /* 苍 */
	{ 0xB2D5, { 0x210, 0x710, 0x4A8, 0x4A4, 0x4FC, 0x7A0, 0x4A8, 0x4A8, 0x4A4, 0x13C, 0x000, 0x000 } }, /* 舱 */
	{ 0xB2D6, { 0x000, 0x040, 0x0A0, 0x110, 0x20C, 0x5F4, 0x110, 0x110, 0x120, 0x10C, 0x1F8, 0x000 } }, /* 仓 */
	{ 0xB2D7, { 0x000, 0x020, 0x230, 0x040, 0x48C, 0x2FC, 0x048, 0x248, 0x250, 0x444, 0x47C, 0x000 } }, /* 沧 */
	{ 0xB2D8, { 0x000, 0x020, 0x7FC, 0x014, 0x514, 0x6F4, 0x2D4, 0x6A8, 0x6C8, 0x6F8, 0x224, 0x000 } }, /* 藏 */
	{ 0xB2D9, { 0x278, 0x248, 0x738, 0x2EC, 0x2B4, 0x6FC, 0x2FC, 0x278, 0x24C, 0x480, 0x000, 0x000 } }, /* 操 */
	{ 0xB2DA, { 0x000, 0x208, 0x7A8, 0x728, 0x208, 0x2C0, 0x31C, 0x704, 0x21C, 0x2C0, 0x21C, 0x000 } }, /* 糙 */
	{ 0xB2DB, { 0x200, 0x2FC, 0x6FC, 0x2B4, 0x6B4, 0x7FC, 0x678, 0x2CC, 0x2C8, 0x2C8, 0x000, 0x000 } }, /* 槽 */
	{ 0xB2DC, { 0x0A0, 0x7FC, 0x3F8, 0x2A4, 0x2A4, 0x3F8, 0x3F8, 0x3F8, 0x208, 0x208, 0x000, 0x000 } }, /* 曹 */
	{ 0xB2DD, { 0x100, 0x7FC, 0x000, 0x3F8, 0x208, 0x208, 0x3F8, 0x040, 0x040, 0x040, 0x000, 0x000 } }, /* 草 */
	{ 0xB2DE, { 0x3FC, 0x400, 0x5E4, 0x534, 0x5B4, 0x5B4, 0x5B4, 0x494, 0x524, 0x10C, 0x000, 0x000 } }, /* 厕 */
	{ 0xB2DF, { 0x000, 0x220, 0x7BC, 0x140, 0x7FC, 0x040, 0x3F8, 0x248, 0x0E8, 0x358, 0x444, 0x000 } }, /* 策 */
	{ 0xB2E0, { 0x204, 0x3E4, 0x524, 0x564, 0x564, 0x124, 0x1A4, 0x0C4, 0x0A4, 0x10C, 0x000, 0x000 } }, /* 侧 */
	{ 0xB2E1, { 0x000, 0x2A8, 0x2A8, 0x2A8, 0x2AC, 0x2AC, 0x2A8, 0x0A8, 0x488, 0x5C8, 0x000, 0x000 } }, /* 册 */
	{ 0xB2E2, { 0x004, 0x3E4, 0x124, 0x564, 0x164, 0x124, 0x3A4, 0x4C4, 0x4A4, 0x10C, 0x000, 0x000 } }, /* 测 */
	{ 0xB2E3, { 0x3F8, 0x208, 0x3F8, 0x200, 0x0F8, 0x000, 0x3FC, 0x440, 0x488, 0x1FC, 0x000, 0x000 } }, /* 层 */
	{ 0xB2E4, { 0x000, 0x028, 0x77C, 0x554, 0x77C, 0x254, 0x600, 0x77C, 0x67C, 0x744, 0x044, 0x000 } }, /* 蹭 */
	{ 0xB2E5, { 0x21C, 0x270, 0x7B0, 0x210, 0x24C, 0x684, 0x2CC, 0x284, 0x2B4, 0x484, 0x000, 0x000 } }, /* 插 */
	{ 0xB2E6, { 0x000, 0x7F8, 0x208, 0x150, 0x110, 0x0A0, 0x0E0, 0x0E0, 0x1B8, 0x60C, 0x000, 0x000 } }, /* 叉 */
	{ 0xB2E7, { 0x000, 0x7FC, 0x000, 0x0C0, 0x1A0, 0x120, 0x278, 0x420, 0x020, 0x000, 0x000, 0x000 } }, /* 茬 */
	{ 0xB2E8, { 0x110, 0x7FC, 0x150, 0x0E0, 0x110, 0x64C, 0x1F0, 0x150, 0x248, 0x0C0, 0x000, 0x000 } }, /* 茶 */
	{ 0xB2E9, { 0x000, 0x040, 0x7FC, 0x1E0, 0x158, 0x64C, 0x208, 0x3F8, 0x3F8, 0x000, 0x7FC, 0x000 } }, /* 查 */
	{ 0xB2EA, { 0x000, 0x010, 0x77C, 0x238, 0x054, 0x784, 0x548, 0x178, 0x348, 0x500, 0x07C, 0x000 } }, /* 碴 */
	{ 0xB2EB, { 0x248, 0x2FC, 0x248, 0x230, 0x248, 0x694, 0x278, 0x210, 0x294, 0x620, 0x000, 0x000 } }, /* 搽 */
	{ 0xB2EC, { 0x000, 0x040, 0x7FC, 0x520, 0x2A8, 0x598, 0x3F0, 0x60C, 0x040, 0x150, 0x2C8, 0x000 } }, /* 察 */
	{ 0xB2ED, { 0x000, 0x020, 0x110, 0x218, 0x5F4, 0x110, 0x310, 0x040, 0x248, 0x248, 0x3F8, 0x000 } }, /* 岔 */
	{ 0xB2EE, { 0x000, 0x110, 0x1B0, 0x0C0, 0x3F8, 0x080, 0x7FC, 0x100, 0x2E8, 0x420, 0x1FC, 0x000 } }, /* 差 */
	{ 0xB2EF, { 0x000, 0x020, 0x220, 0x084, 0x018, 0x2E0, 0x220, 0x2F8, 0x220, 0x320, 0x21C, 0x000 } }, /* 诧 */
	{ 0xB2F0, { 0x200, 0x270, 0x740, 0x240, 0x258, 0x348, 0x258, 0x24C, 0x288, 0x688, 0x000, 0x000 } }, /* 拆 */
	{ 0xB2F1, { 0x120, 0x12C, 0x5B0, 0x520, 0x7BC, 0x040, 0x7FC, 0x0F0, 0x24C, 0x440, 0x000, 0x000 } }, /* 柴 */
	{ 0xB2F2, { 0x000, 0x108, 0x208, 0x5BC, 0x308, 0x718, 0x298, 0x5A8, 0x2E8, 0x488, 0x198, 0x000 } }, /* 豺 */
	{ 0xB2F3, { 0x000, 0x240, 0x278, 0x690, 0x2B4, 0x2FC, 0x630, 0x2CC, 0x230, 0x260, 0x418, 0x000 } }, /* 搀 */
	{ 0xB2F4, { 0x000, 0x020, 0x248, 0x670, 0x2FC, 0x248, 0x6A4, 0x258, 0x224, 0x218, 0x4E0, 0x000 } }, /* 掺 */
	{ 0xB2F5, { 0x000, 0x228, 0x228, 0x77C, 0x254, 0x27C, 0x754, 0x210, 0x2FC, 0x690, 0x010, 0x000 } }, /* 蝉 */
	{ 0xB2F6, { 0x000, 0x220, 0x278, 0x590, 0x1B4, 0x2FC, 0x230, 0x2CC, 0x230, 0x240, 0x018, 0x000 } }, /* 馋 */
	{ 0xB2F7, { 0x000, 0x040, 0x2F0, 0x030, 0x0A4, 0x4FC, 0x010, 0x0DC, 0x130, 0x260, 0x010, 0x000 } }, /* 谗 */
	{ 0xB2F8, { 0x000, 0x210, 0x4FC, 0x480, 0x6B4, 0x2BC, 0x494, 0x698, 0x0BC, 0x710, 0x17C, 0x000 } }, /* 缠 */
	{ 0xB2F9, { 0x000, 0x210, 0x27C, 0x400, 0x728, 0x27C, 0x240, 0x240, 0x240, 0x300, 0x280, 0x000 } }, /* 铲 */
	{ 0xB2FA, { 0x000, 0x040, 0x3FC, 0x000, 0x090, 0x3FC, 0x200, 0x200, 0x400, 0x400, 0x000, 0x000 } }, /* 产 */
	{ 0xB2FB, { 0x000, 0x278, 0x204, 0x0A4, 0x5F4, 0x554, 0x554, 0x5F4, 0x7F4, 0x444, 0x44C, 0x000 } }, /* 阐 */
	{ 0xB2FC, { 0x100, 0x788, 0x7DC, 0x364, 0x76C, 0x7A4, 0x4A4, 0x790, 0x194, 0x420, 0x000, 0x000 } }, /* 颤 */
	{ 0xB2FD, { 0x000, 0x3F8, 0x208, 0x3F8, 0x308, 0x000, 0x7FC, 0x404, 0x7FC, 0x604, 0x404, 0x000 } }, /* 昌 */
	{ 0xB2FE, { 0x000, 0x07C, 0x344, 0x67C, 0x144, 0x300, 0x37C, 0x544, 0x144, 0x144, 0x644, 0x000 } }, /* 猖 */
	{ 0xB3A1, { 0x278, 0x218, 0x210, 0x760, 0x27C, 0x234, 0x254, 0x694, 0x024, 0x04C, 0x000, 0x000 } }, /* 场 */
	{ 0xB3A2, { 0x040, 0x248, 0x150, 0x404, 0x5F0, 0x000, 0x7FC, 0x090, 0x118, 0x3C8, 0x000, 0x000 } }, /* 尝 */
	{ 0xB3A3, { 0x040, 0x050, 0x7FC, 0x5F4, 0x208, 0x1F0, 0x040, 0x24C, 0x048, 0x040, 0x000, 0x000 } }, /* 常 */
	{ 0xB3A4, { 0x000, 0x100, 0x110, 0x120, 0x140, 0x7FC, 0x120, 0x120, 0x150, 0x18C, 0x100, 0x000 } }, /* 长 */
	{ 0xB3A5, { 0x020, 0x2A8, 0x220, 0x784, 0x77C, 0x200, 0x2FC, 0x240, 0x2C8, 0x2C4, 0x000, 0x000 } }, /* 偿 */
	{ 0xB3A6, { 0x000, 0x508, 0x510, 0x720, 0x57C, 0x524, 0x554, 0x594, 0x524, 0x158, 0x000, 0x000 } }, /* 肠 */
	{ 0xB3A7, { 0x000, 0x3FC, 0x200, 0x200, 0x200, 0x200, 0x200, 0x400, 0x400, 0x400, 0x000, 0x000 } }, /* 厂 */
	{ 0xB3A8, { 0x000, 0x110, 0x550, 0x59C, 0x3A4, 0x464, 0x350, 0x258, 0x358, 0x05C, 0x0A4, 0x000 } }, /* 敞 */
	{ 0xB3A9, { 0x200, 0x20C, 0x790, 0x2B0, 0x7BE, 0x2A8, 0x7A8, 0x2D0, 0x224, 0x24C, 0x000, 0x000 } }, /* 畅 */
	{ 0xB3AA, { 0x07C, 0x744, 0x57C, 0x544, 0x500, 0x5FC, 0x784, 0x5C4, 0x0FC, 0x080, 0x000, 0x000 } }, /* 唱 */
	{ 0xB3AB, { 0x000, 0x078, 0x244, 0x27C, 0x604, 0x278, 0x2FC, 0x284, 0x2FC, 0x284, 0x284, 0x000 } }, /* 倡 */
	{ 0xB3AC, { 0x000, 0x100, 0x334, 0x104, 0x124, 0x108, 0x53C, 0x5A4, 0x524, 0x700, 0x0FC, 0x000 } }, /* 超 */
	{ 0xB3AD, { 0x210, 0x210, 0x758, 0x254, 0x250, 0x394, 0x21C, 0x208, 0x230, 0x6C0, 0x000, 0x000 } }, /* 抄 */
	{ 0xB3AE, { 0x000, 0x210, 0x610, 0x410, 0x754, 0x250, 0x754, 0x214, 0x208, 0x330, 0x0C0, 0x000 } }, /* 钞 */
	{ 0xB3AF, { 0x100, 0x7E4, 0x124, 0x7BC, 0x7A4, 0x424, 0x134, 0x7A4, 0x124, 0x14C, 0x000, 0x000 } }, /* 朝 */
	{ 0xB3B0, { 0x000, 0x040, 0x6EC, 0x244, 0x2EC, 0x2E4, 0x2AC, 0x6D4, 0x3F4, 0x054, 0x02C, 0x000 } }, /* 嘲 */
	{ 0xB3B1, { 0x080, 0x3D4, 0x090, 0x5FC, 0x1D0, 0x17C, 0x494, 0x5F0, 0x4A4, 0x0A4, 0x000, 0x000 } }, /* 潮 */
	{ 0xB3B2, { 0x000, 0x248, 0x258, 0x108, 0x3F8, 0x3F8, 0x248, 0x040, 0x7FC, 0x150, 0x444, 0x000 } }, /* 巢 */
	{ 0xB3B3, { 0x010, 0x710, 0x558, 0x554, 0x510, 0x594, 0x714, 0x508, 0x030, 0x0C0, 0x000, 0x000 } }, /* 吵 */
	{ 0xB3B4, { 0x000, 0x210, 0x210, 0x2D8, 0x354, 0x250, 0x294, 0x31C, 0x288, 0x430, 0x0C0, 0x000 } }, /* 炒 */
	{ 0xB3B5, { 0x000, 0x000, 0x080, 0x180, 0x140, 0x360, 0x260, 0x040, 0x7FC, 0x040, 0x040, 0x000 } }, /* 车 */
	{ 0xB3B6, { 0x210, 0x210, 0x210, 0x250, 0x250, 0x350, 0x250, 0x250, 0x250, 0x600, 0x000, 0x000 } }, /* 扯 */
	{ 0xB3B7, { 0x000, 0x008, 0x048, 0x68C, 0x0F4, 0x214, 0x6A4, 0x0EC, 0x0E8, 0x02C, 0x410, 0x000 } }, /* 撤 */
	{ 0xB3B8, { 0x104, 0x7D4, 0x7D4, 0x7D4, 0x54C, 0x008, 0x040, 0x3F8, 0x7FC, 0x0C0, 0x000, 0x000 } }, /* 掣 */
	{ 0xB3B9, { 0x000, 0x000, 0x2BC, 0x494, 0x3D4, 0x294, 0x694, 0x2D4, 0x2A4, 0x264, 0x248, 0x000 } }, /* 彻 */
	{ 0xB3BA, { 0x000, 0x080, 0x5D0, 0x11C, 0x1F4, 0x530, 0x150, 0x1D8, 0x5C8, 0x558, 0x164, 0x000 } }, /* 澈 */
	{ 0xB3BB, { 0x240, 0x25C, 0x7F4, 0x254, 0x370, 0x6F4, 0x6D0, 0x356, 0x254, 0x250, 0x000, 0x000 } }, /* 郴 */
	{ 0xB3BC, { 0x000, 0x000, 0x660, 0x400, 0x3F8, 0x008, 0x008, 0x3F8, 0x000, 0x460, 0x3FC, 0x000 } }, /* 臣 */
	{ 0xB3BD, { 0x000, 0x000, 0x200, 0x208, 0x200, 0x200, 0x2A0, 0x0A8, 0x490, 0x4C8, 0x084, 0x000 } }, /* 辰 */
	{ 0xB3BE, { 0x000, 0x040, 0x040, 0x248, 0x444, 0x400, 0x040, 0x3F8, 0x040, 0x040, 0x7FC, 0x000 } }, /* 尘 */
	{ 0xB3BF, { 0x3F8, 0x208, 0x208, 0x000, 0x3F8, 0x1F8, 0x3FC, 0x428, 0x4B0, 0x58C, 0x000, 0x000 } }, /* 晨 */
	{ 0xB3C0, { 0x000, 0x210, 0x210, 0x27C, 0x784, 0x2B0, 0x230, 0x230, 0x250, 0x294, 0x20C, 0x000 } }, /* 忱 */
	{ 0xB3C1, { 0x000, 0x3FC, 0x004, 0x400, 0x650, 0x040, 0x240, 0x240, 0x484, 0x50C, 0x000, 0x000 } }, /* 沉 */
	{ 0xB3C2, { 0x000, 0x020, 0x520, 0x5FC, 0x650, 0x650, 0x5FC, 0x510, 0x754, 0x494, 0x430, 0x000 } }, /* 陈 */
	{ 0xB3C3, { 0x000, 0x110, 0x138, 0x32C, 0x150, 0x7A8, 0x110, 0x5AC, 0x710, 0x500, 0x0FC, 0x000 } }, /* 趁 */
	{ 0xB3C4, { 0x000, 0x008, 0x108, 0x708, 0x108, 0x208, 0x7A8, 0x0A8, 0x008, 0x208, 0x218, 0x000 } }, /* 衬 */
	{ 0xB3C5, { 0x200, 0x258, 0x684, 0x248, 0x278, 0x67C, 0x270, 0x210, 0x210, 0x420, 0x000, 0x000 } }, /* 撑 */
	{ 0xB3C6, { 0x000, 0x020, 0x720, 0x27C, 0x744, 0x210, 0x310, 0x654, 0x254, 0x210, 0x230, 0x000 } }, /* 称 */
	{ 0xB3C7, { 0x010, 0x014, 0x0FC, 0x690, 0x0D4, 0x0B0, 0x0B8, 0x748, 0x15C, 0x024, 0x000, 0x000 } }, /* 城 */
	{ 0xB3C8, { 0x200, 0x258, 0x7CC, 0x2F8, 0x784, 0x748, 0xA48, 0x248, 0x248, 0x2FC, 0x000, 0x000 } }, /* 橙 */
	{ 0xB3C9, { 0x028, 0x020, 0x3FC, 0x020, 0x3A8, 0x0A8, 0x490, 0x490, 0x5AC, 0x0CC, 0x000, 0x000 } }, /* 成 */
	{ 0xB3CA, { 0x000, 0x000, 0x318, 0x208, 0x3F8, 0x000, 0x3F8, 0x040, 0x3F8, 0x040, 0x7FC, 0x000 } }, /* 呈 */
	{ 0xB3CB, { 0x038, 0x040, 0x7FC, 0x040, 0x758, 0x150, 0x5FC, 0x150, 0x24C, 0x040, 0x000, 0x000 } }, /* 乘 */
	{ 0xB3CC, { 0x000, 0x33C, 0x244, 0x244, 0x73C, 0x200, 0x310, 0x690, 0x230, 0x210, 0x27C, 0x000 } }, /* 程 */
	{ 0xB3CD, { 0x000, 0x200, 0x630, 0x100, 0x218, 0x600, 0x2FC, 0x200, 0x104, 0x504, 0x0F0, 0x000 } }, /* 惩 */
	{ 0xB3CE, { 0x000, 0x4C8, 0x250, 0x0DC, 0x4F8, 0x184, 0x088, 0x0F8, 0x400, 0x450, 0x5FC, 0x000 } }, /* 澄 */
	{ 0xB3CF, { 0x000, 0x610, 0x0FC, 0x090, 0x4D4, 0x418, 0x418, 0x758, 0x51E, 0x124, 0x000, 0x000 } }, /* 诚 */
	{ 0xB3D0, { 0x000, 0x030, 0x060, 0x654, 0x058, 0x2F0, 0x248, 0x6E8, 0x444, 0x0C0, 0x000, 0x000 } }, /* 承 */
	{ 0xB3D1, { 0x000, 0x000, 0x288, 0x0F8, 0x000, 0x6FC, 0x220, 0x230, 0x230, 0x700, 0x0FC, 0x000 } }, /* 逞 */
	{ 0xB3D2, { 0x010, 0x17C, 0x554, 0x554, 0x57C, 0x780, 0x020, 0x73C, 0x104, 0x318, 0x000, 0x000 } }, /* 骋 */
	{ 0xB3D3, { 0x100, 0x610, 0x254, 0x754, 0x210, 0x310, 0x690, 0x610, 0x210, 0x210, 0x000, 0x000 } }, /* 秤 */
	{ 0xB3D4, { 0x000, 0x000, 0x640, 0x57C, 0x580, 0x578, 0x510, 0x720, 0x540, 0x044, 0x07C, 0x000 } }, /* 吃 */
	{ 0xB3D5, { 0x020, 0x3FC, 0x280, 0x6DC, 0x354, 0x254, 0x2D4, 0x254, 0x0BC, 0x500, 0x000, 0x000 } }, /* 痴 */
	{ 0xB3D6, { 0x200, 0x210, 0x730, 0x210, 0x2FC, 0x308, 0x64C, 0x248, 0x248, 0x618, 0x000, 0x000 } }, /* 持 */
	{ 0xB3D7, { 0x000, 0x280, 0x384, 0x298, 0x010, 0x7C0, 0x104, 0x51C, 0x700, 0x0FC, 0x000, 0x000 } }, /* 匙 */
	{ 0xB3D8, { 0x000, 0x000, 0x200, 0x080, 0x4BC, 0x4E4, 0x084, 0x288, 0x280, 0x484, 0x47C, 0x000 } }, /* 池 */
	{ 0xB3D9, { 0x000, 0x000, 0x24C, 0x004, 0x07C, 0x600, 0x290, 0x288, 0x208, 0x300, 0x47C, 0x000 } }, /* 迟 */
	{ 0xB3DA, { 0x000, 0x010, 0x110, 0x150, 0x75C, 0x4D4, 0x754, 0x158, 0x150, 0x144, 0x27C, 0x000 } }, /* 弛 */
	{ 0xB3DB, { 0x000, 0x010, 0x710, 0x154, 0x574, 0x5D4, 0x754, 0x058, 0x650, 0x044, 0x33C, 0x000 } }, /* 驰 */
	{ 0xB3DC, { 0x000, 0x000, 0x780, 0x400, 0x72C, 0x428, 0x720, 0x420, 0x5E0, 0x428, 0x000, 0x000 } }, /* 耻 */
	{ 0xB3DD, { 0x000, 0x078, 0x040, 0x360, 0x000, 0x248, 0x2C8, 0x2B8, 0x308, 0x3F8, 0x000, 0x000 } }, /* 齿 */
	{ 0xB3DE, { 0x000, 0x120, 0x278, 0x288, 0x630, 0x260, 0x2BC, 0x244, 0x228, 0x230, 0x2C0, 0x000 } }, /* 侈 */
	{ 0xB3DF, { 0x1F8, 0x208, 0x208, 0x3F8, 0x248, 0x200, 0x220, 0x210, 0x418, 0x404, 0x000, 0x000 } }, /* 尺 */
	{ 0xB3E0, { 0x040, 0x040, 0x040, 0x040, 0x1B0, 0x080, 0x504, 0x504, 0x200, 0x460, 0x000, 0x000 } }, /* 赤 */
	{ 0xB3E1, { 0x200, 0x224, 0x224, 0x26C, 0x724, 0x16C, 0x524, 0x224, 0x300, 0x47C, 0x000, 0x000 } }, /* 翅 */
	{ 0xB3E2, { 0x000, 0x008, 0x3F0, 0x200, 0x200, 0x220, 0x2A0, 0x260, 0x438, 0x420, 0x420, 0x000 } }, /* 斥 */
	{ 0xB3E3, { 0x200, 0x244, 0x2C4, 0x744, 0x244, 0x278, 0x200, 0x368, 0x444, 0x484, 0x000, 0x000 } }, /* 炽 */
	{ 0xB3E4, { 0x040, 0x040, 0x080, 0x110, 0x3F8, 0x0A0, 0x020, 0x120, 0x324, 0x61C, 0x000, 0x000 } }, /* 充 */
	{ 0xB3E5, { 0x000, 0x000, 0x400, 0x6FC, 0x084, 0x084, 0x2B4, 0x2B4, 0x400, 0x400, 0x000, 0x000 } }, /* 冲 */
	{ 0xB3E6, { 0x040, 0x040, 0x3F8, 0x448, 0x448, 0x648, 0x648, 0x048, 0x04C, 0x784, 0x000, 0x000 } }, /* 虫 */
	{ 0xB3E7, { 0x040, 0x64C, 0x040, 0x7FC, 0x404, 0x1F0, 0x404, 0x040, 0x358, 0x4C4, 0x000, 0x000 } }, /* 崇 */
	{ 0xB3E8, { 0x040, 0x7FC, 0x484, 0x090, 0x7FC, 0x0A0, 0x028, 0x130, 0x264, 0x4BC, 0x000, 0x000 } }, /* 宠 */
	{ 0xB3E9, { 0x000, 0x210, 0x210, 0x77C, 0x214, 0x214, 0x77C, 0x214, 0x214, 0x27C, 0x404, 0x000 } }, /* 抽 */
	{ 0xB3EA, { 0x000, 0x000, 0x328, 0x328, 0x7BC, 0x7FC, 0x5FC, 0x4A8, 0x4A8, 0x7C8, 0x040, 0x000 } }, /* 酬 */
	{ 0xB3EB, { 0x010, 0x77C, 0x290, 0x2B0, 0x7FC, 0x2A0, 0x2BC, 0x7C0, 0x088, 0x018, 0x000, 0x000 } }, /* 畴 */
	{ 0xB3EC, { 0x000, 0x010, 0x57C, 0x410, 0x730, 0x07C, 0x528, 0x57C, 0x460, 0x700, 0x408, 0x000 } }, /* 踌 */
	{ 0xB3ED, { 0x100, 0x654, 0x250, 0x750, 0x27C, 0x740, 0x628, 0x2A8, 0x284, 0x20C, 0x000, 0x000 } }, /* 稠 */
	{ 0xB3EE, { 0x000, 0x090, 0x710, 0x314, 0x310, 0x7A8, 0x524, 0x000, 0x548, 0x514, 0x0F0, 0x000 } }, /* 愁 */
	{ 0xB3EF, { 0x000, 0x210, 0x3BC, 0x440, 0x7F8, 0x3F8, 0x080, 0x118, 0x1FC, 0x680, 0x010, 0x000 } }, /* 筹 */
	{ 0xB3F0, { 0x000, 0x200, 0x260, 0x2E8, 0x648, 0x248, 0x248, 0x200, 0x280, 0x30C, 0x000, 0x000 } }, /* 仇 */
	{ 0xB3F1, { 0x000, 0x200, 0x214, 0x594, 0x714, 0x27C, 0x604, 0x6AC, 0x1AC, 0x484, 0x10C, 0x000 } }, /* 绸 */
	{ 0xB3F2, { 0x000, 0x008, 0x7C8, 0x00C, 0x7EC, 0x0EC, 0x6C8, 0x1E8, 0x710, 0x454, 0x060, 0x000 } }, /* 瞅 */
	{ 0xB3F3, { 0x000, 0x000, 0x3F8, 0x088, 0x088, 0x088, 0x088, 0x088, 0x088, 0x088, 0x7FC, 0x000 } }, /* 丑 */
	{ 0xB3F4, { 0x000, 0x080, 0x3F8, 0x3F8, 0x208, 0x208, 0x3F8, 0x040, 0x7FC, 0x1B0, 0x60C, 0x000 } }, /* 臭 */
	{ 0xB3F5, { 0x200, 0x07C, 0x704, 0x124, 0x2A4, 0x7A4, 0x6A4, 0x244, 0x244, 0x298, 0x000, 0x000 } }, /* 初 */
	{ 0xB3F6, { 0x040, 0x040, 0x048, 0x248, 0x3F8, 0x040, 0x444, 0x444, 0x44C, 0x004, 0x000, 0x000 } }, /* 出 */
	{ 0xB3F7, { 0x000, 0x280, 0x6E4, 0x284, 0x6FC, 0x7C4, 0x28C, 0x244, 0x374, 0x308, 0x000, 0x000 } }, /* 橱 */
	{ 0xB3F8, { 0x3FC, 0x400, 0x5C0, 0x40C, 0x54C, 0x550, 0x450, 0x540, 0x460, 0x308, 0x000, 0x000 } }, /* 厨 */
	{ 0xB3F9, { 0x008, 0x57C, 0x520, 0x778, 0x038, 0x530, 0x47C, 0x464, 0x704, 0x03C, 0x000, 0x000 } }, /* 躇 */
	{ 0xB3FA, { 0x008, 0x4A8, 0x4BC, 0x6E8, 0x0A4, 0x6A4, 0x0A4, 0x2B4, 0x2F4, 0x02C, 0x000, 0x000 } }, /* 锄 */
	{ 0xB3FB, { 0x000, 0x010, 0x748, 0x57C, 0x1C8, 0x73C, 0x008, 0x73C, 0x008, 0x778, 0x040, 0x000 } }, /* 雏 */
	{ 0xB3FC, { 0x000, 0x010, 0x7D8, 0x1A8, 0x1FC, 0x590, 0x178, 0x3D0, 0x534, 0x554, 0x110, 0x000 } }, /* 滁 */
	{ 0xB3FD, { 0x000, 0x020, 0x530, 0x548, 0x6FC, 0x400, 0x57C, 0x500, 0x648, 0x484, 0x420, 0x000 } }, /* 除 */
	{ 0xB3FE, { 0x000, 0x010, 0x310, 0x338, 0x7B4, 0x010, 0x3FC, 0x040, 0x270, 0x4C0, 0x03C, 0x000 } }, /* 楚 */
	{ 0xB4A1, { 0x000, 0x010, 0x750, 0x254, 0x254, 0x77C, 0x410, 0x050, 0x350, 0x354, 0x03C, 0x000 } }, /* 础 */
	{ 0xB4A2, { 0x000, 0x210, 0x2B4, 0x494, 0x41C, 0x490, 0x0BC, 0x0E4, 0x0A4, 0x0A4, 0x024, 0x000 } }, /* 储 */
	{ 0xB4A3, { 0x000, 0x3FC, 0x040, 0x318, 0x3F8, 0x3F8, 0x7BC, 0x4B0, 0x7BC, 0x7BC, 0x6FC, 0x000 } }, /* 矗 */
	{ 0xB4A4, { 0x000, 0x000, 0x2FC, 0x228, 0x270, 0x26C, 0x600, 0x2FC, 0x2FC, 0x294, 0x4FC, 0x000 } }, /* 搐 */
	{ 0xB4A5, { 0x000, 0x210, 0x310, 0x53C, 0x794, 0x794, 0x5BC, 0x790, 0x594, 0x59C, 0x080, 0x000 } }, /* 触 */
	{ 0xB4A6, { 0x010, 0x210, 0x3D0, 0x258, 0x614, 0x490, 0x190, 0x190, 0x260, 0x41C, 0x000, 0x000 } }, /* 处 */
	{ 0xB4A7, { 0x000, 0x000, 0x284, 0x6FC, 0x200, 0x230, 0x620, 0x2B4, 0x2B4, 0x2B4, 0x484, 0x000 } }, /* 揣 */
	{ 0xB4A8, { 0x000, 0x240, 0x240, 0x240, 0x240, 0x240, 0x240, 0x240, 0x440, 0x400, 0x000, 0x000 } }, /* 川 */
	{ 0xB4A9, { 0x000, 0x040, 0x7FC, 0x494, 0x208, 0x3F8, 0x210, 0x3FC, 0x050, 0x310, 0x430, 0x000 } }, /* 穿 */
	{ 0xB4AA, { 0x220, 0x278, 0x778, 0x208, 0x264, 0x76C, 0x258, 0x2B4, 0x2D4, 0x230, 0x000, 0x000 } }, /* 椽 */
	{ 0xB4AB, { 0x020, 0x220, 0x260, 0x660, 0x640, 0x240, 0x208, 0x208, 0x230, 0x208, 0x000, 0x000 } }, /* 传 */
	{ 0xB4AC, { 0x000, 0x000, 0x7A8, 0x4A0, 0x5A4, 0x4C4, 0x4B8, 0x4A4, 0x4A4, 0x4BC, 0x024, 0x000 } }, /* 船 */
	{ 0xB4AD, { 0x000, 0x010, 0x614, 0x07C, 0x000, 0x0FC, 0x030, 0x6BC, 0x0A4, 0x0A4, 0x084, 0x000 } }, /* 喘 */
	{ 0xB4AE, { 0x000, 0x040, 0x3F8, 0x248, 0x3F8, 0x040, 0x3F8, 0x044, 0x7FC, 0x040, 0x040, 0x000 } }, /* 串 */
	{ 0xB4AF, { 0x000, 0x020, 0x1FC, 0x020, 0x630, 0x248, 0x7FC, 0x248, 0x258, 0x244, 0x47C, 0x000 } }, /* 疮 */
	{ 0xB4B0, { 0x000, 0x040, 0x7FC, 0x514, 0x688, 0x3F8, 0x288, 0x3A8, 0x268, 0x3A8, 0x208, 0x000 } }, /* 窗 */
	{ 0xB4B1, { 0x000, 0x210, 0x27C, 0x728, 0x300, 0x37C, 0x37C, 0x354, 0x310, 0x210, 0x2FC, 0x000 } }, /* 幢 */
	{ 0xB4B2, { 0x000, 0x040, 0x3FC, 0x220, 0x020, 0x1FC, 0x060, 0x4B0, 0x4A8, 0x524, 0x420, 0x000 } }, /* 床 */
	{ 0xB4B3, { 0x000, 0x200, 0x004, 0x404, 0x424, 0x424, 0x4F4, 0x414, 0x5D4, 0x434, 0x40C, 0x000 } }, /* 闯 */
	{ 0xB4B4, { 0x000, 0x104, 0x184, 0x254, 0x614, 0x294, 0x214, 0x294, 0x204, 0x244, 0x3CC, 0x000 } }, /* 创 */
	{ 0xB4B5, { 0x020, 0x740, 0x57C, 0x544, 0x590, 0x530, 0x730, 0x428, 0x048, 0x084, 0x000, 0x000 } }, /* 吹 */
	{ 0xB4B6, { 0x220, 0x220, 0x27C, 0x744, 0x290, 0x210, 0x330, 0x0A8, 0x448, 0x084, 0x000, 0x000 } }, /* 炊 */
	{ 0xB4B7, { 0x000, 0x200, 0x270, 0x230, 0x258, 0x248, 0x6FC, 0x248, 0x2FC, 0x200, 0x6FC, 0x000 } }, /* 捶 */
	{ 0xB4B8, { 0x000, 0x470, 0x730, 0x078, 0x240, 0x2FC, 0x240, 0x2FC, 0x300, 0x2FC, 0x000, 0x000 } }, /* 锤 */
	{ 0xB4B9, { 0x000, 0x000, 0x3C0, 0x040, 0x358, 0x158, 0x358, 0x140, 0x7FC, 0x040, 0x3F8, 0x000 } }, /* 垂 */
	{ 0xB4BA, { 0x040, 0x3FC, 0x040, 0x080, 0x7FC, 0x110, 0x71C, 0x1F0, 0x110, 0x110, 0x000, 0x000 } }, /* 春 */
	{ 0xB4BB, { 0x000, 0x200, 0x27C, 0x730, 0x220, 0x77C, 0x648, 0x2CC, 0x278, 0x248, 0x248, 0x000 } }, /* 椿 */
	{ 0xB4BC, { 0x000, 0x010, 0x33C, 0x31C, 0x7A4, 0x318, 0x7BC, 0x488, 0x7FC, 0x480, 0x490, 0x000 } }, /* 醇 */
	{ 0xB4BD, { 0x000, 0x3F8, 0x200, 0x1F8, 0x200, 0x228, 0x090, 0x48C, 0x5F8, 0x508, 0x108, 0x000 } }, /* 唇 */
	{ 0xB4BE, { 0x000, 0x420, 0x2FC, 0x000, 0x484, 0x0F8, 0x080, 0x218, 0x4FC, 0x420, 0x020, 0x000 } }, /* 淳 */
	{ 0xB4BF, { 0x000, 0x000, 0x210, 0x47C, 0x500, 0x204, 0x004, 0x77C, 0x000, 0x714, 0x01C, 0x000 } }, /* 纯 */
	{ 0xB4C0, { 0x000, 0x040, 0x3F8, 0x280, 0x190, 0x7FC, 0x1F0, 0x118, 0x5B4, 0x59C, 0x7FC, 0x000 } }, /* 蠢 */
	{ 0xB4C1, { 0x000, 0x010, 0x454, 0x050, 0x6F8, 0x210, 0x7D4, 0x7C8, 0x388, 0x198, 0x624, 0x000 } }, /* 戳 */
	{ 0xB4C2, { 0x000, 0x21C, 0x430, 0x744, 0x27C, 0x244, 0x710, 0x07C, 0x710, 0x010, 0x000, 0x000 } }, /* 绰 */
	{ 0xB4C3, { 0x000, 0x020, 0x3FC, 0x200, 0x650, 0x254, 0x278, 0x250, 0x250, 0x2F0, 0x50C, 0x000 } }, /* 疵 */
	{ 0xB4C4, { 0x110, 0x7FC, 0x110, 0x440, 0x2FC, 0x0A0, 0x020, 0x250, 0x4C8, 0x104, 0x000, 0x000 } }, /* 茨 */
	{ 0xB4C5, { 0x000, 0x728, 0x27C, 0x048, 0x748, 0x53C, 0x56C, 0x148, 0x52C, 0x0FC, 0x000, 0x000 } }, /* 磁 */
	{ 0xB4C6, { 0x028, 0x2A8, 0x2BC, 0x7E8, 0x6BC, 0x6A8, 0x6BC, 0x7E8, 0x4BC, 0x020, 0x000, 0x000 } }, /* 雌 */
	{ 0xB4C7, { 0x010, 0x77C, 0x020, 0x7A8, 0x07C, 0x310, 0x490, 0x490, 0x790, 0x410, 0x000, 0x000 } }, /* 辞 */
	{ 0xB4C8, { 0x000, 0x110, 0x1B0, 0x110, 0x280, 0x338, 0x290, 0x63C, 0x040, 0x504, 0x1F0, 0x000 } }, /* 慈 */
	{ 0xB4C9, { 0x000, 0x040, 0x2FC, 0x020, 0x658, 0x084, 0x7FC, 0x1F0, 0x210, 0x250, 0x39C, 0x000 } }, /* 瓷 */
	{ 0xB4CA, { 0x000, 0x000, 0x204, 0x074, 0x604, 0x274, 0x214, 0x254, 0x374, 0x204, 0x00C, 0x000 } }, /* 词 */
	{ 0xB4CB, { 0x000, 0x020, 0x120, 0x120, 0x52C, 0x5B0, 0x520, 0x520, 0x520, 0x7A4, 0x41C, 0x000 } }, /* 此 */
	{ 0xB4CC, { 0x000, 0x104, 0x184, 0x114, 0x7D4, 0x514, 0x554, 0x114, 0x344, 0x504, 0x10C, 0x000 } }, /* 刺 */
	{ 0xB4CD, { 0x73C, 0x444, 0x67C, 0x664, 0x620, 0x67C, 0x6A8, 0x250, 0x514, 0x46C, 0x000, 0x000 } }, /* 赐 */
	{ 0xB4CE, { 0x040, 0x440, 0x27C, 0x080, 0x020, 0x220, 0x220, 0x450, 0x488, 0x104, 0x000, 0x000 } }, /* 次 */
	{ 0xB4CF, { 0x008, 0x528, 0x57C, 0x744, 0x544, 0x710, 0x514, 0x5E4, 0x520, 0x138, 0x000, 0x000 } }, /* 聪 */
	{ 0xB4D0, { 0x000, 0x020, 0x7FC, 0x100, 0x3F8, 0x1A8, 0x168, 0x088, 0x040, 0x514, 0x0F0, 0x000 } }, /* 葱 */
	{ 0xB4D1, { 0x000, 0x080, 0x180, 0x404, 0x484, 0x4F4, 0x504, 0x464, 0x5A4, 0x404, 0x404, 0x000 } }, /* 囱 */
	{ 0xB4D2, { 0x100, 0x100, 0x3FC, 0x494, 0x584, 0x1E4, 0x264, 0x454, 0x084, 0x118, 0x000, 0x000 } }, /* 匆 */
	{ 0xB4D3, { 0x000, 0x100, 0x100, 0x110, 0x130, 0x330, 0x2B0, 0x248, 0x444, 0x084, 0x000, 0x000 } }, /* 从 */
	{ 0xB4D4, { 0x000, 0x110, 0x110, 0x110, 0x110, 0x110, 0x2A8, 0x26C, 0x444, 0x000, 0x7FC, 0x000 } }, /* 丛 */
	{ 0xB4D5, { 0x020, 0x4FC, 0x420, 0x060, 0x0D8, 0x2FC, 0x520, 0x4E8, 0x070, 0x180, 0x000, 0x000 } }, /* 凑 */
	{ 0xB4D6, { 0x000, 0x4A4, 0x584, 0x23C, 0x304, 0x304, 0x6BC, 0x404, 0x004, 0x07C, 0x000, 0x000 } }, /* 粗 */
	{ 0xB4D7, { 0x000, 0x000, 0x33C, 0x300, 0x7B8, 0x780, 0x5BC, 0x4A4, 0x7BC, 0x4A4, 0x4A4, 0x000 } }, /* 醋 */
	{ 0xB4D8, { 0x000, 0x210, 0x3FC, 0x408, 0x220, 0x7E0, 0x23C, 0x3D0, 0x07C, 0x428, 0x144, 0x000 } }, /* 簇 */
	{ 0xB4D9, { 0x000, 0x000, 0x24C, 0x204, 0x67C, 0x210, 0x210, 0x29C, 0x2D0, 0x2B0, 0x31C, 0x000 } }, /* 促 */
	{ 0xB4DA, { 0x010, 0x5FC, 0x508, 0x7D4, 0x254, 0x77C, 0x610, 0x614, 0x77C, 0x010, 0x000, 0x000 } }, /* 蹿 */
	{ 0xB4DB, { 0x000, 0x210, 0x7A8, 0x1E8, 0x3F8, 0x3F8, 0x3F8, 0x080, 0x190, 0x6AC, 0x1F0, 0x000 } }, /* 篡 */
	{ 0xB4DC, { 0x000, 0x040, 0x7FC, 0x110, 0x64C, 0x248, 0x3F8, 0x040, 0x64C, 0x7FC, 0x040, 0x000 } }, /* 窜 */
	{ 0xB4DD, { 0x210, 0x294, 0x77C, 0x250, 0x3FC, 0x7F8, 0x250, 0x27C, 0x250, 0x440, 0x000, 0x000 } }, /* 摧 */
	{ 0xB4DE, { 0x040, 0x244, 0x340, 0x360, 0x260, 0x7F8, 0x200, 0x3F8, 0x260, 0x200, 0x000, 0x000 } }, /* 崔 */
	{ 0xB4DF, { 0x000, 0x000, 0x294, 0x27C, 0x650, 0x2FC, 0x3D0, 0x290, 0x2FC, 0x2D0, 0x280, 0x000 } }, /* 催 */
	{ 0xB4E0, { 0x000, 0x020, 0x578, 0x548, 0x77C, 0x540, 0x574, 0x564, 0x568, 0x580, 0x09C, 0x000 } }, /* 脆 */
	{ 0xB4E1, { 0x000, 0x020, 0x3FC, 0x220, 0x6FC, 0x248, 0x6F8, 0x200, 0x3FC, 0x220, 0x420, 0x000 } }, /* 瘁 */
	{ 0xB4E2, { 0x000, 0x210, 0x290, 0x628, 0x328, 0x26C, 0x350, 0x610, 0x654, 0x210, 0x210, 0x000 } }, /* 粹 */
	{ 0xB4E3, { 0x000, 0x420, 0x2FC, 0x008, 0x448, 0x2D8, 0x124, 0x220, 0x5FC, 0x420, 0x020, 0x000 } }, /* 淬 */
	{ 0xB4E4, { 0x3B8, 0x084, 0x284, 0x7B4, 0x040, 0x110, 0x3B8, 0x240, 0x440, 0x040, 0x000, 0x000 } }, /* 翠 */
	{ 0xB4E5, { 0x000, 0x008, 0x008, 0x708, 0x308, 0x308, 0x7A8, 0x408, 0x008, 0x008, 0x010, 0x000 } }, /* 村 */
	{ 0xB4E6, { 0x000, 0x080, 0x3FC, 0x180, 0x100, 0x208, 0x610, 0x2FC, 0x210, 0x210, 0x220, 0x000 } }, /* 存 */
	{ 0xB4E7, { 0x000, 0x010, 0x010, 0x010, 0x010, 0x010, 0x210, 0x110, 0x010, 0x010, 0x060, 0x000 } }, /* 寸 */
	{ 0xB4E8, { 0x000, 0x028, 0x77C, 0x210, 0x27C, 0x310, 0x47C, 0x020, 0x3D0, 0x310, 0x07C, 0x000 } }, /* 磋 */
	{ 0xB4E9, { 0x278, 0x2F8, 0x68C, 0x200, 0x2FC, 0x6FC, 0x2A4, 0x2A8, 0x2EC, 0x430, 0x000, 0x000 } }, /* 撮 */
	{ 0xB4EA, { 0x208, 0x268, 0x230, 0x27C, 0x220, 0x3FC, 0x220, 0x250, 0x290, 0x67C, 0x000, 0x000 } }, /* 搓 */
	{ 0xB4EB, { 0x228, 0x278, 0x728, 0x228, 0x200, 0x678, 0x244, 0x278, 0x24C, 0x444, 0x000, 0x000 } }, /* 措 */
	{ 0xB4EC, { 0x200, 0x200, 0x688, 0x2CC, 0x2B4, 0x600, 0x27C, 0x200, 0x230, 0x400, 0x000, 0x000 } }, /* 挫 */
	{ 0xB4ED, { 0x208, 0x228, 0x768, 0x428, 0x200, 0x778, 0x244, 0x27C, 0x344, 0x044, 0x000, 0x000 } }, /* 错 */
	{ 0xB4EE, { 0x248, 0x2FC, 0x248, 0x230, 0x248, 0x6FC, 0x200, 0x24C, 0x244, 0x444, 0x000, 0x000 } }, /* 搭 */
	{ 0xB4EF, { 0x000, 0x020, 0x220, 0x020, 0x020, 0x620, 0x230, 0x248, 0x284, 0x700, 0x0FC, 0x000 } }, /* 达 */
	{ 0xB4F0, { 0x000, 0x210, 0x3BC, 0x548, 0x0C0, 0x130, 0x7EC, 0x000, 0x310, 0x310, 0x310, 0x000 } }, /* 答 */
	{ 0xB4F1, { 0x000, 0x020, 0x3FC, 0x240, 0x6FC, 0x270, 0x6D8, 0x250, 0x2F8, 0x088, 0x4F8, 0x000 } }, /* 瘩 */
	{ 0xB4F2, { 0x200, 0x27C, 0x790, 0x210, 0x210, 0x310, 0x210, 0x210, 0x210, 0x630, 0x000, 0x000 } }, /* 打 */
	{ 0xB4F3, { 0x000, 0x040, 0x040, 0x040, 0x7FC, 0x040, 0x0E0, 0x0A0, 0x110, 0x208, 0x404, 0x000 } }, /* 大 */
	{ 0xB4F4, { 0x000, 0x1F0, 0x208, 0x208, 0x3F8, 0x040, 0x7FC, 0x0E0, 0x150, 0x64C, 0x440, 0x000 } }, /* 呆 */
	{ 0xB4F5, { 0x000, 0x7FC, 0x080, 0x0F8, 0x108, 0x208, 0x0D0, 0x060, 0x0C0, 0x700, 0x000, 0x000 } }, /* 歹 */
	{ 0xB4F6, { 0x000, 0x220, 0x2FC, 0x220, 0x660, 0x6FC, 0x288, 0x3AC, 0x270, 0x2AC, 0x220, 0x000 } }, /* 傣 */
	{ 0xB4F7, { 0x000, 0x100, 0x104, 0x7FC, 0x7D0, 0x7D4, 0x7D0, 0x298, 0x298, 0x2B8, 0x464, 0x000 } }, /* 戴 */
	{ 0xB4F8, { 0x000, 0x040, 0x7FC, 0x150, 0x000, 0x444, 0x040, 0x248, 0x248, 0x248, 0x040, 0x000 } }, /* 带 */
	{ 0xB4F9, { 0x000, 0x010, 0x7A0, 0x228, 0x3FC, 0x480, 0x478, 0x344, 0x144, 0x27C, 0x444, 0x000 } }, /* 殆 */
	{ 0xB4FA, { 0x100, 0x248, 0x200, 0x22C, 0x6E0, 0x220, 0x220, 0x210, 0x214, 0x20C, 0x000, 0x000 } }, /* 代 */
	{ 0xB4FB, { 0x000, 0x150, 0x24C, 0x6E0, 0x234, 0x20C, 0x3F8, 0x248, 0x248, 0x0B0, 0x70C, 0x000 } }, /* 贷 */
	{ 0xB4FC, { 0x108, 0x22C, 0x6E0, 0x210, 0x25C, 0x7FC, 0x180, 0x338, 0x558, 0x184, 0x000, 0x000 } }, /* 袋 */
	{ 0xB4FD, { 0x120, 0x220, 0x420, 0x120, 0x208, 0x608, 0x248, 0x248, 0x208, 0x210, 0x000, 0x000 } }, /* 待 */
	{ 0xB4FE, { 0x000, 0x020, 0x4FC, 0x0FC, 0x024, 0x6F8, 0x2A8, 0x270, 0x2AC, 0x760, 0x4FC, 0x000 } }, /* 逮 */
	{ 0xB5A1, { 0x000, 0x080, 0x110, 0x3FC, 0x000, 0x208, 0x3F8, 0x000, 0x544, 0x504, 0x1F0, 0x000 } }, /* 怠 */
	{ 0xB5A2, { 0x010, 0x590, 0x57C, 0x754, 0x510, 0x730, 0x530, 0x7A0, 0x142, 0x18C, 0x000, 0x000 } }, /* 耽 */
	{ 0xB5A3, { 0x000, 0x200, 0x244, 0x744, 0x24C, 0x244, 0x644, 0x27C, 0x200, 0x200, 0x600, 0x000 } }, /* 担 */
	{ 0xB5A4, { 0x1F0, 0x110, 0x140, 0x140, 0x110, 0x7FC, 0x200, 0x200, 0x610, 0x430, 0x000, 0x000 } }, /* 丹 */
	{ 0xB5A5, { 0x000, 0x110, 0x020, 0x3F8, 0x248, 0x3F8, 0x248, 0x040, 0x7FC, 0x040, 0x040, 0x000 } }, /* 单 */
	{ 0xB5A6, { 0x080, 0x294, 0x7D4, 0x550, 0x558, 0x554, 0x110, 0x7D2, 0x11C, 0x110, 0x000, 0x000 } }, /* 郸 */
	{ 0xB5A7, { 0x248, 0x208, 0x2FC, 0x2B4, 0x2B4, 0x6B4, 0x230, 0x2FC, 0x200, 0x400, 0x000, 0x000 } }, /* 掸 */
	{ 0xB5A8, { 0x000, 0x300, 0x56C, 0x544, 0x77C, 0x544, 0x744, 0x57C, 0x500, 0x57C, 0x000, 0x000 } }, /* 胆 */
	{ 0xB5A9, { 0x000, 0x000, 0x208, 0x208, 0x208, 0x208, 0x208, 0x308, 0x000, 0x000, 0x000, 0x000 } }, /* 旦 */
	{ 0xB5AA, { 0x000, 0x300, 0x200, 0x5F8, 0x3F8, 0x2A8, 0x088, 0x628, 0x088, 0x1CC, 0x624, 0x000 } }, /* 氮 */
	{ 0xB5AB, { 0x000, 0x200, 0x2FC, 0x284, 0x684, 0x2CC, 0x284, 0x2CC, 0x200, 0x200, 0x200, 0x000 } }, /* 但 */
	{ 0xB5AC, { 0x248, 0x200, 0x2FC, 0x794, 0x2BC, 0x2B4, 0x230, 0x2FC, 0x200, 0x200, 0x000, 0x000 } }, /* 惮 */
	{ 0xB5AD, { 0x420, 0x2A8, 0x020, 0x448, 0x084, 0x024, 0x2A8, 0x030, 0x448, 0x084, 0x000, 0x000 } }, /* 淡 */
	{ 0xB5AE, { 0x000, 0x40C, 0x488, 0x088, 0x4AC, 0x5E8, 0x468, 0x5A8, 0x684, 0x7C0, 0x11C, 0x000 } }, /* 诞 */
	{ 0xB5AF, { 0x000, 0x048, 0x108, 0x1FC, 0x694, 0x4F4, 0x7F4, 0x110, 0x1B4, 0x210, 0x410, 0x000 } }, /* 弹 */
	{ 0xB5B0, { 0x7FC, 0x044, 0x178, 0x3C0, 0x47C, 0x3F8, 0x248, 0x3F8, 0x048, 0x784, 0x000, 0x000 } }, /* 蛋 */
	{ 0xB5B1, { 0x040, 0x24C, 0x348, 0x040, 0x7FC, 0x004, 0x3FC, 0x004, 0x3FC, 0x004, 0x000, 0x000 } }, /* 当 */
	{ 0xB5B2, { 0x210, 0x294, 0x254, 0x210, 0x27C, 0x304, 0x27C, 0x204, 0x27C, 0x604, 0x000, 0x000 } }, /* 挡 */
	{ 0xB5B3, { 0x040, 0x348, 0x7FC, 0x404, 0x1F0, 0x000, 0x1F0, 0x020, 0x124, 0x63C, 0x000, 0x000 } }, /* 党 */
	{ 0xB5B4, { 0x000, 0x7FC, 0x000, 0x2F8, 0x420, 0x0FC, 0x054, 0x294, 0x424, 0x4C8, 0x000, 0x000 } }, /* 荡 */
	{ 0xB5B5, { 0x210, 0x254, 0x258, 0x210, 0x77C, 0x704, 0xA7C, 0x204, 0x2FC, 0x204, 0x000, 0x000 } }, /* 档 */
	{ 0xB5B6, { 0x000, 0x7FC, 0x084, 0x084, 0x084, 0x084, 0x084, 0x104, 0x208, 0x418, 0x000, 0x000 } }, /* 刀 */
	{ 0xB5B7, { 0x000, 0x220, 0x27C, 0x244, 0x244, 0x248, 0x67C, 0x220, 0x2AC, 0x2FC, 0x40C, 0x000 } }, /* 捣 */
	{ 0xB5B8, { 0x000, 0x01C, 0x500, 0x554, 0x744, 0x220, 0x744, 0x664, 0x644, 0x77C, 0x044, 0x000 } }, /* 蹈 */
	{ 0xB5B9, { 0x000, 0x204, 0x2E4, 0x28C, 0x6AC, 0x6EC, 0x24C, 0x2EC, 0x244, 0x2E4, 0x20C, 0x000 } }, /* 倒 */
	{ 0xB5BA, { 0x000, 0x080, 0x3F8, 0x288, 0x258, 0x210, 0x184, 0x484, 0x484, 0x7E4, 0x008, 0x000 } }, /* 岛 */
	{ 0xB5BB, { 0x000, 0x220, 0x27C, 0x720, 0x07C, 0x220, 0x768, 0x27C, 0x2C8, 0x288, 0x208, 0x000 } }, /* 祷 */
	{ 0xB5BC, { 0x3F8, 0x208, 0x3F8, 0x204, 0x3FC, 0x010, 0x7FC, 0x210, 0x110, 0x030, 0x000, 0x000 } }, /* 导 */
	{ 0xB5BD, { 0x004, 0x304, 0x214, 0x654, 0x7D4, 0x114, 0x7D4, 0x114, 0x3C4, 0x40C, 0x000, 0x000 } }, /* 到 */
	{ 0xB5BE, { 0x11C, 0x600, 0x254, 0x744, 0x220, 0x344, 0x664, 0x244, 0x27C, 0x240, 0x000, 0x000 } }, /* 稻 */
	{ 0xB5BF, { 0x210, 0x21C, 0x37C, 0x7C4, 0xA7C, 0x244, 0x210, 0x2FC, 0x210, 0x210, 0x000, 0x000 } }, /* 悼 */
	{ 0xB5C0, { 0x000, 0x048, 0x458, 0x020, 0x0F8, 0x48C, 0x288, 0x2FC, 0x28C, 0x600, 0x0FC, 0x000 } }, /* 道 */
	{ 0xB5C1, { 0x000, 0x040, 0x27C, 0x0A4, 0x130, 0x258, 0x484, 0x3F8, 0x2A8, 0x2A8, 0x7FC, 0x000 } }, /* 盗 */
	{ 0xB5C2, { 0x000, 0x220, 0x2FC, 0x420, 0x2B4, 0x2F4, 0x600, 0x2FC, 0x244, 0x34C, 0x278, 0x000 } }, /* 德 */
	{ 0xB5C3, { 0x078, 0x244, 0x47C, 0x37C, 0x200, 0x608, 0x2FC, 0x208, 0x248, 0x218, 0x000, 0x000 } }, /* 得 */
	{ 0xB5C4, { 0x000, 0x220, 0x7BC, 0x4C4, 0x484, 0x784, 0x494, 0x484, 0x784, 0x498, 0x000, 0x000 } }, /* 的 */
	{ 0xB5C5, { 0x000, 0x040, 0x528, 0x54C, 0x77C, 0x284, 0x648, 0x678, 0x608, 0x708, 0x47C, 0x000 } }, /* 蹬 */
	{ 0xB5C6, { 0x100, 0x07C, 0x000, 0x580, 0x100, 0x200, 0x300, 0x280, 0x400, 0x430, 0x000, 0x000 } }, /* 灯 */
	{ 0xB5C7, { 0x000, 0x028, 0x0B0, 0x518, 0x3F8, 0x60C, 0x1F0, 0x110, 0x1F0, 0x110, 0x7FC, 0x000 } }, /* 登 */
	{ 0xB5C8, { 0x000, 0x210, 0x7BC, 0x040, 0x3F8, 0x040, 0x7FC, 0x010, 0x110, 0x110, 0x030, 0x000 } }, /* 等 */
	{ 0xB5C9, { 0x000, 0x670, 0x530, 0x5CC, 0x57C, 0x184, 0x748, 0x148, 0x548, 0x508, 0x0FC, 0x000 } }, /* 瞪 */
	{ 0xB5CA, { 0x000, 0x3B8, 0x0B4, 0x3F8, 0x7FC, 0x110, 0x130, 0x7FC, 0x000, 0x114, 0x71C, 0x000 } }, /* 凳 */
	{ 0xB5CB, { 0x000, 0x0B4, 0x0A4, 0x2A0, 0x128, 0x124, 0x3A4, 0x2AC, 0x420, 0x020, 0x000, 0x000 } }, /* 邓 */
	{ 0xB5CC, { 0x000, 0x27C, 0x244, 0x27C, 0x74C, 0x200, 0x2FC, 0x310, 0x6D8, 0x0F0, 0x11C, 0x000 } }, /* 堤 */
	{ 0xB5CD, { 0x000, 0x200, 0x2F0, 0x280, 0x690, 0x6FC, 0x290, 0x290, 0x2D0, 0x2C8, 0x224, 0x000 } }, /* 低 */
	{ 0xB5CE, { 0x000, 0x020, 0x2FC, 0x048, 0x4FC, 0x284, 0x0FC, 0x234, 0x444, 0x474, 0x004, 0x000 } }, /* 滴 */
	{ 0xB5CF, { 0x000, 0x000, 0x220, 0x0FC, 0x0A4, 0x6B4, 0x2A4, 0x2A4, 0x2FC, 0x700, 0x0FC, 0x000 } }, /* 迪 */
	{ 0xB5D0, { 0x000, 0x090, 0x720, 0x03C, 0x7E8, 0x068, 0x7A8, 0x498, 0x490, 0x7BC, 0x044, 0x000 } }, /* 敌 */
	{ 0xB5D1, { 0x000, 0x200, 0x3BC, 0x548, 0x148, 0x040, 0x248, 0x268, 0x248, 0x3F8, 0x208, 0x000 } }, /* 笛 */
	{ 0xB5D2, { 0x010, 0x310, 0x254, 0x554, 0x110, 0x330, 0x530, 0x128, 0x14C, 0x684, 0x000, 0x000 } }, /* 狄 */
	{ 0xB5D3, { 0x000, 0x040, 0x278, 0x0C8, 0x430, 0x278, 0x020, 0x2FC, 0x220, 0x4A4, 0x160, 0x000 } }, /* 涤 */
	{ 0xB5D4, { 0x000, 0x3B8, 0x2A4, 0x08C, 0x6B4, 0x140, 0x3F8, 0x7F8, 0x260, 0x260, 0x3FC, 0x000 } }, /* 翟 */
	{ 0xB5D5, { 0x000, 0x010, 0x0FC, 0x608, 0x57C, 0x594, 0x5B4, 0x6B4, 0x3A4, 0x4B4, 0x48C, 0x000 } }, /* 嫡 */
	{ 0xB5D6, { 0x000, 0x208, 0x250, 0x710, 0x210, 0x27C, 0x610, 0x200, 0x268, 0x26C, 0x404, 0x000 } }, /* 抵 */
	{ 0xB5D7, { 0x000, 0x040, 0x3FC, 0x200, 0x2F0, 0x2A0, 0x2FC, 0x090, 0x4D0, 0x4CC, 0x42C, 0x000 } }, /* 底 */
	{ 0xB5D8, { 0x000, 0x210, 0x210, 0x254, 0x774, 0x2D4, 0x214, 0x21C, 0x310, 0x444, 0x07C, 0x000 } }, /* 地 */
	{ 0xB5D9, { 0x110, 0x7FC, 0x040, 0x7FC, 0x110, 0x7FC, 0x040, 0x248, 0x248, 0x040, 0x000, 0x000 } }, /* 蒂 */
	{ 0xB5DA, { 0x000, 0x200, 0x3FC, 0x408, 0x3F8, 0x048, 0x240, 0x240, 0x0C4, 0x144, 0x440, 0x000 } }, /* 第 */
	{ 0xB5DB, { 0x000, 0x040, 0x7FC, 0x110, 0x1B0, 0x444, 0x040, 0x248, 0x248, 0x258, 0x040, 0x000 } }, /* 帝 */
	{ 0xB5DC, { 0x000, 0x010, 0x0B0, 0x04C, 0x044, 0x260, 0x040, 0x3FC, 0x0C4, 0x34C, 0x440, 0x000 } }, /* 弟 */
	{ 0xB5DD, { 0x000, 0x040, 0x450, 0x224, 0x0FC, 0x6A0, 0x2FC, 0x264, 0x2AC, 0x720, 0x0FC, 0x000 } }, /* 递 */
	{ 0xB5DE, { 0x000, 0x210, 0x27C, 0x508, 0x7FC, 0x290, 0x430, 0x654, 0x014, 0x71C, 0x010, 0x000 } }, /* 缔 */
	{ 0xB5DF, { 0x100, 0x798, 0x790, 0x4A4, 0x4A4, 0x4A4, 0x7A4, 0x790, 0x29C, 0x464, 0x000, 0x000 } }, /* 颠 */
	{ 0xB5E0, { 0x000, 0x210, 0x27C, 0x690, 0x290, 0x290, 0x690, 0x2A4, 0x2A4, 0x2BC, 0x404, 0x000 } }, /* 掂 */
	{ 0xB5E1, { 0x020, 0x6FC, 0x078, 0x0C8, 0x4C8, 0x0C8, 0x2F8, 0x5FC, 0x448, 0x184, 0x000, 0x000 } }, /* 滇 */
	{ 0xB5E2, { 0x020, 0x738, 0x234, 0x224, 0x77C, 0xD24, 0x1FC, 0x308, 0x048, 0x084, 0x000, 0x000 } }, /* 碘 */
	{ 0xB5E3, { 0x040, 0x078, 0x040, 0x3F8, 0x208, 0x208, 0x3F8, 0x000, 0x4A4, 0x484, 0x000, 0x000 } }, /* 点 */
	{ 0xB5E4, { 0x0A0, 0x0A0, 0x2A8, 0x2A8, 0x3F8, 0x2A8, 0x7FC, 0x000, 0x118, 0x604, 0x000, 0x000 } }, /* 典 */
	{ 0xB5E5, { 0x000, 0x7BC, 0x300, 0x300, 0x018, 0x788, 0x7A8, 0x4A0, 0x4F8, 0x5C4, 0x000, 0x000 } }, /* 靛 */
	{ 0xB5E6, { 0x000, 0x020, 0x778, 0x228, 0x768, 0x278, 0x284, 0x040, 0x3F8, 0x040, 0x7FC, 0x000 } }, /* 垫 */
	{ 0xB5E7, { 0x000, 0x040, 0x7F8, 0x408, 0x7F8, 0x408, 0x4C8, 0x4C0, 0x000, 0x07C, 0x000, 0x000 } }, /* 电 */
	{ 0xB5E8, { 0x000, 0x200, 0x2FC, 0x684, 0x684, 0x6FC, 0x294, 0x284, 0x284, 0x2FC, 0x280, 0x000 } }, /* 佃 */
	{ 0xB5E9, { 0x000, 0x100, 0x3FC, 0x204, 0x7E4, 0x294, 0x3F4, 0x214, 0x3F4, 0x204, 0x008, 0x000 } }, /* 甸 */
	{ 0xB5EA, { 0x000, 0x040, 0x3FC, 0x200, 0x220, 0x220, 0x020, 0x1F8, 0x508, 0x5F8, 0x508, 0x000 } }, /* 店 */
	{ 0xB5EB, { 0x000, 0x210, 0x27C, 0x300, 0x690, 0x210, 0x210, 0x2A4, 0x2A4, 0x2BC, 0x224, 0x000 } }, /* 惦 */
	{ 0xB5EC, { 0x000, 0x010, 0x7FC, 0x0A0, 0x2A8, 0x318, 0x3F8, 0x3F8, 0x4C4, 0x0E0, 0x71C, 0x000 } }, /* 奠 */
	{ 0xB5ED, { 0x020, 0x2FC, 0x084, 0x400, 0x230, 0x080, 0x290, 0x280, 0x560, 0x11C, 0x000, 0x000 } }, /* 淀 */
	{ 0xB5EE, { 0x000, 0x458, 0x640, 0x524, 0x7C0, 0x594, 0x7D0, 0x418, 0x558, 0x224, 0x000, 0x000 } }, /* 殿 */
	{ 0xB5EF, { 0x07C, 0x744, 0x214, 0x614, 0x57C, 0x504, 0x52C, 0x7AC, 0x084, 0x08C, 0x000, 0x000 } }, /* 碉 */
	{ 0xB5F0, { 0x000, 0x704, 0x504, 0x514, 0x514, 0x524, 0x544, 0x5C4, 0x404, 0x018, 0x000, 0x000 } }, /* 叼 */
	{ 0xB5F1, { 0x000, 0x018, 0x550, 0x57C, 0x568, 0x7FC, 0x748, 0x65C, 0x7C8, 0x05C, 0x080, 0x000 } }, /* 雕 */
	{ 0xB5F2, { 0x000, 0x4B4, 0x2B4, 0x0B4, 0x0B4, 0x284, 0x4BC, 0x4AC, 0x104, 0x10C, 0x000, 0x000 } }, /* 凋 */
	{ 0xB5F3, { 0x000, 0x000, 0x3FC, 0x004, 0x004, 0x064, 0x0C4, 0x104, 0x604, 0x00C, 0x010, 0x000 } }, /* 刁 */
	{ 0xB5F4, { 0x220, 0x23C, 0x730, 0x2C4, 0x27C, 0x6C4, 0x230, 0x2FC, 0x200, 0x400, 0x000, 0x000 } }, /* 掉 */
	{ 0xB5F5, { 0x3F8, 0x208, 0x208, 0x3F8, 0x040, 0x7FC, 0x444, 0x444, 0x44C, 0x040, 0x000, 0x000 } }, /* 吊 */
	{ 0xB5F6, { 0x000, 0x220, 0x220, 0x43C, 0x444, 0x244, 0x224, 0x214, 0x204, 0x304, 0x218, 0x000 } }, /* 钓 */
	{ 0xB5F7, { 0x000, 0x284, 0x014, 0x414, 0x23C, 0x284, 0x2AC, 0x3AC, 0x284, 0x10C, 0x000, 0x000 } }, /* 调 */
	{ 0xB5F8, { 0x000, 0x010, 0x4D0, 0x4FC, 0x750, 0x010, 0x5FC, 0x410, 0x428, 0x724, 0x044, 0x000 } }, /* 跌 */
	{ 0xB5F9, { 0x000, 0x110, 0x2A8, 0x0E0, 0x7DC, 0x1F0, 0x0A0, 0x3E0, 0x088, 0x050, 0x3C0, 0x000 } }, /* 爹 */
	{ 0xB5FA, { 0x000, 0x77C, 0x254, 0x058, 0x77C, 0x510, 0x57C, 0x738, 0x554, 0x010, 0x000, 0x000 } }, /* 碟 */
	{ 0xB5FB, { 0x000, 0x214, 0x27C, 0x754, 0x75C, 0x740, 0x710, 0x27C, 0x338, 0x6D4, 0x010, 0x000 } }, /* 蝶 */
	{ 0xB5FC, { 0x000, 0x020, 0x6A0, 0x0F8, 0x020, 0x6FC, 0x220, 0x258, 0x288, 0x700, 0x0FC, 0x000 } }, /* 迭 */
	{ 0xB5FD, { 0x428, 0x2E8, 0x0A8, 0x4B8, 0x280, 0x030, 0x0FC, 0x370, 0x2CC, 0x000, 0x000, 0x000 } }, /* 谍 */
	{ 0xB5FE, { 0x000, 0x3F0, 0x1E0, 0x198, 0x7B8, 0x3B8, 0x7FC, 0x1F0, 0x1F0, 0x1F0, 0x7FC, 0x000 } }, /* 叠 */
	{ 0xB6A1, { 0x000, 0x000, 0x7FC, 0x040, 0x040, 0x040, 0x040, 0x040, 0x040, 0x040, 0x180, 0x000 } }, /* 丁 */
	{ 0xB6A2, { 0x000, 0x5FC, 0x488, 0x788, 0x488, 0x788, 0x488, 0x488, 0x788, 0x410, 0x000, 0x000 } }, /* 盯 */
	{ 0xB6A3, { 0x000, 0x77C, 0x508, 0x508, 0x508, 0x508, 0x708, 0x508, 0x408, 0x030, 0x000, 0x000 } }, /* 叮 */
	{ 0xB6A4, { 0x000, 0x200, 0x23C, 0x400, 0x780, 0x200, 0x780, 0x200, 0x200, 0x300, 0x230, 0x000 } }, /* 钉 */
	{ 0xB6A5, { 0x000, 0x720, 0x220, 0x244, 0x204, 0x204, 0x224, 0x220, 0x668, 0x084, 0x000, 0x000 } }, /* 顶 */
	{ 0xB6A6, { 0x1F0, 0x110, 0x514, 0x5F4, 0x5F4, 0x714, 0x0A0, 0x7BC, 0x0A4, 0x4A4, 0x000, 0x000 } }, /* 鼎 */
	{ 0xB6A7, { 0x000, 0x210, 0x67C, 0x444, 0x000, 0x210, 0x210, 0x250, 0x250, 0x3F0, 0x28C, 0x000 } }, /* 锭 */
	{ 0xB6A8, { 0x000, 0x040, 0x040, 0x404, 0x000, 0x040, 0x040, 0x278, 0x240, 0x5C0, 0x47C, 0x000 } }, /* 定 */
	{ 0xB6A9, { 0x000, 0x27C, 0x010, 0x010, 0x210, 0x210, 0x210, 0x290, 0x310, 0x230, 0x000, 0x000 } }, /* 订 */
	{ 0xB6AA, { 0x000, 0x000, 0x3F0, 0x040, 0x3F8, 0x040, 0x7FC, 0x080, 0x110, 0x318, 0x300, 0x000 } }, /* 丢 */
	{ 0xB6AB, { 0x000, 0x000, 0x080, 0x7F8, 0x100, 0x240, 0x3F8, 0x040, 0x348, 0x644, 0x0C0, 0x000 } }, /* 东 */
	{ 0xB6AC, { 0x000, 0x000, 0x1F8, 0x310, 0x4A0, 0x0E0, 0x71C, 0x0E0, 0x000, 0x1C0, 0x030, 0x000 } }, /* 冬 */
	{ 0xB6AD, { 0x000, 0x020, 0x1B0, 0x1F8, 0x3C0, 0x040, 0x248, 0x248, 0x040, 0x3F8, 0x7FC, 0x000 } }, /* 董 */
	{ 0xB6AE, { 0x000, 0x040, 0x278, 0x27C, 0x7F0, 0xA30, 0x2A4, 0x2B4, 0x230, 0x2FC, 0x1FC, 0x000 } }, /* 懂 */
	{ 0xB6AF, { 0x010, 0x790, 0x010, 0x014, 0x794, 0x214, 0x094, 0x7A4, 0x064, 0x04C, 0x000, 0x000 } }, /* 动 */
	{ 0xB6B0, { 0x000, 0x220, 0x220, 0x760, 0x250, 0x350, 0x750, 0x210, 0x254, 0x294, 0x230, 0x000 } }, /* 栋 */
	{ 0xB6B1, { 0x000, 0x200, 0x284, 0x284, 0x684, 0x6B4, 0x284, 0x284, 0x2B4, 0x284, 0x28C, 0x000 } }, /* 侗 */
	{ 0xB6B2, { 0x000, 0x200, 0x2C4, 0x284, 0x784, 0x2B4, 0x2AC, 0x2AC, 0x2B4, 0x284, 0x28C, 0x000 } }, /* 恫 */
	{ 0xB6B3, { 0x000, 0x020, 0x460, 0x640, 0x000, 0x0B0, 0x2B0, 0x400, 0x484, 0x104, 0x060, 0x000 } }, /* 冻 */
	{ 0xB6B4, { 0x400, 0x284, 0x084, 0x484, 0x2B4, 0x0C4, 0x2C4, 0x2B4, 0x484, 0x48C, 0x000, 0x000 } }, /* 洞 */
	{ 0xB6B5, { 0x000, 0x040, 0x6EC, 0x4A4, 0x4E4, 0x6A4, 0x400, 0x0A0, 0x0A0, 0x124, 0x61C, 0x000 } }, /* 兜 */
	{ 0xB6B6, { 0x208, 0x228, 0x728, 0x208, 0x248, 0x328, 0x20C, 0x2E8, 0x208, 0x608, 0x000, 0x000 } }, /* 抖 */
	{ 0xB6B7, { 0x000, 0x010, 0x110, 0x090, 0x210, 0x110, 0x010, 0x7FC, 0x010, 0x010, 0x010, 0x000 } }, /* 斗 */
	{ 0xB6B8, { 0x000, 0x010, 0x710, 0x510, 0x610, 0x510, 0x550, 0x554, 0x450, 0x4B0, 0x40C, 0x000 } }, /* 陡 */
	{ 0xB6B9, { 0x000, 0x000, 0x000, 0x1F0, 0x208, 0x208, 0x3F8, 0x010, 0x110, 0x020, 0x7FC, 0x000 } }, /* 豆 */
	{ 0xB6BA, { 0x000, 0x000, 0x200, 0x0F8, 0x084, 0x6FC, 0x208, 0x248, 0x3FC, 0x700, 0x0FC, 0x000 } }, /* 逗 */
	{ 0xB6BB, { 0x000, 0x020, 0x3FC, 0x200, 0x684, 0x278, 0x684, 0x2F8, 0x248, 0x250, 0x4FC, 0x000 } }, /* 痘 */
	{ 0xB6BC, { 0x100, 0x154, 0x194, 0x7D0, 0x118, 0x3D4, 0x654, 0x3D4, 0x250, 0x250, 0x000, 0x000 } }, /* 都 */
	{ 0xB6BD, { 0x100, 0x134, 0x7D0, 0x198, 0x53C, 0x3F0, 0x208, 0x208, 0x3F8, 0x3F8, 0x000, 0x000 } }, /* 督 */
	{ 0xB6BE, { 0x040, 0x040, 0x3F8, 0x7FC, 0x1F8, 0x248, 0x7FC, 0x248, 0x3FC, 0x010, 0x000, 0x000 } }, /* 毒 */
	{ 0xB6BF, { 0x000, 0x210, 0x27C, 0x610, 0x204, 0x250, 0x350, 0x650, 0x27C, 0x228, 0x2C4, 0x000 } }, /* 犊 */
	{ 0xB6C0, { 0x010, 0x710, 0x27C, 0x454, 0x154, 0x354, 0x570, 0x110, 0x114, 0x6E4, 0x000, 0x000 } }, /* 独 */
	{ 0xB6C1, { 0x000, 0x2FC, 0x010, 0x4D4, 0x254, 0x290, 0x250, 0x330, 0x228, 0x0C4, 0x000, 0x000 } }, /* 读 */
	{ 0xB6C2, { 0x220, 0x274, 0x228, 0x638, 0x220, 0x2F8, 0x244, 0x678, 0x044, 0x04C, 0x000, 0x000 } }, /* 堵 */
	{ 0xB6C3, { 0x000, 0x020, 0x778, 0x128, 0x77C, 0x110, 0x778, 0x5C4, 0x57C, 0x544, 0x04C, 0x000 } }, /* 睹 */
	{ 0xB6C4, { 0x010, 0x434, 0x610, 0x638, 0x610, 0x63C, 0x6E4, 0x22C, 0x524, 0x424, 0x000, 0x000 } }, /* 赌 */
	{ 0xB6C5, { 0x000, 0x000, 0x210, 0x210, 0x27C, 0x210, 0x710, 0x610, 0x210, 0x27C, 0x200, 0x000 } }, /* 杜 */
	{ 0xB6C6, { 0x000, 0x210, 0x27C, 0x428, 0x47C, 0x238, 0x600, 0x2BC, 0x288, 0x298, 0x064, 0x000 } }, /* 镀 */
	{ 0xB6C7, { 0x000, 0x000, 0x790, 0x490, 0x79C, 0x490, 0x490, 0x790, 0x490, 0x490, 0x100, 0x000 } }, /* 肚 */
	{ 0xB6C8, { 0x000, 0x040, 0x3FC, 0x090, 0x3FC, 0x090, 0x470, 0x5F8, 0x410, 0x460, 0x19C, 0x000 } }, /* 度 */
	{ 0xB6C9, { 0x000, 0x020, 0x2FC, 0x028, 0x4FC, 0x038, 0x000, 0x378, 0x528, 0x530, 0x2CC, 0x000 } }, /* 渡 */
	{ 0xB6CA, { 0x000, 0x010, 0x200, 0x73C, 0x284, 0x0A4, 0x524, 0x300, 0x340, 0x640, 0x480, 0x000 } }, /* 妒 */
	{ 0xB6CB, { 0x010, 0x254, 0x77C, 0x000, 0x57C, 0x530, 0x63C, 0x3A4, 0x424, 0x004, 0x000, 0x000 } }, /* 端 */
	{ 0xB6CC, { 0x000, 0x400, 0x400, 0x700, 0x044, 0x344, 0x37C, 0x200, 0x3A8, 0x408, 0x07C, 0x000 } }, /* 短 */
	{ 0xB6CD, { 0x258, 0x694, 0x494, 0x694, 0x290, 0x6D4, 0x094, 0x2C8, 0x298, 0x0A4, 0x000, 0x000 } }, /* 锻 */
	{ 0xB6CE, { 0x130, 0x628, 0x408, 0x74C, 0x400, 0x768, 0x428, 0x730, 0x430, 0x4CC, 0x000, 0x000 } }, /* 段 */
	{ 0xB6CF, { 0x000, 0x65C, 0x680, 0x7D0, 0x59C, 0x5C0, 0x660, 0x420, 0x7E0, 0x000, 0x000, 0x000 } }, /* 断 */
	{ 0xB6D0, { 0x000, 0x098, 0x490, 0x6E4, 0x280, 0x4D4, 0x694, 0x0D8, 0x798, 0x0A4, 0x000, 0x000 } }, /* 缎 */
	{ 0xB6D1, { 0x000, 0x050, 0x240, 0x27C, 0x7D0, 0x2FC, 0x250, 0x27C, 0x750, 0x07C, 0x040, 0x000 } }, /* 堆 */
	{ 0xB6D2, { 0x000, 0x110, 0x100, 0x3F8, 0x208, 0x208, 0x3F8, 0x0A0, 0x120, 0x120, 0x63C, 0x000 } }, /* 兑 */
	{ 0xB6D3, { 0x020, 0x520, 0x520, 0x520, 0x530, 0x430, 0x4A0, 0x548, 0x484, 0x480, 0x000, 0x000 } }, /* 队 */
	{ 0xB6D4, { 0x008, 0x008, 0x088, 0x088, 0x508, 0x328, 0x128, 0x288, 0x408, 0x018, 0x000, 0x000 } }, /* 对 */
	{ 0xB6D5, { 0x008, 0x4C8, 0x41C, 0x734, 0x5F4, 0x4D4, 0x648, 0x5C8, 0x018, 0x0A4, 0x000, 0x000 } }, /* 墩 */
	{ 0xB6D6, { 0x000, 0x000, 0x730, 0x530, 0x500, 0x544, 0x544, 0x77C, 0x500, 0x400, 0x01C, 0x000 } }, /* 吨 */
	{ 0xB6D7, { 0x000, 0x028, 0x77C, 0x528, 0x77C, 0x26C, 0x77C, 0x67C, 0x67C, 0x728, 0x008, 0x000 } }, /* 蹲 */
	{ 0xB6D8, { 0x010, 0x7C0, 0x03C, 0x4A0, 0x3E0, 0x788, 0x118, 0x798, 0x118, 0x244, 0x000, 0x000 } }, /* 敦 */
	{ 0xB6D9, { 0x000, 0x23C, 0x310, 0x03C, 0x484, 0x694, 0x794, 0x014, 0x3A8, 0x244, 0x000, 0x000 } }, /* 顿 */
	{ 0xB6DA, { 0x000, 0x444, 0x444, 0x444, 0x554, 0x5F4, 0x444, 0x47C, 0x474, 0x404, 0x000, 0x000 } }, /* 囤 */
	{ 0xB6DB, { 0x000, 0x200, 0x210, 0x77C, 0x410, 0x254, 0x254, 0x27C, 0x210, 0x310, 0x01C, 0x000 } }, /* 钝 */
	{ 0xB6DC, { 0x018, 0x260, 0x3FC, 0x200, 0x2F8, 0x288, 0x088, 0x4F8, 0x488, 0x488, 0x000, 0x000 } }, /* 盾 */
	{ 0xB6DD, { 0x000, 0x0FC, 0x290, 0x2FC, 0x0B0, 0x644, 0x07C, 0x17C, 0x344, 0x600, 0x4FC, 0x000 } }, /* 遁 */
	{ 0xB6DE, { 0x200, 0x224, 0x6CC, 0x26C, 0x290, 0x6FC, 0x214, 0x248, 0x2D8, 0x524, 0x000, 0x000 } }, /* 掇 */
	{ 0xB6DF, { 0x020, 0x77C, 0x5C8, 0x530, 0x530, 0x5BC, 0x764, 0x518, 0x018, 0x0E0, 0x000, 0x000 } }, /* 哆 */
	{ 0xB6E0, { 0x080, 0x1F8, 0x210, 0x0E0, 0x0A0, 0x67C, 0x188, 0x038, 0x020, 0x380, 0x000, 0x000 } }, /* 多 */
	{ 0xB6E1, { 0x000, 0x040, 0x7FC, 0x0A0, 0x110, 0x60C, 0x430, 0x010, 0x110, 0x110, 0x060, 0x000 } }, /* 夺 */
	{ 0xB6E2, { 0x230, 0x248, 0x648, 0x68C, 0x220, 0x2FC, 0x370, 0x468, 0x1A4, 0x020, 0x000, 0x000 } }, /* 垛 */
	{ 0xB6E3, { 0x000, 0x200, 0x328, 0x4A8, 0x6CC, 0x790, 0x4FC, 0x7B8, 0x2B8, 0x4D4, 0x110, 0x000 } }, /* 躲 */
	{ 0xB6E4, { 0x000, 0x0E0, 0x110, 0x110, 0x114, 0x640, 0x040, 0x0E0, 0x150, 0x64C, 0x440, 0x000 } }, /* 朵 */
	{ 0xB6E5, { 0x038, 0x528, 0x508, 0x744, 0x210, 0x77C, 0x638, 0x638, 0x7D4, 0x010, 0x000, 0x000 } }, /* 跺 */
	{ 0xB6E6, { 0x210, 0x780, 0x4FC, 0x4C0, 0x4A0, 0x7AC, 0x4B0, 0x4A0, 0x4A0, 0x01C, 0x000, 0x000 } }, /* 舵 */
	{ 0xB6E7, { 0x000, 0x004, 0x284, 0x294, 0x454, 0x114, 0x7D4, 0x314, 0x3C4, 0x504, 0x10C, 0x000 } }, /* 剁 */
	{ 0xB6E8, { 0x000, 0x220, 0x27C, 0x338, 0x6D0, 0x2BC, 0x27C, 0x244, 0x244, 0x244, 0x24C, 0x000 } }, /* 惰 */
	{ 0xB6E9, { 0x000, 0x020, 0x57C, 0x67C, 0x5C4, 0x544, 0x76C, 0x048, 0x3F8, 0x040, 0x7FC, 0x000 } }, /* 堕 */
	{ 0xB6EA, { 0x000, 0x200, 0x264, 0x700, 0x3FC, 0x300, 0x72C, 0x2E8, 0x208, 0x73C, 0x044, 0x000 } }, /* 蛾 */
	{ 0xB6EB, { 0x200, 0x264, 0x200, 0x27C, 0x228, 0x22C, 0x2EC, 0x308, 0x73C, 0x044, 0x000, 0x000 } }, /* 峨 */
	{ 0xB6EC, { 0x000, 0x010, 0x73C, 0x164, 0x7A4, 0x32C, 0x268, 0x680, 0x0B8, 0x180, 0x44C, 0x000 } }, /* 鹅 */
	{ 0xB6ED, { 0x210, 0x2D4, 0x254, 0x6FC, 0x650, 0x254, 0x3C8, 0x258, 0x27C, 0x284, 0x000, 0x000 } }, /* 俄 */
	{ 0xB6EE, { 0x000, 0x798, 0x210, 0x3BC, 0x724, 0x3B4, 0x6B4, 0x490, 0x3AC, 0x0C4, 0x000, 0x000 } }, /* 额 */
	{ 0xB6EF, { 0x000, 0x050, 0x250, 0x054, 0x4DC, 0x3D8, 0x270, 0x250, 0x350, 0x254, 0x04C, 0x000 } }, /* 讹 */
	{ 0xB6F0, { 0x000, 0x200, 0x274, 0x600, 0x5FC, 0x500, 0x524, 0x6E8, 0x208, 0x418, 0x044, 0x000 } }, /* 娥 */
	{ 0xB6F1, { 0x000, 0x000, 0x0B0, 0x2A0, 0x2A8, 0x0A0, 0x7FC, 0x040, 0x50C, 0x504, 0x0F0, 0x000 } }, /* 恶 */
	{ 0xB6F2, { 0x000, 0x3FC, 0x200, 0x288, 0x288, 0x288, 0x290, 0x480, 0x484, 0x478, 0x000, 0x000 } }, /* 厄 */
	{ 0xB6F3, { 0x200, 0x240, 0x200, 0x23C, 0x224, 0x6A4, 0x2A8, 0x2A0, 0x2A0, 0x71C, 0x000, 0x000 } }, /* 扼 */
	{ 0xB6F4, { 0x000, 0x4FC, 0x284, 0x084, 0x0F8, 0x4FC, 0x1A4, 0x0FC, 0x0F4, 0x608, 0x0FC, 0x000 } }, /* 遏 */
	{ 0xB6F5, { 0x6DC, 0x654, 0x6D4, 0x010, 0x014, 0x7F4, 0x210, 0x0D4, 0x050, 0x190, 0x000, 0x000 } }, /* 鄂 */
	{ 0xB6F6, { 0x010, 0x0D0, 0x750, 0x55C, 0x050, 0x054, 0x0C8, 0x048, 0x25C, 0x0C4, 0x000, 0x000 } }, /* 饿 */
	{ 0xB6F7, { 0x000, 0x3F8, 0x248, 0x2E8, 0x2C8, 0x308, 0x3F8, 0x040, 0x50C, 0x504, 0x0F0, 0x000 } }, /* 恩 */
	{ 0xB6F8, { 0x000, 0x000, 0x7FC, 0x040, 0x7F8, 0x4A0, 0x4A0, 0x4A0, 0x4A0, 0x4A0, 0x008, 0x000 } }, /* 而 */
	{ 0xB6F9, { 0x000, 0x000, 0x120, 0x120, 0x120, 0x120, 0x120, 0x120, 0x220, 0x634, 0x400, 0x000 } }, /* 儿 */
	{ 0xB6FA, { 0x000, 0x7FC, 0x110, 0x1F0, 0x110, 0x1F0, 0x110, 0x3FC, 0x010, 0x010, 0x000, 0x000 } }, /* 耳 */
	{ 0xB6FB, { 0x000, 0x000, 0x100, 0x3FC, 0x604, 0x040, 0x150, 0x248, 0x444, 0x040, 0x0C0, 0x000 } }, /* 尔 */
	{ 0xB6FC, { 0x000, 0x07C, 0x748, 0x178, 0x048, 0x078, 0x048, 0x34C, 0x6C8, 0x008, 0x000, 0x000 } }, /* 饵 */
	{ 0xB6FD, { 0x000, 0x6C8, 0x088, 0x0F8, 0x488, 0x0F8, 0x288, 0x4FC, 0x508, 0x008, 0x000, 0x000 } }, /* 洱 */
	{ 0xB6FE, { 0x000, 0x000, 0x000, 0x3F8, 0x000, 0x000, 0x000, 0x000, 0x000, 0x7FC, 0x000, 0x000 } }, /* 二 */
	{ 0xB7A1, { 0x000, 0x000, 0x7FC, 0x010, 0x010, 0x7D0, 0x3D0, 0x050, 0x140, 0x148, 0x624, 0x000 } }, /* 贰 */
	{ 0xB7A2, { 0x040, 0x248, 0x280, 0x3FC, 0x080, 0x1F8, 0x190, 0x260, 0x460, 0x38C, 0x000, 0x000 } }, /* 发 */
	{ 0xB7A3, { 0x000, 0x4A4, 0x4A4, 0x200, 0x104, 0x024, 0x224, 0x224, 0x304, 0x208, 0x000, 0x000 } }, /* 罚 */
	{ 0xB7A4, { 0x000, 0x210, 0x3BC, 0x508, 0x100, 0x208, 0x6F8, 0x62C, 0x230, 0x2F0, 0x20C, 0x000 } }, /* 筏 */
	{ 0xB7A5, { 0x000, 0x020, 0x228, 0x220, 0x67C, 0x620, 0x228, 0x230, 0x230, 0x2DC, 0x204, 0x000 } }, /* 伐 */
	{ 0xB7A6, { 0x000, 0x000, 0x3F0, 0x040, 0x040, 0x7F8, 0x030, 0x040, 0x180, 0x700, 0x47C, 0x000 } }, /* 乏 */
	{ 0xB7A7, { 0x200, 0x204, 0x554, 0x544, 0x764, 0x534, 0x524, 0x56C, 0x514, 0x40C, 0x000, 0x000 } }, /* 阀 */
	{ 0xB7A8, { 0x020, 0x220, 0x0FC, 0x420, 0x220, 0x020, 0x000, 0x248, 0x48C, 0x4C4, 0x000, 0x000 } }, /* 法 */
	{ 0xB7A9, { 0x000, 0x000, 0x710, 0x27C, 0x210, 0x710, 0x220, 0x220, 0x348, 0x44C, 0x004, 0x000 } }, /* 珐 */
	{ 0xB7AA, { 0x000, 0x110, 0x1B0, 0x0F8, 0x2A8, 0x1FC, 0x4F8, 0x1FC, 0x4A8, 0x4A8, 0x0F8, 0x000 } }, /* 藩 */
	{ 0xB7AB, { 0x000, 0x000, 0x228, 0x788, 0x6B8, 0x698, 0x698, 0x6C8, 0x7C8, 0x24A, 0x284, 0x000 } }, /* 帆 */
	{ 0xB7AC, { 0x000, 0x078, 0x040, 0x150, 0x5F4, 0x150, 0x64C, 0x248, 0x3F8, 0x248, 0x3F8, 0x000 } }, /* 番 */
	{ 0xB7AD, { 0x080, 0x534, 0x190, 0x7FC, 0x3B4, 0x594, 0x5BC, 0x790, 0x590, 0x4B4, 0x000, 0x000 } }, /* 翻 */
	{ 0xB7AE, { 0x000, 0x208, 0x248, 0x7FC, 0x308, 0x65C, 0x2A8, 0x040, 0x0E0, 0x0B0, 0x60C, 0x000 } }, /* 樊 */
	{ 0xB7AF, { 0x030, 0x248, 0x248, 0x768, 0x458, 0x048, 0x348, 0x3C8, 0x088, 0x08C, 0x000, 0x000 } }, /* 矾 */
	{ 0xB7B0, { 0x000, 0x200, 0x328, 0x408, 0x728, 0x218, 0x758, 0x248, 0x248, 0x348, 0x084, 0x000 } }, /* 钒 */
	{ 0xB7B1, { 0x010, 0x43C, 0x7E8, 0x7D8, 0x3D8, 0x120, 0x3C8, 0x3FC, 0x350, 0x440, 0x000, 0x000 } }, /* 繁 */
	{ 0xB7B2, { 0x000, 0x130, 0x010, 0x090, 0x050, 0x050, 0x210, 0x210, 0x614, 0x41C, 0x000, 0x000 } }, /* 凡 */
	{ 0xB7B3, { 0x27C, 0x210, 0x210, 0x744, 0x654, 0x254, 0x254, 0x340, 0x428, 0x0C4, 0x000, 0x000 } }, /* 烦 */
	{ 0xB7B4, { 0x008, 0x3E0, 0x200, 0x3F8, 0x288, 0x290, 0x250, 0x460, 0x470, 0x30C, 0x000, 0x000 } }, /* 反 */
	{ 0xB7B5, { 0x008, 0x2C0, 0x080, 0x0F8, 0x688, 0x2B8, 0x298, 0x324, 0x300, 0x4FC, 0x000, 0x000 } }, /* 返 */
	{ 0xB7B6, { 0x110, 0x7FC, 0x110, 0x200, 0x148, 0x448, 0x248, 0x140, 0x244, 0x47C, 0x000, 0x000 } }, /* 范 */
	{ 0xB7B7, { 0x000, 0x7F0, 0x4C0, 0x6FC, 0x6E4, 0x6C0, 0x6D8, 0x258, 0x558, 0x4A4, 0x000, 0x000 } }, /* 贩 */
	{ 0xB7B8, { 0x400, 0x37C, 0x244, 0x540, 0x140, 0x358, 0x540, 0x140, 0x144, 0x23C, 0x000, 0x000 } }, /* 犯 */
	{ 0xB7B9, { 0x200, 0x278, 0x7C0, 0x57C, 0x264, 0x248, 0x258, 0x318, 0x2B8, 0x064, 0x000, 0x000 } }, /* 饭 */
	{ 0xB7BA, { 0x000, 0x000, 0x2F0, 0x020, 0x400, 0x2FC, 0x008, 0x210, 0x220, 0x4C0, 0x01C, 0x000 } }, /* 泛 */
	{ 0xB7BB, { 0x020, 0x210, 0x2FC, 0x700, 0x238, 0x244, 0x240, 0x740, 0x088, 0x098, 0x000, 0x000 } }, /* 坊 */
	{ 0xB7BC, { 0x110, 0x7FC, 0x110, 0x040, 0x7FC, 0x080, 0x198, 0x108, 0x208, 0x430, 0x000, 0x000 } }, /* 芳 */
	{ 0xB7BD, { 0x000, 0x040, 0x040, 0x7FC, 0x100, 0x180, 0x188, 0x108, 0x108, 0x208, 0x430, 0x000 } }, /* 方 */
	{ 0xB7BE, { 0x000, 0x000, 0x510, 0x4FC, 0x720, 0x43C, 0x524, 0x524, 0x424, 0x440, 0x1D8, 0x000 } }, /* 肪 */
	{ 0xB7BF, { 0x000, 0x040, 0x3F8, 0x204, 0x3F8, 0x220, 0x3FC, 0x040, 0x4C8, 0x488, 0x518, 0x000 } }, /* 房 */
	{ 0xB7C0, { 0x000, 0x010, 0x710, 0x57C, 0x500, 0x53C, 0x504, 0x540, 0x740, 0x488, 0x498, 0x000 } }, /* 防 */
	{ 0xB7C1, { 0x000, 0x200, 0x210, 0x77C, 0x320, 0x53C, 0x524, 0x324, 0x304, 0x444, 0x098, 0x000 } }, /* 妨 */
	{ 0xB7C2, { 0x000, 0x120, 0x220, 0x2FC, 0x640, 0x67C, 0x244, 0x244, 0x240, 0x280, 0x298, 0x000 } }, /* 仿 */
	{ 0xB7C3, { 0x000, 0x020, 0x200, 0x0FC, 0x400, 0x278, 0x244, 0x240, 0x340, 0x288, 0x098, 0x000 } }, /* 访 */
	{ 0xB7C4, { 0x000, 0x210, 0x4FC, 0x720, 0x238, 0x224, 0x624, 0x044, 0x644, 0x098, 0x000, 0x000 } }, /* 纺 */
	{ 0xB7C5, { 0x000, 0x210, 0x020, 0x7BC, 0x220, 0x3E8, 0x2A8, 0x298, 0x490, 0x4B8, 0x144, 0x000 } }, /* 放 */
	{ 0xB7C6, { 0x000, 0x010, 0x7FC, 0x000, 0x0A0, 0x1B0, 0x0B0, 0x0A0, 0x0B0, 0x0A0, 0x0A0, 0x000 } }, /* 菲 */
	{ 0xB7C7, { 0x020, 0x0A0, 0x7BC, 0x0A0, 0x7B8, 0x0A0, 0x0A0, 0x7BC, 0x0A0, 0x0A0, 0x000, 0x000 } }, /* 非 */
	{ 0xB7C8, { 0x000, 0x000, 0x628, 0x0EC, 0x028, 0x0EC, 0x028, 0x728, 0x0EC, 0x028, 0x020, 0x000 } }, /* 啡 */
	{ 0xB7C9, { 0x000, 0x000, 0x7E0, 0x028, 0x030, 0x030, 0x028, 0x020, 0x030, 0x014, 0x00C, 0x000 } }, /* 飞 */
	{ 0xB7CA, { 0x000, 0x000, 0x554, 0x454, 0x754, 0x454, 0x77C, 0x440, 0x440, 0x544, 0x13C, 0x000 } }, /* 肥 */
	{ 0xB7CB, { 0x000, 0x000, 0x400, 0x450, 0x5D8, 0x450, 0x450, 0x450, 0x4D0, 0x400, 0x7FC, 0x000 } }, /* 匪 */
	{ 0xB7CC, { 0x000, 0x020, 0x228, 0x0EC, 0x628, 0x26C, 0x228, 0x228, 0x2EE, 0x228, 0x028, 0x000 } }, /* 诽 */
	{ 0xB7CD, { 0x020, 0x728, 0x520, 0x5FC, 0x520, 0x530, 0x730, 0x548, 0x0CC, 0x084, 0x000, 0x000 } }, /* 吠 */
	{ 0xB7CE, { 0x000, 0x010, 0x710, 0x510, 0x710, 0x57C, 0x554, 0x554, 0x554, 0x510, 0x110, 0x000 } }, /* 肺 */
	{ 0xB7CF, { 0x000, 0x040, 0x3FC, 0x228, 0x128, 0x3FC, 0x040, 0x0C8, 0x4A0, 0x530, 0x4CC, 0x000 } }, /* 废 */
	{ 0xB7D0, { 0x010, 0x670, 0x07C, 0x474, 0x2F8, 0x0D0, 0x27C, 0x454, 0x494, 0x190, 0x000, 0x000 } }, /* 沸 */
	{ 0xB7D1, { 0x0A0, 0x3FC, 0x3FC, 0x2A0, 0x1A4, 0x3FC, 0x208, 0x248, 0x098, 0x70C, 0x000, 0x000 } }, /* 费 */
	{ 0xB7D2, { 0x000, 0x7FC, 0x110, 0x020, 0x110, 0x61C, 0x090, 0x010, 0x110, 0x260, 0x000, 0x000 } }, /* 芬 */
	{ 0xB7D3, { 0x000, 0x788, 0x328, 0x7A4, 0x7FC, 0x590, 0x480, 0x780, 0x4A8, 0x048, 0x000, 0x000 } }, /* 酚 */
	{ 0xB7D4, { 0x000, 0x608, 0x548, 0x544, 0x5FC, 0x528, 0x728, 0x508, 0x048, 0x098, 0x000, 0x000 } }, /* 吩 */
	{ 0xB7D5, { 0x000, 0x100, 0x3F8, 0x5F0, 0x000, 0x148, 0x148, 0x778, 0x128, 0x10C, 0x244, 0x000 } }, /* 氛 */
	{ 0xB7D6, { 0x020, 0x110, 0x110, 0x20C, 0x7FC, 0x080, 0x080, 0x110, 0x110, 0x630, 0x000, 0x000 } }, /* 分 */
	{ 0xB7D7, { 0x000, 0x228, 0x448, 0x544, 0x2FC, 0x228, 0x728, 0x008, 0x748, 0x090, 0x000, 0x000 } }, /* 纷 */
	{ 0xB7D8, { 0x000, 0x220, 0x200, 0x2FC, 0x748, 0x248, 0x208, 0x230, 0x330, 0x068, 0x084, 0x000 } }, /* 坟 */
	{ 0xB7D9, { 0x110, 0x7BC, 0x310, 0x3B4, 0x550, 0x040, 0x248, 0x0A0, 0x190, 0x60C, 0x000, 0x000 } }, /* 焚 */
	{ 0xB7DA, { 0x000, 0x240, 0x048, 0x488, 0x2FC, 0x048, 0x248, 0x248, 0x4C8, 0x090, 0x000, 0x000 } }, /* 汾 */
	{ 0xB7DB, { 0x200, 0x2A8, 0x6A8, 0x240, 0x3FC, 0x328, 0x6A8, 0x628, 0x248, 0x298, 0x000, 0x000 } }, /* 粉 */
	{ 0xB7DC, { 0x000, 0x040, 0x0C0, 0x1A0, 0x110, 0x60C, 0x248, 0x248, 0x248, 0x248, 0x208, 0x000 } }, /* 奋 */
	{ 0xB7DD, { 0x000, 0x248, 0x248, 0x684, 0x6FC, 0x248, 0x248, 0x248, 0x2C8, 0x290, 0x000, 0x000 } }, /* 份 */
	{ 0xB7DE, { 0x000, 0x000, 0x110, 0x208, 0x5FC, 0x080, 0x310, 0x040, 0x524, 0x504, 0x0F0, 0x000 } }, /* 忿 */
	{ 0xB7DF, { 0x210, 0x2FC, 0x648, 0x6FC, 0x248, 0x2CC, 0x204, 0x224, 0x228, 0x2C4, 0x000, 0x000 } }, /* 愤 */
	{ 0xB7E0, { 0x248, 0x150, 0x7FC, 0x150, 0x644, 0x3F8, 0x010, 0x7FC, 0x110, 0x20C, 0x000, 0x000 } }, /* 粪 */
	{ 0xB7E1, { 0x000, 0x040, 0x040, 0x7FC, 0x040, 0x3F8, 0x040, 0x040, 0x040, 0x040, 0x040, 0x000 } }, /* 丰 */
	{ 0xB7E2, { 0x108, 0x108, 0x13C, 0x108, 0x108, 0x118, 0x788, 0x108, 0x388, 0x018, 0x000, 0x000 } }, /* 封 */
	{ 0xB7E3, { 0x000, 0x200, 0x248, 0x718, 0x270, 0x330, 0x7B0, 0x2B0, 0x2CC, 0x304, 0x204, 0x000 } }, /* 枫 */
	{ 0xB7E4, { 0x000, 0x220, 0x238, 0x778, 0x638, 0x6D0, 0x73C, 0x210, 0x290, 0x6FC, 0x010, 0x000 } }, /* 蜂 */
	{ 0xB7E5, { 0x000, 0x020, 0x238, 0x268, 0x238, 0x2D4, 0x27C, 0x210, 0x310, 0x57C, 0x010, 0x000 } }, /* 峰 */
	{ 0xB7E6, { 0x000, 0x220, 0x238, 0x768, 0x438, 0x254, 0x27C, 0x210, 0x210, 0x37C, 0x210, 0x000 } }, /* 锋 */
	{ 0xB7E7, { 0x3F0, 0x208, 0x208, 0x2A8, 0x2C8, 0x048, 0x0E8, 0x528, 0x40E, 0x004, 0x000, 0x000 } }, /* 风 */
	{ 0xB7E8, { 0x020, 0x3FC, 0x200, 0x6F8, 0x298, 0x6F8, 0x2A8, 0x230, 0x154, 0x504, 0x000, 0x000 } }, /* 疯 */
	{ 0xB7E9, { 0x000, 0x220, 0x278, 0x370, 0x738, 0x284, 0x27C, 0x230, 0x310, 0x4FC, 0x410, 0x000 } }, /* 烽 */
	{ 0xB7EA, { 0x000, 0x040, 0x478, 0x0B0, 0x0F8, 0x620, 0x020, 0x0F8, 0x0FC, 0x620, 0x4FC, 0x000 } }, /* 逢 */
	{ 0xB7EB, { 0x0F8, 0x408, 0x208, 0x008, 0x088, 0x2FC, 0x204, 0x5F4, 0x404, 0x018, 0x000, 0x000 } }, /* 冯 */
	{ 0xB7EC, { 0x000, 0x210, 0x2BC, 0x518, 0x73C, 0x2B8, 0x008, 0x63C, 0x03C, 0x6C0, 0x01C, 0x000 } }, /* 缝 */
	{ 0xB7ED, { 0x000, 0x4F8, 0x088, 0x098, 0x4D8, 0x4A8, 0x4A8, 0x4B8, 0x758, 0x506, 0x104, 0x000 } }, /* 讽 */
	{ 0xB7EE, { 0x000, 0x040, 0x3F8, 0x2C8, 0x080, 0x7FC, 0x150, 0x7FC, 0x040, 0x248, 0x040, 0x000 } }, /* 奉 */
	{ 0xB7EF, { 0x000, 0x3F8, 0x208, 0x3E8, 0x228, 0x0C8, 0x048, 0x4A8, 0x50C, 0x404, 0x000, 0x000 } }, /* 凤 */
	{ 0xB7F0, { 0x010, 0x250, 0x2FC, 0x654, 0x6F0, 0x2D0, 0x274, 0x254, 0x29C, 0x290, 0x000, 0x000 } }, /* 佛 */
	{ 0xB7F1, { 0x000, 0x3F8, 0x0C0, 0x1D8, 0x644, 0x040, 0x308, 0x208, 0x3F8, 0x208, 0x000, 0x000 } }, /* 否 */
	{ 0xB7F2, { 0x040, 0x040, 0x3F8, 0x040, 0x040, 0x7FC, 0x0E0, 0x0B0, 0x318, 0x404, 0x000, 0x000 } }, /* 夫 */
	{ 0xB7F3, { 0x000, 0x150, 0x7D0, 0x7DC, 0x544, 0x564, 0x550, 0x7D8, 0x308, 0x25C, 0x4A4, 0x000 } }, /* 敷 */
	{ 0xB7F4, { 0x010, 0x510, 0x47C, 0x710, 0x490, 0x7B0, 0x410, 0x428, 0x54C, 0x1C4, 0x000, 0x000 } }, /* 肤 */
	{ 0xB7F5, { 0x204, 0x4D0, 0x56C, 0x7C0, 0x7DC, 0x148, 0x77C, 0x2C8, 0x208, 0x418, 0x000, 0x000 } }, /* 孵 */
	{ 0xB7F6, { 0x200, 0x200, 0x77C, 0x200, 0x330, 0x630, 0x230, 0x268, 0x24C, 0x684, 0x000, 0x000 } }, /* 扶 */
	{ 0xB7F7, { 0x210, 0x270, 0x27C, 0x274, 0x2F8, 0x6F0, 0x27C, 0x250, 0x254, 0x490, 0x000, 0x000 } }, /* 拂 */
	{ 0xB7F8, { 0x000, 0x200, 0x200, 0x73C, 0x404, 0x500, 0x37C, 0x154, 0x77C, 0x054, 0x144, 0x000 } }, /* 辐 */
	{ 0xB7F9, { 0x000, 0x200, 0x200, 0x738, 0x204, 0x238, 0x27C, 0x254, 0x37C, 0x254, 0x244, 0x000 } }, /* 幅 */
	{ 0xB7FA, { 0x000, 0x3F8, 0x5F8, 0x3F8, 0x148, 0x168, 0x348, 0x3F8, 0x254, 0x444, 0x000, 0x000 } }, /* 氟 */
	{ 0xB7FB, { 0x000, 0x210, 0x3FC, 0x4A8, 0x108, 0x208, 0x608, 0x648, 0x248, 0x208, 0x218, 0x000 } }, /* 符 */
	{ 0xB7FC, { 0x000, 0x120, 0x220, 0x220, 0x6FC, 0x620, 0x230, 0x210, 0x248, 0x288, 0x284, 0x000 } }, /* 伏 */
	{ 0xB7FD, { 0x008, 0x2C0, 0x2A8, 0x608, 0x6F8, 0x210, 0x230, 0x230, 0x200, 0x220, 0x000, 0x000 } }, /* 俘 */
	{ 0xB7FE, { 0x038, 0x488, 0x488, 0x780, 0x4BC, 0x7B4, 0x490, 0x488, 0x49C, 0x120, 0x000, 0x000 } }, /* 服 */
	{ 0xB8A1, { 0x008, 0x2A4, 0x0A0, 0x408, 0x2F8, 0x010, 0x2B4, 0x430, 0x400, 0x020, 0x000, 0x000 } }, /* 浮 */
	{ 0xB8A2, { 0x000, 0x020, 0x220, 0x048, 0x048, 0x4FC, 0x000, 0x2FC, 0x284, 0x48C, 0x484, 0x000 } }, /* 涪 */
	{ 0xB8A3, { 0x200, 0x000, 0x778, 0x144, 0x278, 0x37C, 0x694, 0x27C, 0x214, 0x244, 0x000, 0x000 } }, /* 福 */
	{ 0xB8A4, { 0x000, 0x200, 0x044, 0x040, 0x2FC, 0x3D8, 0x758, 0x358, 0x250, 0x264, 0x260, 0x000 } }, /* 袱 */
	{ 0xB8A5, { 0x0A0, 0x0A0, 0x3FC, 0x0A4, 0x7F8, 0x4A0, 0x7FC, 0x124, 0x32C, 0x420, 0x000, 0x000 } }, /* 弗 */
	{ 0xB8A6, { 0x000, 0x048, 0x7FC, 0x040, 0x3F8, 0x248, 0x3F8, 0x248, 0x248, 0x248, 0x258, 0x000 } }, /* 甫 */
	{ 0xB8A7, { 0x200, 0x230, 0x220, 0x220, 0x27C, 0x330, 0x230, 0x250, 0x296, 0x68C, 0x000, 0x000 } }, /* 抚 */
	{ 0xB8A8, { 0x210, 0x210, 0x710, 0x47C, 0x454, 0x77C, 0x054, 0x7FC, 0x054, 0x054, 0x000, 0x000 } }, /* 辅 */
	{ 0xB8A9, { 0x000, 0x000, 0x230, 0x284, 0x6A4, 0x6DC, 0x2C4, 0x210, 0x300, 0x300, 0x208, 0x000 } }, /* 俯 */
	{ 0xB8AA, { 0x000, 0x110, 0x308, 0x0A0, 0x0E0, 0x71C, 0x1F0, 0x040, 0x058, 0x150, 0x7FC, 0x000 } }, /* 釜 */
	{ 0xB8AB, { 0x010, 0x30C, 0x0E0, 0x0F0, 0x61C, 0x1E0, 0x100, 0x230, 0x220, 0x420, 0x000, 0x000 } }, /* 斧 */
	{ 0xB8AC, { 0x010, 0x514, 0x510, 0x77C, 0x554, 0x57C, 0x754, 0x57C, 0x554, 0x14C, 0x000, 0x000 } }, /* 脯 */
	{ 0xB8AD, { 0x000, 0x010, 0x57C, 0x500, 0x724, 0x56C, 0x564, 0x734, 0x5A4, 0x5A4, 0x228, 0x000 } }, /* 腑 */
	{ 0xB8AE, { 0x000, 0x040, 0x3FC, 0x488, 0x488, 0x57C, 0x708, 0x428, 0x408, 0x408, 0x018, 0x000 } }, /* 府 */
	{ 0xB8AF, { 0x000, 0x040, 0x3FC, 0x088, 0x308, 0x008, 0x030, 0x568, 0x5D0, 0x560, 0x108, 0x000 } }, /* 腐 */
	{ 0xB8B0, { 0x000, 0x110, 0x110, 0x110, 0x118, 0x7D4, 0x110, 0x5D0, 0x710, 0x500, 0x0FC, 0x000 } }, /* 赴 */
	{ 0xB8B1, { 0x004, 0x404, 0x3D4, 0x054, 0x3D4, 0x7D4, 0x434, 0x7E4, 0x524, 0x46C, 0x000, 0x000 } }, /* 副 */
	{ 0xB8B2, { 0x7FC, 0x3F8, 0x2A4, 0x178, 0x2F8, 0x0F8, 0x6F8, 0x270, 0x2B0, 0x2FC, 0x000, 0x000 } }, /* 覆 */
	{ 0xB8B3, { 0x008, 0x56C, 0x308, 0x328, 0x328, 0x768, 0x668, 0x368, 0x564, 0x004, 0x000, 0x000 } }, /* 赋 */
	{ 0xB8B4, { 0x100, 0x3FC, 0x7F8, 0x108, 0x108, 0x1F8, 0x1F0, 0x390, 0x060, 0x79C, 0x000, 0x000 } }, /* 复 */
	{ 0xB8B5, { 0x000, 0x028, 0x2FC, 0x220, 0x6AC, 0x6A8, 0x2FC, 0x208, 0x2FC, 0x248, 0x218, 0x000 } }, /* 傅 */
	{ 0xB8B6, { 0x100, 0x108, 0x208, 0x29C, 0x608, 0x248, 0x208, 0x208, 0x208, 0x210, 0x000, 0x000 } }, /* 付 */
	{ 0xB8B7, { 0x000, 0x080, 0x3F8, 0x208, 0x200, 0x3F8, 0x208, 0x060, 0x7FC, 0x040, 0x040, 0x000 } }, /* 阜 */
	{ 0xB8B8, { 0x000, 0x110, 0x20C, 0x400, 0x110, 0x0A0, 0x0E0, 0x0C0, 0x1B0, 0x60C, 0x000, 0x000 } }, /* 父 */
	{ 0xB8B9, { 0x000, 0x020, 0x57C, 0x5F8, 0x744, 0x54C, 0x578, 0x738, 0x568, 0x510, 0x16C, 0x000 } }, /* 腹 */
	{ 0xB8BA, { 0x000, 0x080, 0x1F0, 0x210, 0x630, 0x208, 0x248, 0x248, 0x240, 0x090, 0x60C, 0x000 } }, /* 负 */
	{ 0xB8BB, { 0x000, 0x040, 0x7FC, 0x5F4, 0x000, 0x200, 0x1F0, 0x3F8, 0x248, 0x040, 0x3F8, 0x000 } }, /* 富 */
	{ 0xB8BC, { 0x000, 0x220, 0x220, 0x020, 0x628, 0x024, 0x024, 0x020, 0x1A0, 0x320, 0x020, 0x000 } }, /* 讣 */
	{ 0xB8BD, { 0x000, 0x024, 0x504, 0x54C, 0x444, 0x5C4, 0x554, 0x544, 0x544, 0x444, 0x448, 0x000 } }, /* 附 */
	{ 0xB8BE, { 0x000, 0x000, 0x23C, 0x784, 0x284, 0x2BC, 0x004, 0x304, 0x104, 0x2BC, 0x404, 0x000 } }, /* 妇 */
	{ 0xB8BF, { 0x000, 0x008, 0x2FC, 0x430, 0x7F4, 0x2F4, 0x0FC, 0x600, 0x0FC, 0x628, 0x018, 0x000 } }, /* 缚 */
	{ 0xB8C0, { 0x000, 0x000, 0x644, 0x54C, 0x5CC, 0x5C4, 0x554, 0x744, 0x444, 0x044, 0x048, 0x000 } }, /* 咐 */
	{ 0xB8C1, { 0x008, 0x0FC, 0x278, 0x04C, 0x044, 0x040, 0x7FC, 0x0B4, 0x0E4, 0x004, 0x000, 0x000 } }, /* 噶 */
	{ 0xB8C2, { 0x0FC, 0x620, 0x548, 0x448, 0x448, 0x478, 0x77C, 0x4A8, 0x030, 0x0CC, 0x000, 0x000 } }, /* 嘎 */
	{ 0xB8C3, { 0x000, 0x020, 0x200, 0x060, 0x048, 0x2D0, 0x234, 0x228, 0x218, 0x22C, 0x0C4, 0x000 } }, /* 该 */
	{ 0xB8C4, { 0x000, 0x720, 0x020, 0x048, 0x7C8, 0x428, 0x430, 0x410, 0x668, 0x484, 0x000, 0x000 } }, /* 改 */
	{ 0xB8C5, { 0x000, 0x0C8, 0x7C8, 0x6E8, 0x6FC, 0x780, 0x458, 0x0F8, 0x0A8, 0x044, 0x000, 0x000 } }, /* 概 */
	{ 0xB8C6, { 0x000, 0x200, 0x210, 0x410, 0x75C, 0x250, 0x250, 0x204, 0x204, 0x304, 0x20C, 0x000 } }, /* 钙 */
	{ 0xB8C7, { 0x000, 0x000, 0x3F8, 0x040, 0x3F8, 0x040, 0x000, 0x3F8, 0x2A8, 0x2A8, 0xFFC, 0x000 } }, /* 盖 */
	{ 0xB8C8, { 0x59C, 0x348, 0x1E8, 0x568, 0x1FC, 0x118, 0x358, 0x5E8, 0x528, 0x04C, 0x000, 0x000 } }, /* 溉 */
	{ 0xB8C9, { 0x000, 0x3F8, 0x040, 0x040, 0x040, 0x040, 0x040, 0x040, 0x040, 0x040, 0x000, 0x000 } }, /* 干 */
	{ 0xB8CA, { 0x000, 0x000, 0x100, 0x318, 0x318, 0x100, 0x1F0, 0x100, 0x100, 0x1F0, 0x000, 0x000 } }, /* 甘 */
	{ 0xB8CB, { 0x000, 0x000, 0x27C, 0x710, 0x210, 0x310, 0x790, 0x610, 0x210, 0x210, 0x010, 0x000 } }, /* 杆 */
	{ 0xB8CC, { 0x000, 0x200, 0x240, 0x74C, 0x24C, 0x240, 0x778, 0x640, 0x240, 0x278, 0x240, 0x000 } }, /* 柑 */
	{ 0xB8CD, { 0x000, 0x210, 0x7BC, 0x528, 0x000, 0x3F8, 0x040, 0x444, 0x040, 0x040, 0x040, 0x000 } }, /* 竿 */
	{ 0xB8CE, { 0x000, 0x594, 0x490, 0x790, 0x490, 0x790, 0x490, 0x490, 0x490, 0x110, 0x000, 0x000 } }, /* 肝 */
	{ 0xB8CF, { 0x000, 0x100, 0x13C, 0x108, 0x108, 0x7FC, 0x108, 0x5C8, 0x708, 0x500, 0x07C, 0x000 } }, /* 赶 */
	{ 0xB8D0, { 0x000, 0x028, 0x3FC, 0x020, 0x028, 0x5D8, 0x550, 0x42C, 0x040, 0x504, 0x0F0, 0x000 } }, /* 感 */
	{ 0xB8D1, { 0x180, 0x718, 0x010, 0x790, 0x27C, 0x390, 0x690, 0x410, 0x010, 0x210, 0x000, 0x000 } }, /* 秆 */
	{ 0xB8D2, { 0x390, 0x080, 0x7FC, 0x0A0, 0x3E8, 0x288, 0x298, 0x6D8, 0x4BC, 0x0E4, 0x000, 0x000 } }, /* 敢 */
	{ 0xB8D3, { 0x000, 0x220, 0x7B8, 0x518, 0x7EC, 0x718, 0x77C, 0x53C, 0x214, 0x710, 0x264, 0x000 } }, /* 赣 */
	{ 0xB8D4, { 0x000, 0x3FC, 0x404, 0x404, 0x594, 0x4E4, 0x464, 0x4B4, 0x504, 0x404, 0x40C, 0x000 } }, /* 冈 */
	{ 0xB8D5, { 0x000, 0x004, 0x444, 0x454, 0x6D4, 0x554, 0x554, 0x6D4, 0x444, 0x444, 0x04C, 0x000 } }, /* 刚 */
	{ 0xB8D6, { 0x000, 0x200, 0x27C, 0x444, 0x76C, 0x254, 0x754, 0x26C, 0x264, 0x344, 0x24C, 0x000 } }, /* 钢 */
	{ 0xB8D7, { 0x000, 0x000, 0x79C, 0x508, 0x100, 0x7C0, 0x100, 0x500, 0x500, 0x7D8, 0x000, 0x000 } }, /* 缸 */
	{ 0xB8D8, { 0x000, 0x000, 0x4FC, 0x490, 0x790, 0x490, 0x790, 0x490, 0x490, 0x490, 0x100, 0x000 } }, /* 肛 */
	{ 0xB8D9, { 0x200, 0x244, 0x444, 0x56C, 0x254, 0x254, 0x76C, 0x064, 0x744, 0x04C, 0x000, 0x000 } }, /* 纲 */
	{ 0xB8DA, { 0x040, 0x444, 0x7FC, 0x000, 0x404, 0x534, 0x4E4, 0x4B4, 0x404, 0x408, 0x000, 0x000 } }, /* 岗 */
	{ 0xB8DB, { 0x040, 0x258, 0x050, 0x450, 0x0D8, 0x088, 0x1DC, 0x0F8, 0x480, 0x478, 0x000, 0x000 } }, /* 港 */
	{ 0xB8DC, { 0x000, 0x000, 0x27C, 0x710, 0x210, 0x310, 0x790, 0x610, 0x210, 0x230, 0x000, 0x000 } }, /* 杠 */
	{ 0xB8DD, { 0x000, 0x210, 0x72C, 0x040, 0x7FC, 0x1F0, 0x1F0, 0x7FC, 0x4E4, 0x524, 0x40C, 0x000 } }, /* 篙 */
	{ 0xB8DE, { 0x000, 0x080, 0x3F8, 0x3F8, 0x208, 0x0C0, 0x7FC, 0x110, 0x75C, 0x440, 0x040, 0x000 } }, /* 皋 */
	{ 0xB8DF, { 0x040, 0x7FC, 0x1F0, 0x200, 0x1F0, 0x7FC, 0x404, 0x514, 0x4E4, 0x40C, 0x000, 0x000 } }, /* 高 */
	{ 0xB8E0, { 0x040, 0x1F0, 0x1F0, 0x1F0, 0x5F4, 0x1F0, 0x3F8, 0x3F8, 0x3F8, 0x208, 0x000, 0x000 } }, /* 膏 */
	{ 0xB8E1, { 0x000, 0x110, 0x010, 0x7FC, 0x040, 0x3F8, 0x040, 0x7FC, 0x000, 0x424, 0x480, 0x000 } }, /* 羔 */
	{ 0xB8E2, { 0x000, 0x208, 0x628, 0x77C, 0x710, 0x27C, 0x310, 0x7FC, 0x204, 0x22C, 0x280, 0x000 } }, /* 糕 */
	{ 0xB8E3, { 0x000, 0x200, 0x2FC, 0x600, 0x244, 0x278, 0x6FC, 0x280, 0x2A8, 0x2B0, 0x484, 0x000 } }, /* 搞 */
	{ 0xB8E4, { 0x000, 0x200, 0x2FC, 0x400, 0x448, 0x278, 0x6FC, 0x284, 0x2A4, 0x3B4, 0x084, 0x000 } }, /* 镐 */
	{ 0xB8E5, { 0x000, 0x110, 0x2FC, 0x200, 0x744, 0x278, 0x77C, 0x680, 0x2A8, 0x2B0, 0x284, 0x000 } }, /* 稿 */
	{ 0xB8E6, { 0x000, 0x040, 0x240, 0x3F8, 0x040, 0x7FC, 0x000, 0x3F8, 0x208, 0x3F8, 0x208, 0x000 } }, /* 告 */
	{ 0xB8E7, { 0x000, 0x008, 0x268, 0x3E8, 0x008, 0x018, 0x3C8, 0x248, 0x248, 0x010, 0x000, 0x000 } }, /* 哥 */
	{ 0xB8E8, { 0x010, 0x090, 0x7BC, 0x7A4, 0x010, 0x090, 0x798, 0x598, 0x4A4, 0x180, 0x000, 0x000 } }, /* 歌 */
	{ 0xB8E9, { 0x200, 0x21C, 0x6A4, 0x2F4, 0x2B4, 0x6EC, 0x2B4, 0x2A4, 0x2B4, 0x484, 0x000, 0x000 } }, /* 搁 */
	{ 0xB8EA, { 0x080, 0x090, 0x084, 0x7E0, 0x008, 0x050, 0x060, 0x0E0, 0x314, 0x00C, 0x000, 0x000 } }, /* 戈 */
	{ 0xB8EB, { 0x010, 0x33C, 0x2A4, 0x464, 0x32C, 0x020, 0x084, 0x0FC, 0x384, 0x08C, 0x000, 0x000 } }, /* 鸽 */
	{ 0xB8EC, { 0x020, 0x578, 0x548, 0x728, 0x510, 0x54C, 0x578, 0x548, 0x548, 0x348, 0x000, 0x000 } }, /* 胳 */
	{ 0xB8ED, { 0x000, 0x020, 0x1FC, 0x240, 0x67C, 0x280, 0x678, 0x218, 0x220, 0x240, 0x47C, 0x000 } }, /* 疙 */
	{ 0xB8EE, { 0x000, 0x104, 0x7E4, 0x134, 0x3D4, 0x3D4, 0x194, 0x114, 0x7C4, 0x444, 0x44C, 0x000 } }, /* 割 */
	{ 0xB8EF, { 0x110, 0x7FC, 0x110, 0x040, 0x3F8, 0x248, 0x3F8, 0x040, 0x040, 0x040, 0x000, 0x000 } }, /* 革 */
	{ 0xB8F0, { 0x020, 0x1B0, 0x3F8, 0x208, 0x208, 0x100, 0x3FC, 0x6E4, 0x304, 0x008, 0x000, 0x000 } }, /* 葛 */
	{ 0xB8F1, { 0x220, 0x220, 0x748, 0x228, 0x310, 0x6CC, 0x67C, 0x244, 0x24C, 0x24C, 0x000, 0x000 } }, /* 格 */
	{ 0xB8F2, { 0x000, 0x210, 0x230, 0x728, 0x64C, 0x6F8, 0x700, 0x228, 0x280, 0x7A8, 0x000, 0x000 } }, /* 蛤 */
	{ 0xB8F3, { 0x200, 0x204, 0x4C4, 0x5A4, 0x4C4, 0x5B4, 0x5F4, 0x514, 0x4E4, 0x40C, 0x000, 0x000 } }, /* 阁 */
	{ 0xB8F4, { 0x000, 0x67C, 0x500, 0x47C, 0x67C, 0x500, 0x5FC, 0x5A0, 0x4BC, 0x494, 0x084, 0x000 } }, /* 隔 */
	{ 0xB8F5, { 0x000, 0x220, 0x278, 0x468, 0x430, 0x230, 0x7C4, 0x278, 0x240, 0x368, 0x248, 0x000 } }, /* 铬 */
	{ 0xB8F6, { 0x000, 0x040, 0x0E0, 0x1A0, 0x358, 0x444, 0x040, 0x040, 0x040, 0x040, 0x040, 0x000 } }, /* 个 */
	{ 0xB8F7, { 0x000, 0x1F0, 0x190, 0x2A0, 0x060, 0x31C, 0x1F0, 0x108, 0x118, 0x118, 0x000, 0x000 } }, /* 各 */
	{ 0xB8F8, { 0x000, 0x210, 0x230, 0x428, 0x54C, 0x2F8, 0x200, 0x778, 0x040, 0x778, 0x040, 0x000 } }, /* 给 */
	{ 0xB8F9, { 0x000, 0x248, 0x378, 0x240, 0x378, 0x6D4, 0x658, 0x258, 0x26C, 0x240, 0x000, 0x000 } }, /* 根 */
	{ 0xB8FA, { 0x378, 0x444, 0x478, 0x744, 0x078, 0x554, 0x458, 0x448, 0x76C, 0x044, 0x000, 0x000 } }, /* 跟 */
	{ 0xB8FB, { 0x028, 0x728, 0x238, 0x728, 0x228, 0x37C, 0x328, 0x6A8, 0x208, 0x248, 0x000, 0x000 } }, /* 耕 */
	{ 0xB8FC, { 0x000, 0x7FC, 0x3F8, 0x248, 0x3F8, 0x248, 0x340, 0x180, 0x0C0, 0x61C, 0x000, 0x000 } }, /* 更 */
	{ 0xB8FD, { 0x000, 0x000, 0x3FC, 0x240, 0x268, 0x3FC, 0x248, 0x1F8, 0x460, 0x498, 0x104, 0x000 } }, /* 庚 */
	{ 0xB8FE, { 0x000, 0x000, 0x3FC, 0x3F8, 0x7FC, 0x5B4, 0x3F8, 0x3F8, 0x7FC, 0x1F4, 0x71C, 0x000 } }, /* 羹 */
	{ 0xB9A1, { 0x000, 0x230, 0x278, 0x684, 0x2FC, 0x2B4, 0x220, 0x660, 0x070, 0x18C, 0x000, 0x000 } }, /* 埂 */
	{ 0xB9A2, { 0x010, 0x790, 0x414, 0x754, 0x454, 0x710, 0x418, 0x5A8, 0x424, 0x0C0, 0x000, 0x000 } }, /* 耿 */
	{ 0xB9A3, { 0x200, 0x210, 0x77C, 0x254, 0x27C, 0x754, 0x210, 0x260, 0x270, 0x284, 0x000, 0x000 } }, /* 梗 */
	{ 0xB9A4, { 0x000, 0x000, 0x7F8, 0x040, 0x040, 0x040, 0x040, 0x040, 0x040, 0x040, 0x000, 0x000 } }, /* 工 */
	{ 0xB9A5, { 0x020, 0x000, 0x27C, 0x248, 0x2C8, 0x228, 0x230, 0x710, 0x068, 0x084, 0x000, 0x000 } }, /* 攻 */
	{ 0xB9A6, { 0x000, 0x020, 0x230, 0x234, 0x224, 0x224, 0x224, 0x724, 0x044, 0x088, 0x000, 0x000 } }, /* 功 */
	{ 0xB9A7, { 0x000, 0x3F8, 0x090, 0x1B0, 0x1B0, 0x358, 0x64C, 0x368, 0x250, 0x080, 0x000, 0x000 } }, /* 恭 */
	{ 0xB9A8, { 0x000, 0x090, 0x7FC, 0x128, 0x160, 0x43C, 0x1B0, 0x190, 0x7FC, 0x110, 0x20C, 0x000 } }, /* 龚 */
	{ 0xB9A9, { 0x040, 0x240, 0x258, 0x658, 0x640, 0x250, 0x2FC, 0x248, 0x28C, 0x384, 0x000, 0x000 } }, /* 供 */
	{ 0xB9AA, { 0x000, 0x100, 0x3C4, 0x044, 0x3DC, 0x3E0, 0x070, 0x7C4, 0x144, 0x244, 0x48C, 0x000 } }, /* 躬 */
	{ 0xB9AB, { 0x000, 0x020, 0x110, 0x110, 0x208, 0x60C, 0x480, 0x090, 0x110, 0x3F8, 0x208, 0x000 } }, /* 公 */
	{ 0xB9AC, { 0x040, 0x7FC, 0x404, 0x1F0, 0x110, 0x1F0, 0x000, 0x208, 0x208, 0x3F8, 0x000, 0x000 } }, /* 宫 */
	{ 0xB9AD, { 0x000, 0x008, 0x008, 0x3F8, 0x200, 0x200, 0x004, 0x004, 0x008, 0x038, 0x000, 0x000 } }, /* 弓 */
	{ 0xB9AE, { 0x000, 0x758, 0x248, 0x248, 0x268, 0x278, 0x388, 0x488, 0x08A, 0x10C, 0x000, 0x000 } }, /* 巩 */
	{ 0xB9AF, { 0x000, 0x040, 0x040, 0x7FC, 0x040, 0x748, 0x170, 0x250, 0x64C, 0x0C0, 0x000, 0x000 } }, /* 汞 */
	{ 0xB9B0, { 0x208, 0x208, 0x268, 0x268, 0x208, 0x308, 0x6FC, 0x248, 0x24C, 0x684, 0x000, 0x000 } }, /* 拱 */
	{ 0xB9B1, { 0x000, 0x040, 0x040, 0x404, 0x3F8, 0x208, 0x248, 0x248, 0x090, 0x60C, 0x000, 0x000 } }, /* 贡 */
	{ 0xB9B2, { 0x000, 0x000, 0x110, 0x1B0, 0x190, 0x110, 0x190, 0x404, 0x110, 0x308, 0x404, 0x000 } }, /* 共 */
	{ 0xB9B3, { 0x000, 0x220, 0x220, 0x644, 0x444, 0x224, 0x304, 0x25C, 0x24C, 0x304, 0x00C, 0x000 } }, /* 钩 */
	{ 0xB9B4, { 0x100, 0x100, 0x3FC, 0x404, 0x484, 0x124, 0x224, 0x3F4, 0x004, 0x018, 0x000, 0x000 } }, /* 勾 */
	{ 0xB9B5, { 0x040, 0x240, 0x0FC, 0x484, 0x244, 0x044, 0x2D4, 0x2D4, 0x404, 0x00C, 0x000, 0x000 } }, /* 沟 */
	{ 0xB9B6, { 0x000, 0x010, 0x7FC, 0x100, 0x100, 0x204, 0x5E4, 0x024, 0x1E4, 0x124, 0x018, 0x000 } }, /* 苟 */
	{ 0xB9B7, { 0x000, 0x020, 0x760, 0x244, 0x584, 0x174, 0x354, 0x554, 0x154, 0x104, 0x60C, 0x000 } }, /* 狗 */
	{ 0xB9B8, { 0x20C, 0x240, 0x200, 0x77C, 0x200, 0x2BC, 0x2A4, 0x7A4, 0x0BC, 0x124, 0x000, 0x000 } }, /* 垢 */
	{ 0xB9B9, { 0x000, 0x220, 0x240, 0x77C, 0x284, 0x324, 0x754, 0x254, 0x244, 0x204, 0x208, 0x000 } }, /* 构 */
	{ 0xB9BA, { 0x000, 0x020, 0x5A0, 0x4FC, 0x6C4, 0x6A4, 0x6A4, 0x6FC, 0x204, 0x504, 0x00C, 0x000 } }, /* 购 */
	{ 0xB9BB, { 0x000, 0x210, 0x23C, 0x4E4, 0x698, 0x1B0, 0x19C, 0x3A4, 0x09C, 0x198, 0x060, 0x000 } }, /* 够 */
	{ 0xB9BC, { 0x040, 0x040, 0x3F8, 0x208, 0x040, 0x7FC, 0x1B0, 0x040, 0x7FC, 0x040, 0x000, 0x000 } }, /* 辜 */
	{ 0xB9BD, { 0x000, 0x7FC, 0x000, 0x210, 0x7FC, 0x490, 0x43C, 0x344, 0x3FC, 0x444, 0x000, 0x000 } }, /* 菇 */
	{ 0xB9BE, { 0x000, 0x010, 0x010, 0x530, 0x510, 0x510, 0x57C, 0x744, 0x544, 0x07C, 0x044, 0x000 } }, /* 咕 */
	{ 0xB9BF, { 0x000, 0x210, 0x3BC, 0x408, 0x27C, 0x700, 0x23C, 0x734, 0x234, 0x200, 0x67C, 0x000 } }, /* 箍 */
	{ 0xB9C0, { 0x000, 0x000, 0x220, 0x2FC, 0x620, 0x620, 0x2F8, 0x280, 0x280, 0x2F8, 0x280, 0x000 } }, /* 估 */
	{ 0xB9C1, { 0x000, 0x000, 0x200, 0x0FC, 0x430, 0x000, 0x0FC, 0x284, 0x284, 0x4FC, 0x484, 0x000 } }, /* 沽 */
	{ 0xB9C2, { 0x008, 0x178, 0x228, 0x228, 0x328, 0x628, 0x228, 0x2A4, 0x2BC, 0x700, 0x000, 0x000 } }, /* 孤 */
	{ 0xB9C3, { 0x000, 0x210, 0x210, 0x77C, 0x290, 0x410, 0x57C, 0x344, 0x344, 0x2FC, 0x444, 0x000 } }, /* 姑 */
	{ 0xB9C4, { 0x100, 0x7D8, 0x118, 0x680, 0x7BC, 0x404, 0x090, 0x298, 0x798, 0x044, 0x000, 0x000 } }, /* 鼓 */
	{ 0xB9C5, { 0x000, 0x040, 0x040, 0x7FC, 0x040, 0x040, 0x3F8, 0x208, 0x208, 0x3F8, 0x208, 0x000 } }, /* 古 */
	{ 0xB9C6, { 0x000, 0x040, 0x3F8, 0x248, 0x3F8, 0x044, 0x7FC, 0x000, 0x2A8, 0x2A8, 0x7FC, 0x000 } }, /* 蛊 */
	{ 0xB9C7, { 0x1F0, 0x110, 0x150, 0x7FC, 0x404, 0x010, 0x1F0, 0x110, 0x010, 0x030, 0x000, 0x000 } }, /* 骨 */
	{ 0xB9C8, { 0x110, 0x208, 0x444, 0x0E0, 0x130, 0x61C, 0x310, 0x200, 0x3F0, 0x210, 0x000, 0x000 } }, /* 谷 */
	{ 0xB9C9, { 0x000, 0x6A8, 0x4A8, 0x7C4, 0x480, 0x7AC, 0x4A8, 0x498, 0x4B8, 0x144, 0x000, 0x000 } }, /* 股 */
	{ 0xB9CA, { 0x010, 0x220, 0x33C, 0x248, 0x068, 0x7A8, 0x498, 0x490, 0x4A8, 0x044, 0x000, 0x000 } }, /* 故 */
	{ 0xB9CB, { 0x000, 0x410, 0x590, 0x4A4, 0x494, 0x594, 0x414, 0x594, 0x128, 0x044, 0x000, 0x000 } }, /* 顾 */
	{ 0xB9CC, { 0x7FC, 0x404, 0x444, 0x5F4, 0x444, 0x5F4, 0x514, 0x5F4, 0x404, 0x404, 0x000, 0x000 } }, /* 固 */
	{ 0xB9CD, { 0x000, 0x040, 0x3FC, 0x204, 0x2A0, 0x0FC, 0x3A0, 0x2F8, 0x4F8, 0x4B0, 0x080, 0x000 } }, /* 雇 */
	{ 0xB9CE, { 0x0C4, 0x704, 0x114, 0x7D4, 0x114, 0x114, 0x654, 0x044, 0x7C4, 0x04C, 0x000, 0x000 } }, /* 刮 */
	{ 0xB9CF, { 0x000, 0x3F0, 0x290, 0x290, 0x290, 0x290, 0x080, 0x4A8, 0x4E4, 0x484, 0x000, 0x000 } }, /* 瓜 */
	{ 0xB9D0, { 0x004, 0x454, 0x454, 0x114, 0x7D4, 0x554, 0x154, 0x6D4, 0x044, 0x04C, 0x000, 0x000 } }, /* 剐 */
	{ 0xB9D1, { 0x000, 0x040, 0x404, 0x1F0, 0x3F8, 0x3F8, 0x3F8, 0x7FC, 0x398, 0x494, 0x330, 0x000 } }, /* 寡 */
	{ 0xB9D2, { 0x210, 0x210, 0x210, 0x210, 0x2FC, 0x610, 0x27C, 0x210, 0x210, 0x6FC, 0x000, 0x000 } }, /* 挂 */
	{ 0xB9D3, { 0x208, 0x208, 0x668, 0x208, 0x2FC, 0x708, 0x268, 0x208, 0x2F8, 0x208, 0x000, 0x000 } }, /* 褂 */
	{ 0xB9D4, { 0x000, 0x0F8, 0x040, 0x040, 0x040, 0x150, 0x158, 0x150, 0x754, 0x040, 0x040, 0x000 } }, /* 乖 */
	{ 0xB9D5, { 0x238, 0x244, 0x744, 0x27C, 0x200, 0x77C, 0x224, 0x224, 0x244, 0x688, 0x000, 0x000 } }, /* 拐 */
	{ 0xB9D6, { 0x200, 0x248, 0x728, 0x630, 0x26C, 0x200, 0x2FC, 0x200, 0x230, 0x200, 0x000, 0x000 } }, /* 怪 */
	{ 0xB9D7, { 0x000, 0x210, 0x27C, 0x780, 0x278, 0x640, 0x778, 0x240, 0x244, 0x27C, 0x244, 0x000 } }, /* 棺 */
	{ 0xB9D8, { 0x110, 0x080, 0x3F8, 0x040, 0x040, 0x7FC, 0x040, 0x0A0, 0x118, 0x604, 0x000, 0x000 } }, /* 关 */
	{ 0xB9D9, { 0x000, 0x040, 0x7FC, 0x404, 0x1F0, 0x200, 0x3F0, 0x100, 0x308, 0x308, 0x308, 0x000 } }, /* 官 */
	{ 0xB9DA, { 0x000, 0x000, 0x404, 0x008, 0x008, 0x008, 0x3A8, 0x288, 0x298, 0x484, 0x4F8, 0x000 } }, /* 冠 */
	{ 0xB9DB, { 0x07C, 0x744, 0x144, 0x554, 0x354, 0x354, 0x330, 0x430, 0x050, 0x08C, 0x000, 0x000 } }, /* 观 */
	{ 0xB9DC, { 0x000, 0x210, 0x3BC, 0x440, 0x7FC, 0x404, 0x218, 0x3F0, 0x3F8, 0x208, 0x3F8, 0x000 } }, /* 管 */
	{ 0xB9DD, { 0x000, 0x010, 0x410, 0x784, 0x500, 0x048, 0x278, 0x240, 0x344, 0x244, 0x044, 0x000 } }, /* 馆 */
	{ 0xB9DE, { 0x028, 0x47C, 0x62C, 0x24C, 0x720, 0x27C, 0x6F8, 0x6F8, 0x738, 0x07C, 0x000, 0x000 } }, /* 罐 */
	{ 0xB9DF, { 0x000, 0x278, 0x204, 0x2FC, 0x7A4, 0xA00, 0x27C, 0x204, 0x224, 0x228, 0x2C4, 0x000 } }, /* 惯 */
	{ 0xB9E0, { 0x048, 0x6FC, 0x0CC, 0x0D4, 0x290, 0x0FC, 0x3FC, 0x490, 0x490, 0x0FC, 0x000, 0x000 } }, /* 灌 */
	{ 0xB9E1, { 0x1F8, 0x248, 0x7FC, 0x248, 0x000, 0x3F8, 0x248, 0x248, 0x098, 0x70C, 0x000, 0x000 } }, /* 贯 */
	{ 0xB9E2, { 0x000, 0x040, 0x048, 0x248, 0x140, 0x7FC, 0x0A0, 0x0A0, 0x120, 0x224, 0x41C, 0x000 } }, /* 光 */
	{ 0xB9E3, { 0x000, 0x040, 0x040, 0x3FC, 0x200, 0x200, 0x200, 0x200, 0x400, 0x400, 0x400, 0x000 } }, /* 广 */
	{ 0xB9E4, { 0x000, 0x040, 0x4DC, 0x188, 0x058, 0x4D8, 0x348, 0x048, 0x0BC, 0x700, 0x0FC, 0x000 } }, /* 逛 */
	{ 0xB9E5, { 0x020, 0x778, 0x284, 0x2FC, 0x7A4, 0x2F8, 0x238, 0x35C, 0x4D0, 0x09C, 0x000, 0x000 } }, /* 瑰 */
	{ 0xB9E6, { 0x000, 0x000, 0x244, 0x744, 0x054, 0x754, 0x254, 0x310, 0x2B0, 0x440, 0x08C, 0x000 } }, /* 规 */
	{ 0xB9E7, { 0x000, 0x040, 0x040, 0x040, 0x040, 0x7FC, 0x040, 0x3F8, 0x040, 0x040, 0x7FC, 0x000 } }, /* 圭 */
	{ 0xB9E8, { 0x000, 0x010, 0x710, 0x210, 0x210, 0x77C, 0x410, 0x034, 0x310, 0x010, 0x07C, 0x000 } }, /* 硅 */
	{ 0xB9E9, { 0x000, 0x100, 0x57C, 0x504, 0x504, 0x53C, 0x504, 0x504, 0x204, 0x204, 0x400, 0x000 } }, /* 归 */
	{ 0xB9EA, { 0x000, 0x100, 0x3E0, 0x220, 0x7F8, 0x248, 0x3F8, 0x248, 0x3F8, 0x040, 0x07C, 0x000 } }, /* 龟 */
	{ 0xB9EB, { 0x000, 0x200, 0x044, 0x444, 0x444, 0x5F4, 0x444, 0x5F4, 0x444, 0x5F4, 0x40C, 0x000 } }, /* 闺 */
	{ 0xB9EC, { 0x000, 0x200, 0x200, 0x630, 0x128, 0x528, 0x528, 0x128, 0x728, 0x148, 0x104, 0x000 } }, /* 轨 */
	{ 0xB9ED, { 0x000, 0x080, 0x3F0, 0x000, 0x3F0, 0x000, 0x3F0, 0x0D0, 0x178, 0x244, 0x43C, 0x000 } }, /* 鬼 */
	{ 0xB9EE, { 0x000, 0x020, 0x278, 0x088, 0x4FC, 0x280, 0x2AC, 0x2A0, 0x3A8, 0x6A0, 0x13C, 0x000 } }, /* 诡 */
	{ 0xB9EF, { 0x000, 0x0B0, 0x22C, 0x310, 0x3FC, 0x440, 0x3F8, 0x0E0, 0x190, 0x608, 0x000, 0x000 } }, /* 癸 */
	{ 0xB9F0, { 0x200, 0x230, 0x730, 0x200, 0x27C, 0x710, 0x67C, 0x210, 0x230, 0x200, 0x000, 0x000 } }, /* 桂 */
	{ 0xB9F1, { 0x000, 0x200, 0x27C, 0x740, 0x278, 0x244, 0x744, 0x27C, 0x240, 0x240, 0x200, 0x000 } }, /* 柜 */
	{ 0xB9F2, { 0x000, 0x020, 0x778, 0x548, 0x77C, 0x240, 0x764, 0x664, 0x668, 0x7A0, 0x09C, 0x000 } }, /* 跪 */
	{ 0xB9F3, { 0x000, 0x040, 0x3F8, 0x248, 0x040, 0x7FC, 0x3F8, 0x208, 0x248, 0x0B0, 0x70C, 0x000 } }, /* 贵 */
	{ 0xB9F4, { 0x000, 0x104, 0x384, 0x254, 0x694, 0x014, 0x7D4, 0x114, 0x214, 0x7C4, 0x00C, 0x000 } }, /* 刽 */
	{ 0xB9F5, { 0x000, 0x200, 0x244, 0x47C, 0x444, 0x678, 0x700, 0x074, 0x758, 0x270, 0x24C, 0x000 } }, /* 辊 */
	{ 0xB9F6, { 0x000, 0x020, 0x2FC, 0x008, 0x4A4, 0x248, 0x0F0, 0x254, 0x0C8, 0x468, 0x044, 0x000 } }, /* 滚 */
	{ 0xB9F7, { 0x200, 0x244, 0x27C, 0x244, 0x278, 0x710, 0x27C, 0x210, 0x270, 0x208, 0x000, 0x000 } }, /* 棍 */
	{ 0xB9F8, { 0x200, 0x26C, 0x444, 0x410, 0x210, 0x754, 0x254, 0x26C, 0x344, 0x04C, 0x000, 0x000 } }, /* 锅 */
	{ 0xB9F9, { 0x000, 0x100, 0x7D4, 0x394, 0x450, 0x398, 0x7D4, 0x090, 0x1D0, 0x11C, 0x110, 0x000 } }, /* 郭 */
	{ 0xB9FA, { 0x3F8, 0x404, 0x5F4, 0x444, 0x5F4, 0x444, 0x444, 0x5F4, 0x404, 0x404, 0x000, 0x000 } }, /* 国 */
	{ 0xB9FB, { 0x000, 0x3F8, 0x248, 0x3F8, 0x248, 0x3F8, 0x040, 0x0F0, 0x150, 0x64C, 0x040, 0x000 } }, /* 果 */
	{ 0xB9FC, { 0x000, 0x040, 0x000, 0x248, 0x3F8, 0x3F8, 0x7FC, 0x158, 0x4A8, 0x3D8, 0x484, 0x000 } }, /* 裹 */
	{ 0xB9FD, { 0x008, 0x208, 0x2FC, 0x008, 0x648, 0x248, 0x208, 0x218, 0x700, 0x4FC, 0x000, 0x000 } }, /* 过 */
	{ 0xB9FE, { 0x010, 0x030, 0x528, 0x54C, 0x5F8, 0x500, 0x778, 0x540, 0x478, 0x040, 0x000, 0x000 } }, /* 哈 */
	{ 0xBAA1, { 0x000, 0x010, 0x490, 0x6B0, 0x7A0, 0x8A8, 0x790, 0x794, 0x5E8, 0x498, 0x564, 0x000 } }, /* 骸 */
	{ 0xBAA2, { 0x020, 0x710, 0x17C, 0x220, 0x248, 0x374, 0x62C, 0x2D8, 0x22C, 0x6C4, 0x000, 0x000 } }, /* 孩 */
	{ 0xBAA3, { 0x000, 0x040, 0x27C, 0x080, 0x5F8, 0x220, 0x0FC, 0x280, 0x088, 0x47C, 0x008, 0x000 } }, /* 海 */
	{ 0xBAA4, { 0x000, 0x200, 0x3F8, 0x5F8, 0x3F8, 0x088, 0x7E8, 0x3C8, 0x1A8, 0x6C4, 0x324, 0x000 } }, /* 氦 */
	{ 0xBAA5, { 0x000, 0x040, 0x040, 0x180, 0x100, 0x3E0, 0x058, 0x190, 0x260, 0x198, 0x604, 0x000 } }, /* 亥 */
	{ 0xBAA6, { 0x000, 0x040, 0x7FC, 0x444, 0x040, 0x3F8, 0x7FC, 0x040, 0x3F8, 0x208, 0x318, 0x000 } }, /* 害 */
	{ 0xBAA7, { 0x000, 0x010, 0x110, 0x530, 0x520, 0x568, 0x710, 0x024, 0x748, 0x114, 0x344, 0x000 } }, /* 骇 */
	{ 0xBAA8, { 0x7A4, 0x324, 0x37E, 0x7A4, 0x324, 0x5BC, 0x424, 0x7A4, 0x0BC, 0x4A4, 0x000, 0x000 } }, /* 酣 */
	{ 0xBAA9, { 0x000, 0x390, 0x090, 0x2E4, 0x3A0, 0x398, 0x7D8, 0x024, 0x548, 0x504, 0x0F0, 0x000 } }, /* 憨 */
	{ 0xBAAA, { 0x09C, 0x494, 0x7D4, 0x098, 0x094, 0x394, 0x092, 0x094, 0x790, 0x010, 0x000, 0x000 } }, /* 邯 */
	{ 0xBAAB, { 0x000, 0x010, 0x790, 0x110, 0x790, 0x790, 0x490, 0x394, 0x794, 0x114, 0x110, 0x000 } }, /* 韩 */
	{ 0xBAAC, { 0x000, 0x040, 0x0E0, 0x110, 0x64C, 0x1F0, 0x020, 0x060, 0x208, 0x208, 0x208, 0x000 } }, /* 含 */
	{ 0xBAAD, { 0x0F8, 0x218, 0x020, 0x52C, 0x174, 0x174, 0x3AC, 0x324, 0x504, 0x404, 0x000, 0x000 } }, /* 涵 */
	{ 0xBAAE, { 0x040, 0x7FC, 0x5A4, 0x1A0, 0x3F8, 0x7FC, 0x110, 0x66C, 0x080, 0x020, 0x000, 0x000 } }, /* 寒 */
	{ 0xBAAF, { 0x000, 0x018, 0x060, 0x150, 0x444, 0x444, 0x554, 0x4C4, 0x484, 0x004, 0x000, 0x000 } }, /* 函 */
	{ 0xBAB0, { 0x010, 0x010, 0x6FC, 0x290, 0x294, 0x2F0, 0x6B8, 0x768, 0x11C, 0x024, 0x000, 0x000 } }, /* 喊 */
	{ 0xBAB1, { 0x000, 0x000, 0x404, 0x5B4, 0x208, 0x3F8, 0x040, 0x040, 0x040, 0x040, 0x040, 0x000 } }, /* 罕 */
	{ 0xBAB2, { 0x000, 0x210, 0x7A8, 0x244, 0x7C4, 0x724, 0x45C, 0x724, 0x27C, 0x204, 0x22C, 0x000 } }, /* 翰 */
	{ 0xBAB3, { 0x010, 0x0FC, 0x690, 0x0E4, 0x2E8, 0x6E8, 0x114, 0x054, 0x0C4, 0x478, 0x000, 0x000 } }, /* 撼 */
	{ 0xBAB4, { 0x278, 0x244, 0x77C, 0x244, 0x200, 0x67C, 0x210, 0x2FC, 0x210, 0x410, 0x000, 0x000 } }, /* 捍 */
	{ 0xBAB5, { 0x3F8, 0x208, 0x3F8, 0x3F8, 0x000, 0x3F8, 0x040, 0x7FC, 0x040, 0x040, 0x000, 0x000 } }, /* 旱 */
	{ 0xBAB6, { 0x000, 0x014, 0x014, 0x690, 0x7F4, 0x0E8, 0x168, 0x114, 0x054, 0x044, 0x070, 0x000 } }, /* 憾 */
	{ 0xBAB7, { 0x000, 0x278, 0x244, 0x27C, 0x2C4, 0x200, 0x27C, 0x210, 0x2FC, 0x210, 0x210, 0x000 } }, /* 悍 */
	{ 0xBAB8, { 0x278, 0x244, 0x37C, 0x244, 0x200, 0x27C, 0x310, 0x4FC, 0x410, 0x010, 0x000, 0x000 } }, /* 焊 */
	{ 0xBAB9, { 0x400, 0x230, 0x010, 0x410, 0x0FC, 0x030, 0x210, 0x210, 0x410, 0x410, 0x000, 0x000 } }, /* 汗 */
	{ 0xBABA, { 0x000, 0x2F8, 0x048, 0x448, 0x248, 0x030, 0x230, 0x230, 0x448, 0x104, 0x000, 0x000 } }, /* 汉 */
	{ 0xBABB, { 0x000, 0x040, 0x0C0, 0x1B0, 0x110, 0x60C, 0x2F8, 0x088, 0x088, 0x108, 0x630, 0x000 } }, /* 夯 */
	{ 0xBABC, { 0x000, 0x220, 0x200, 0x77C, 0x200, 0x278, 0x748, 0x248, 0x248, 0x248, 0x28C, 0x000 } }, /* 杭 */
	{ 0xBABD, { 0x000, 0x210, 0x47C, 0x600, 0x438, 0x728, 0x628, 0x508, 0x448, 0x1C4, 0x000, 0x000 } }, /* 航 */
	{ 0xBABE, { 0x000, 0x010, 0x000, 0x278, 0x678, 0x1FC, 0x078, 0x2F8, 0x4F8, 0x074, 0x0B0, 0x000 } }, /* 壕 */
	{ 0xBABF, { 0x000, 0x020, 0x6F8, 0x288, 0x278, 0x3FC, 0x270, 0x6E8, 0x0F8, 0x054, 0x120, 0x000 } }, /* 嚎 */
	{ 0xBAC0, { 0x000, 0x040, 0x000, 0x3F8, 0x3F8, 0x7FE, 0x1F8, 0x1C8, 0x0F0, 0x3A8, 0x664, 0x000 } }, /* 豪 */
	{ 0xBAC1, { 0x000, 0x040, 0x7FC, 0x3F0, 0x3F0, 0x7FC, 0x474, 0x0C0, 0x0C0, 0x3C0, 0x07C, 0x000 } }, /* 毫 */
	{ 0xBAC2, { 0x000, 0x100, 0x3D4, 0x114, 0x110, 0x294, 0x6D4, 0x6B2, 0x294, 0x490, 0x490, 0x000 } }, /* 郝 */
	{ 0xBAC3, { 0x000, 0x27C, 0x208, 0x290, 0x490, 0x57C, 0x310, 0x310, 0x690, 0x030, 0x000, 0x000 } }, /* 好 */
	{ 0xBAC4, { 0x000, 0x000, 0x338, 0x110, 0x79C, 0x310, 0x314, 0x3F0, 0x690, 0x014, 0x01C, 0x000 } }, /* 耗 */
	{ 0xBAC5, { 0x000, 0x208, 0x208, 0x1F0, 0x7FC, 0x100, 0x100, 0x008, 0x008, 0x070, 0x000, 0x000 } }, /* 号 */
	{ 0xBAC6, { 0x000, 0x2A0, 0x0FC, 0x400, 0x5FC, 0x000, 0x2FC, 0x484, 0x4F8, 0x480, 0x000, 0x000 } }, /* 浩 */
	{ 0xBAC7, { 0x000, 0x70C, 0x100, 0x160, 0x100, 0x100, 0x760, 0x500, 0x000, 0x018, 0x000, 0x000 } }, /* 呵 */
	{ 0xBAC8, { 0x07C, 0x744, 0x17C, 0x17C, 0x120, 0x17E, 0x592, 0x56A, 0x060, 0x00C, 0x000, 0x000 } }, /* 喝 */
	{ 0xBAC9, { 0x000, 0x7FC, 0x000, 0x3FC, 0x208, 0x6E8, 0x288, 0x2E8, 0x208, 0x208, 0x000, 0x000 } }, /* 荷 */
	{ 0xBACA, { 0x010, 0x7FC, 0x000, 0x6FC, 0x008, 0x4E8, 0x0A8, 0x2E8, 0x408, 0x018, 0x000, 0x000 } }, /* 菏 */
	{ 0xBACB, { 0x210, 0x210, 0x720, 0x228, 0x278, 0x714, 0x228, 0x2D8, 0x224, 0x2C0, 0x000, 0x000 } }, /* 核 */
	{ 0xBACC, { 0x008, 0x3E0, 0x040, 0x040, 0x0E0, 0x0E0, 0x150, 0x24C, 0x444, 0x040, 0x000, 0x000 } }, /* 禾 */
	{ 0xBACD, { 0x000, 0x000, 0x700, 0x13C, 0x524, 0x124, 0x3A4, 0x364, 0x53C, 0x124, 0x100, 0x000 } }, /* 和 */
	{ 0xBACE, { 0x000, 0x200, 0x2FC, 0x608, 0x6E8, 0x2A8, 0x2A8, 0x2E8, 0x288, 0x208, 0x218, 0x000 } }, /* 何 */
	{ 0xBACF, { 0x040, 0x0C0, 0x120, 0x218, 0x5F4, 0x000, 0x3F8, 0x208, 0x3F8, 0x208, 0x000, 0x000 } }, /* 合 */
	{ 0xBAD0, { 0x000, 0x040, 0x0A0, 0x318, 0x404, 0x1F8, 0x118, 0x000, 0x2A8, 0x2A0, 0x7FC, 0x000 } }, /* 盒 */
	{ 0xBAD1, { 0x000, 0x120, 0x238, 0x5E8, 0x738, 0x738, 0x3C4, 0x5BC, 0x284, 0x4BC, 0x304, 0x000 } }, /* 貉 */
	{ 0xBAD2, { 0x000, 0x278, 0x204, 0x444, 0x484, 0x5A4, 0x4D4, 0x5A4, 0x464, 0x514, 0x40C, 0x000 } }, /* 阂 */
	{ 0xBAD3, { 0x000, 0x2FC, 0x000, 0x4E0, 0x2A0, 0x0A0, 0x2E0, 0x280, 0x400, 0x418, 0x000, 0x000 } }, /* 河 */
	{ 0xBAD4, { 0x000, 0x400, 0x204, 0x024, 0x47C, 0x024, 0x054, 0x254, 0x434, 0x484, 0x004, 0x000 } }, /* 涸 */
	{ 0xBAD5, { 0x000, 0x318, 0x110, 0x318, 0x318, 0x2A8, 0x6EC, 0x228, 0x528, 0x558, 0x000, 0x000 } }, /* 赫 */
	{ 0xBAD6, { 0x000, 0x03C, 0x144, 0x77C, 0x17C, 0x220, 0x754, 0x2D0, 0x268, 0x274, 0x20C, 0x000 } }, /* 褐 */
	{ 0xBAD7, { 0x000, 0x110, 0x7DC, 0x664, 0x224, 0x7AC, 0x7A0, 0x104, 0x3B8, 0x384, 0x00C, 0x000 } }, /* 鹤 */
	{ 0xBAD8, { 0x000, 0x7DC, 0x254, 0x69C, 0x400, 0x3F8, 0x248, 0x248, 0x0B0, 0x704, 0x000, 0x000 } }, /* 贺 */
	{ 0xBAD9, { 0x000, 0x0FC, 0x684, 0x0DC, 0x0B4, 0x030, 0x0FC, 0x600, 0x09C, 0x094, 0x100, 0x000 } }, /* 嘿 */
	{ 0xBADA, { 0x3F8, 0x444, 0x554, 0x7FC, 0x040, 0x3F8, 0x040, 0x7FC, 0x4A4, 0x484, 0x000, 0x000 } }, /* 黑 */
	{ 0xBADB, { 0x000, 0x020, 0x3FC, 0x200, 0x68C, 0x2F8, 0x684, 0x2B0, 0x298, 0x298, 0x484, 0x000 } }, /* 痕 */
	{ 0xBADC, { 0x100, 0x248, 0x448, 0x148, 0x278, 0x660, 0x25C, 0x250, 0x268, 0x244, 0x000, 0x000 } }, /* 很 */
	{ 0xBADD, { 0x578, 0x344, 0x67C, 0x144, 0x17C, 0x354, 0x558, 0x148, 0x16C, 0x640, 0x000, 0x000 } }, /* 狠 */
	{ 0xBADE, { 0x000, 0x278, 0x244, 0x378, 0x644, 0x27C, 0x240, 0x258, 0x248, 0x26C, 0x240, 0x000 } }, /* 恨 */
	{ 0xBADF, { 0x000, 0x010, 0x7FC, 0x500, 0x544, 0x57C, 0x500, 0x71C, 0x410, 0x010, 0x030, 0x000 } }, /* 哼 */
	{ 0xBAE0, { 0x000, 0x040, 0x7FC, 0x1F0, 0x110, 0x1F0, 0x7F8, 0x070, 0x040, 0x040, 0x0C0, 0x000 } }, /* 亨 */
	{ 0xBAE1, { 0x000, 0x2FC, 0x600, 0x2FC, 0x678, 0x7A0, 0xAB8, 0x2F8, 0x248, 0x284, 0x000, 0x000 } }, /* 横 */
	{ 0xBAE2, { 0x000, 0x080, 0x2EC, 0x560, 0x358, 0x4F4, 0x4F4, 0x044, 0x0C4, 0x0A4, 0x10C, 0x000 } }, /* 衡 */
	{ 0xBAE3, { 0x000, 0x200, 0x200, 0x200, 0x644, 0x244, 0x244, 0x244, 0x244, 0x200, 0x200, 0x000 } }, /* 恒 */
	{ 0xBAE4, { 0x000, 0x080, 0x7FC, 0x340, 0x040, 0x7FC, 0x000, 0x0A8, 0x328, 0x198, 0x46C, 0x000 } }, /* 轰 */
	{ 0xBAE5, { 0x008, 0x708, 0x568, 0x568, 0x508, 0x528, 0x57C, 0x548, 0x04C, 0x084, 0x000, 0x000 } }, /* 哄 */
	{ 0xBAE6, { 0x208, 0x208, 0x328, 0x768, 0x608, 0x208, 0x27C, 0x308, 0x444, 0x484, 0x000, 0x000 } }, /* 烘 */
	{ 0xBAE7, { 0x000, 0x000, 0x03C, 0x790, 0x490, 0x490, 0x790, 0x610, 0x090, 0x390, 0x000, 0x000 } }, /* 虹 */
	{ 0xBAE8, { 0x000, 0x010, 0x23C, 0x1A4, 0x4A4, 0x2AC, 0x0A8, 0x284, 0x578, 0x404, 0x00C, 0x000 } }, /* 鸿 */
	{ 0xBAE9, { 0x048, 0x648, 0x048, 0x058, 0x648, 0x048, 0x3FC, 0x248, 0x4CC, 0x504, 0x000, 0x000 } }, /* 洪 */
	{ 0xBAEA, { 0x000, 0x040, 0x040, 0x6C4, 0x080, 0x7FC, 0x100, 0x140, 0x248, 0x488, 0x1FC, 0x000 } }, /* 宏 */
	{ 0xBAEB, { 0x000, 0x000, 0x110, 0x010, 0x700, 0x420, 0x728, 0x108, 0x144, 0x17C, 0x200, 0x000 } }, /* 弘 */
	{ 0xBAEC, { 0x000, 0x000, 0x27C, 0x010, 0x510, 0x310, 0x210, 0x790, 0x010, 0x390, 0x000, 0x000 } }, /* 红 */
	{ 0xBAED, { 0x000, 0x000, 0x680, 0x28C, 0x3A0, 0x2BC, 0x290, 0x6FC, 0x698, 0x0A8, 0x084, 0x000 } }, /* 喉 */
	{ 0xBAEE, { 0x000, 0x200, 0x208, 0x2FC, 0x640, 0x6F8, 0x280, 0x2FC, 0x230, 0x248, 0x284, 0x000 } }, /* 侯 */
	{ 0xBAEF, { 0x000, 0x058, 0x688, 0x6BC, 0x2A0, 0x2BC, 0x280, 0x4FC, 0x098, 0x2A4, 0x680, 0x000 } }, /* 猴 */
	{ 0xBAF0, { 0x000, 0x728, 0x508, 0x548, 0x548, 0x5E8, 0x748, 0x548, 0x048, 0x0CC, 0x000, 0x000 } }, /* 吼 */
	{ 0xBAF1, { 0x000, 0x200, 0x0F8, 0x0F8, 0x0F8, 0x000, 0x038, 0x5FC, 0x420, 0x060, 0x000, 0x000 } }, /* 厚 */
	{ 0xBAF2, { 0x000, 0x278, 0x208, 0x77C, 0x500, 0x578, 0x110, 0x17C, 0x130, 0x268, 0x284, 0x000 } }, /* 候 */
	{ 0xBAF3, { 0x008, 0x3E0, 0x200, 0x3FC, 0x200, 0x2F8, 0x000, 0x400, 0x4F8, 0x000, 0x000, 0x000 } }, /* 后 */
	{ 0xBAF4, { 0x00C, 0x770, 0x114, 0x154, 0x110, 0x5FC, 0x710, 0x010, 0x010, 0x020, 0x000, 0x000 } }, /* 呼 */
	{ 0xBAF5, { 0x008, 0x7E0, 0x048, 0x248, 0x140, 0x7FC, 0x040, 0x040, 0x040, 0x0C0, 0x000, 0x000 } }, /* 乎 */
	{ 0xBAF6, { 0x000, 0x100, 0x3F8, 0x2A8, 0x128, 0x248, 0x098, 0x040, 0x504, 0x514, 0x1F0, 0x000 } }, /* 忽 */
	{ 0xBAF7, { 0x000, 0x614, 0x0D4, 0x01C, 0x6D4, 0x0D4, 0x014, 0x7F4, 0x024, 0x02C, 0x000, 0x000 } }, /* 瑚 */
	{ 0xBAF8, { 0x000, 0x040, 0x7FC, 0x040, 0x3F8, 0x000, 0x4A4, 0x2A8, 0x2A8, 0x0A0, 0x7FC, 0x000 } }, /* 壶 */
	{ 0xBAF9, { 0x000, 0x7FC, 0x000, 0x03C, 0x7A4, 0x33C, 0x4A4, 0x4BC, 0x7C4, 0x04C, 0x000, 0x000 } }, /* 葫 */
	{ 0xBAFA, { 0x000, 0x024, 0x7A4, 0x03C, 0x324, 0x4A4, 0x4A4, 0x7C4, 0x4C4, 0x088, 0x000, 0x000 } }, /* 胡 */
	{ 0xBAFB, { 0x240, 0x204, 0x770, 0x30C, 0x360, 0x72C, 0x26C, 0x370, 0x710, 0x024, 0x000, 0x000 } }, /* 蝴 */
	{ 0xBAFC, { 0x000, 0x000, 0x778, 0x228, 0x028, 0x028, 0x328, 0x5A0, 0x1A4, 0x2BC, 0x608, 0x000 } }, /* 狐 */
	{ 0xBAFD, { 0x240, 0x754, 0x7F4, 0x65C, 0x254, 0x7B4, 0x6B4, 0x2F4, 0x2B4, 0x224, 0x000, 0x000 } }, /* 糊 */
	{ 0xBAFE, { 0x080, 0x294, 0x1D4, 0x49C, 0x094, 0x154, 0x354, 0x5D4, 0x524, 0x06C, 0x000, 0x000 } }, /* 湖 */
	{ 0xBBA1, { 0x000, 0x008, 0x168, 0x128, 0x628, 0x428, 0x628, 0x0A8, 0x0A4, 0x2BC, 0x600, 0x000 } }, /* 弧 */
	{ 0xBBA2, { 0x000, 0x040, 0x040, 0x3FC, 0x444, 0x5C0, 0x478, 0x400, 0x490, 0x490, 0x11C, 0x000 } }, /* 虎 */
	{ 0xBBA3, { 0x000, 0x020, 0x620, 0x0FC, 0x0A0, 0x0A0, 0x098, 0x6B0, 0x048, 0x14A, 0x00C, 0x000 } }, /* 唬 */
	{ 0xBBA4, { 0x000, 0x210, 0x200, 0x27C, 0x244, 0x244, 0x764, 0x240, 0x240, 0x240, 0x680, 0x000 } }, /* 护 */
	{ 0xBBA5, { 0x000, 0x7FC, 0x000, 0x180, 0x110, 0x110, 0x1F0, 0x010, 0x010, 0x7FC, 0x000, 0x000 } }, /* 互 */
	{ 0xBBA6, { 0x000, 0x020, 0x210, 0x07C, 0x444, 0x244, 0x07C, 0x200, 0x280, 0x480, 0x100, 0x000 } }, /* 沪 */
	{ 0xBBA7, { 0x000, 0x040, 0x000, 0x3FC, 0x204, 0x204, 0x3FC, 0x200, 0x200, 0x400, 0x400, 0x000 } }, /* 户 */
	{ 0xBBA8, { 0x000, 0x120, 0x7FC, 0x120, 0x120, 0x328, 0x630, 0x020, 0x0E0, 0x024, 0x03C, 0x000 } }, /* 花 */
	{ 0xBBA9, { 0x050, 0x654, 0x0D8, 0x1D0, 0x050, 0x04C, 0x610, 0x0FC, 0x000, 0x000, 0x000, 0x000 } }, /* 哗 */
	{ 0xBBAA, { 0x000, 0x120, 0x22C, 0x230, 0x6E0, 0x224, 0x21C, 0x040, 0x7FC, 0x040, 0x040, 0x000 } }, /* 华 */
	{ 0xBBAB, { 0x178, 0x340, 0x250, 0x4FC, 0x182, 0x348, 0x578, 0x148, 0x240, 0x648, 0x000, 0x000 } }, /* 猾 */
	{ 0xBBAC, { 0x0F8, 0x288, 0x0A8, 0x5FC, 0x100, 0x088, 0x0F8, 0x488, 0x488, 0x098, 0x000, 0x000 } }, /* 滑 */
	{ 0xBBAD, { 0x000, 0x000, 0x1F0, 0x554, 0x554, 0x554, 0x554, 0x5F4, 0x404, 0x004, 0x000, 0x000 } }, /* 画 */
	{ 0xBBAE, { 0x000, 0x204, 0x284, 0x214, 0x7D4, 0x254, 0x294, 0x114, 0x314, 0x4A4, 0x04C, 0x000 } }, /* 划 */
	{ 0xBBAF, { 0x000, 0x100, 0x120, 0x224, 0x628, 0x630, 0x260, 0x2E0, 0x220, 0x224, 0x23C, 0x000 } }, /* 化 */
	{ 0xBBB0, { 0x000, 0x000, 0x2F0, 0x000, 0x0FC, 0x200, 0x210, 0x24C, 0x384, 0x27C, 0x000, 0x000 } }, /* 话 */
	{ 0xBBB1, { 0x220, 0x27C, 0x794, 0x2FC, 0x2F4, 0x7B4, 0x238, 0x25C, 0x2D0, 0x29C, 0x000, 0x000 } }, /* 槐 */
	{ 0xBBB2, { 0x000, 0x200, 0x284, 0x484, 0x2A4, 0x2A4, 0x6A4, 0x2B4, 0x284, 0x2FC, 0x284, 0x000 } }, /* 徊 */
	{ 0xBBB3, { 0x000, 0x200, 0x2FC, 0x200, 0x6A0, 0x228, 0x264, 0x2A4, 0x220, 0x220, 0x220, 0x000 } }, /* 怀 */
	{ 0xBBB4, { 0x000, 0x050, 0x610, 0x0FC, 0x190, 0x5FC, 0x090, 0x2FC, 0x290, 0x4D0, 0x080, 0x000 } }, /* 淮 */
	{ 0xBBB5, { 0x200, 0x2FC, 0x210, 0x710, 0x238, 0x234, 0x354, 0x690, 0x010, 0x010, 0x000, 0x000 } }, /* 坏 */
	{ 0xBBB6, { 0x020, 0x000, 0x17C, 0x144, 0x310, 0x310, 0x330, 0x2A8, 0x44C, 0x080, 0x000, 0x000 } }, /* 欢 */
	{ 0xBBB7, { 0x000, 0x210, 0x210, 0x710, 0x238, 0x234, 0x354, 0x490, 0x010, 0x010, 0x000, 0x000 } }, /* 环 */
	{ 0xBBB8, { 0x000, 0x200, 0x200, 0x700, 0x24C, 0x248, 0x740, 0x24C, 0x200, 0x200, 0x200, 0x000 } }, /* 桓 */
	{ 0xBBB9, { 0x000, 0x000, 0x2FC, 0x220, 0x060, 0x668, 0x3A4, 0x220, 0x220, 0x700, 0x47C, 0x000 } }, /* 还 */
	{ 0xBBBA, { 0x20C, 0x060, 0x568, 0x67C, 0x220, 0x460, 0x678, 0x068, 0x5B0, 0x06C, 0x000, 0x000 } }, /* 缓 */
	{ 0xBBBB, { 0x200, 0x278, 0x780, 0x2F8, 0x204, 0x204, 0x2FC, 0x230, 0x248, 0x684, 0x000, 0x000 } }, /* 换 */
	{ 0xBBBC, { 0x000, 0x040, 0x3F8, 0x248, 0x040, 0x3F8, 0x3F8, 0x040, 0x544, 0x514, 0x1F0, 0x000 } }, /* 患 */
	{ 0xBBBD, { 0x000, 0x020, 0x778, 0x588, 0x57C, 0x514, 0x514, 0x7FC, 0x430, 0x048, 0x084, 0x000 } }, /* 唤 */
	{ 0xBBBE, { 0x000, 0x020, 0x3FC, 0x240, 0x6D8, 0x2F8, 0x6A4, 0x2B4, 0x230, 0x048, 0x484, 0x000 } }, /* 痪 */
	{ 0xBBBF, { 0x000, 0x050, 0x3D0, 0x080, 0x7FC, 0x110, 0x6CC, 0x3D0, 0x3F0, 0x388, 0x240, 0x000 } }, /* 豢 */
	{ 0xBBC0, { 0x220, 0x278, 0x240, 0x77C, 0x204, 0x214, 0x2FC, 0x130, 0x448, 0x084, 0x000, 0x000 } }, /* 焕 */
	{ 0xBBC1, { 0x000, 0x040, 0x278, 0x090, 0x4F8, 0x0A4, 0x0A4, 0x3FC, 0x430, 0x458, 0x184, 0x000 } }, /* 涣 */
	{ 0xBBC2, { 0x000, 0x040, 0x7FC, 0x000, 0x3F8, 0x240, 0x3F8, 0x208, 0x3F8, 0x200, 0x3FC, 0x000 } }, /* 宦 */
	{ 0xBBC3, { 0x000, 0x000, 0x23C, 0x204, 0x484, 0x704, 0x104, 0x284, 0x044, 0x7C4, 0x018, 0x000 } }, /* 幻 */
	{ 0xBBC4, { 0x000, 0x7FC, 0x040, 0x7FC, 0x200, 0x3F8, 0x050, 0x250, 0x250, 0x44C, 0x000, 0x000 } }, /* 荒 */
	{ 0xBBC5, { 0x248, 0x2FC, 0x648, 0x7FC, 0xA80, 0x278, 0x220, 0x2A8, 0x2A8, 0x304, 0x000, 0x000 } }, /* 慌 */
	{ 0xBBC6, { 0x000, 0x090, 0x3FC, 0x090, 0x040, 0x3F8, 0x248, 0x248, 0x3F8, 0x118, 0x604, 0x000 } }, /* 黄 */
	{ 0xBBC7, { 0x000, 0x77C, 0x000, 0x4B4, 0x57C, 0x5B4, 0x5B4, 0x7FC, 0x448, 0x084, 0x000, 0x000 } }, /* 磺 */
	{ 0xBBC8, { 0x000, 0x210, 0x27C, 0x7E4, 0x2C4, 0x2BC, 0x780, 0x210, 0x2BC, 0x790, 0x07C, 0x000 } }, /* 蝗 */
	{ 0xBBC9, { 0x200, 0x7FC, 0x000, 0x3F8, 0x7FC, 0x3F0, 0x248, 0x2C8, 0x190, 0x208, 0x000, 0x000 } }, /* 簧 */
	{ 0xBBCA, { 0x000, 0x080, 0x3F8, 0x208, 0x208, 0x3F8, 0x000, 0x040, 0x3F8, 0x040, 0x7FC, 0x000 } }, /* 皇 */
	{ 0xBBCB, { 0x000, 0x488, 0x1E8, 0x1E8, 0x5E8, 0x408, 0x448, 0x4E8, 0x5FE, 0x004, 0x000, 0x000 } }, /* 凰 */
	{ 0xBBCC, { 0x000, 0x200, 0x27C, 0x24C, 0x384, 0x278, 0x2FC, 0x200, 0x2FC, 0x200, 0x2FC, 0x000 } }, /* 惶 */
	{ 0xBBCD, { 0x220, 0x27C, 0x3C4, 0x644, 0x27C, 0x204, 0x210, 0x1FC, 0x410, 0x4FC, 0x000, 0x000 } }, /* 煌 */
	{ 0xBBCE, { 0x3F8, 0x208, 0x3F8, 0x208, 0x240, 0x050, 0x7FC, 0x0A0, 0x120, 0x63C, 0x000, 0x000 } }, /* 晃 */
	{ 0xBBCF, { 0x278, 0x244, 0x77C, 0x27C, 0x250, 0x25C, 0x2B8, 0x328, 0x248, 0x28C, 0x000, 0x000 } }, /* 幌 */
	{ 0xBBD0, { 0x000, 0x200, 0x204, 0x348, 0x600, 0x2FC, 0x200, 0x240, 0x240, 0x280, 0x20C, 0x000 } }, /* 恍 */
	{ 0xBBD1, { 0x048, 0x2FC, 0x020, 0x5FC, 0x080, 0x0FC, 0x000, 0x2A8, 0x2A8, 0x12C, 0x000, 0x000 } }, /* 谎 */
	{ 0xBBD2, { 0x000, 0x080, 0x3FC, 0x100, 0x120, 0x1A0, 0x2A8, 0x220, 0x450, 0x088, 0x304, 0x000 } }, /* 灰 */
	{ 0xBBD3, { 0x200, 0x2A4, 0x720, 0x2FC, 0x250, 0x6F8, 0x210, 0x2FC, 0x210, 0x410, 0x000, 0x000 } }, /* 挥 */
	{ 0xBBD4, { 0x200, 0x244, 0x710, 0x27C, 0x720, 0x150, 0x510, 0x590, 0x510, 0x010, 0x000, 0x000 } }, /* 辉 */
	{ 0xBBD5, { 0x008, 0x568, 0x4EC, 0x2F4, 0x294, 0x6C4, 0x2E8, 0x248, 0x33C, 0x2A0, 0x000, 0x000 } }, /* 徽 */
	{ 0xBBD6, { 0x000, 0x200, 0x260, 0x240, 0x750, 0x254, 0x2D4, 0x290, 0x328, 0x24C, 0x280, 0x000 } }, /* 恢 */
	{ 0xBBD7, { 0x000, 0x200, 0x27C, 0x7C0, 0x2D8, 0x2C8, 0x7C8, 0x258, 0x240, 0x7C4, 0x044, 0x000 } }, /* 蛔 */
	{ 0xBBD8, { 0x000, 0x000, 0x404, 0x404, 0x4E4, 0x404, 0x404, 0x4E4, 0x404, 0x7FC, 0x400, 0x000 } }, /* 回 */
	{ 0xBBD9, { 0x000, 0x038, 0x4A8, 0x4A8, 0x4CC, 0x780, 0x028, 0x7A8, 0x010, 0x7B8, 0x044, 0x000 } }, /* 毁 */
	{ 0xBBDA, { 0x000, 0x240, 0x27C, 0x380, 0x77C, 0x254, 0x2FC, 0x244, 0x254, 0x20C, 0x208, 0x000 } }, /* 悔 */
	{ 0xBBDB, { 0x000, 0x010, 0x7BC, 0x3BC, 0x7BC, 0x318, 0x008, 0x008, 0x040, 0x544, 0x1F0, 0x000 } }, /* 慧 */
	{ 0xBBDC, { 0x040, 0x040, 0x040, 0x150, 0x110, 0x318, 0x110, 0x010, 0x210, 0x410, 0x000, 0x000 } }, /* 卉 */
	{ 0xBBDD, { 0x000, 0x040, 0x7FC, 0x3F8, 0x248, 0x248, 0x3F8, 0x7FC, 0x040, 0x504, 0x5F0, 0x000 } }, /* 惠 */
	{ 0xBBDE, { 0x000, 0x040, 0x77C, 0x1C0, 0x144, 0x654, 0x1FC, 0x040, 0x75C, 0x00C, 0x008, 0x000 } }, /* 晦 */
	{ 0xBBDF, { 0x000, 0x010, 0x77C, 0x620, 0x67C, 0x6E4, 0x63C, 0x624, 0x23C, 0x524, 0x42C, 0x000 } }, /* 贿 */
	{ 0xBBE0, { 0x110, 0x650, 0x254, 0x7A0, 0x220, 0x2BC, 0x644, 0x218, 0x210, 0x260, 0x000, 0x000 } }, /* 秽 */
	{ 0xBBE1, { 0x040, 0x0E0, 0x110, 0x208, 0x404, 0x000, 0x0C0, 0x080, 0x310, 0x388, 0x000, 0x000 } }, /* 会 */
	{ 0xBBE2, { 0x000, 0x220, 0x230, 0x3C8, 0x24C, 0xA80, 0x200, 0x220, 0x328, 0x448, 0x474, 0x000 } }, /* 烩 */
	{ 0xBBE3, { 0x000, 0x000, 0x2FC, 0x080, 0x480, 0x280, 0x080, 0x180, 0x280, 0x480, 0x47C, 0x000 } }, /* 汇 */
	{ 0xBBE4, { 0x000, 0x000, 0x230, 0x010, 0x430, 0x230, 0x210, 0x234, 0x204, 0x30C, 0x000, 0x000 } }, /* 讳 */
	{ 0xBBE5, { 0x000, 0x040, 0x27C, 0x080, 0x4FC, 0x404, 0x1FC, 0x080, 0x080, 0x67C, 0x018, 0x000 } }, /* 诲 */
	{ 0xBBE6, { 0x200, 0x230, 0x428, 0x54C, 0x280, 0x200, 0x730, 0x028, 0x748, 0x044, 0x000, 0x000 } }, /* 绘 */
	{ 0xBBE7, { 0x000, 0x7FC, 0x080, 0x4C4, 0x3F8, 0x100, 0x3F8, 0x040, 0x7FC, 0x040, 0x000, 0x000 } }, /* 荤 */
	{ 0xBBE8, { 0x038, 0x640, 0x7FC, 0x420, 0x714, 0x7FC, 0x200, 0x3F0, 0x210, 0x200, 0x000, 0x000 } }, /* 昏 */
	{ 0xBBE9, { 0x208, 0x250, 0x77C, 0x558, 0x568, 0x54C, 0x748, 0x378, 0x448, 0x448, 0x000, 0x000 } }, /* 婚 */
	{ 0xBBEA, { 0x000, 0x020, 0x778, 0x004, 0x07C, 0x264, 0x030, 0x538, 0x75C, 0x090, 0x11C, 0x000 } }, /* 魂 */
	{ 0xBBEB, { 0x000, 0x284, 0x020, 0x4FC, 0x240, 0x0F8, 0x210, 0x2FC, 0x410, 0x400, 0x000, 0x000 } }, /* 浑 */
	{ 0xBBEC, { 0x000, 0x4F8, 0x288, 0x0F8, 0x488, 0x0F8, 0x010, 0x2D8, 0x410, 0x4D4, 0x11C, 0x000 } }, /* 混 */
	{ 0xBBED, { 0x000, 0x200, 0x7A4, 0x010, 0x790, 0x7A8, 0x324, 0x32C, 0x7A4, 0x4AC, 0x4A4, 0x000 } }, /* 豁 */
	{ 0xBBEE, { 0x000, 0x000, 0x2F0, 0x020, 0x4FC, 0x220, 0x020, 0x2FC, 0x284, 0x4FC, 0x484, 0x000 } }, /* 活 */
	{ 0xBBEF, { 0x000, 0x100, 0x204, 0x2A0, 0x6A8, 0x230, 0x230, 0x248, 0x248, 0x284, 0x000, 0x000 } }, /* 伙 */
	{ 0xBBF0, { 0x000, 0x040, 0x040, 0x248, 0x248, 0x050, 0x0C0, 0x0A0, 0x110, 0x20C, 0x404, 0x000 } }, /* 火 */
	{ 0xBBF1, { 0x000, 0x7FC, 0x000, 0x308, 0x300, 0x57C, 0x330, 0x530, 0x148, 0x284, 0x000, 0x000 } }, /* 获 */
	{ 0xBBF2, { 0x020, 0x028, 0x7FC, 0x020, 0x6A8, 0x4A8, 0x390, 0x010, 0x734, 0x0CC, 0x000, 0x000 } }, /* 或 */
	{ 0xBBF3, { 0x000, 0x028, 0x7FC, 0x020, 0x2A8, 0x398, 0x190, 0x42C, 0x140, 0x504, 0x4F0, 0x000 } }, /* 惑 */
	{ 0xBBF4, { 0x000, 0x3F8, 0x040, 0x454, 0x140, 0x100, 0x3F8, 0x7F8, 0x360, 0x260, 0x200, 0x000 } }, /* 霍 */
	{ 0xBBF5, { 0x120, 0x328, 0x760, 0x124, 0x000, 0x1F8, 0x208, 0x248, 0x0B0, 0x70C, 0x000, 0x000 } }, /* 货 */
	{ 0xBBF6, { 0x000, 0x238, 0x244, 0x744, 0x110, 0x210, 0x754, 0x690, 0x228, 0x200, 0x20C, 0x000 } }, /* 祸 */
	{ 0xBBF7, { 0x000, 0x040, 0x040, 0x3F8, 0x040, 0x040, 0x040, 0x248, 0x248, 0x248, 0x008, 0x000 } }, /* 击 */
	{ 0xBBF8, { 0x2F8, 0x248, 0x248, 0x74C, 0x244, 0x268, 0x398, 0x490, 0x128, 0x144, 0x000, 0x000 } }, /* 圾 */
	{ 0xBBF9, { 0x000, 0x110, 0x3F8, 0x110, 0x110, 0x110, 0x7FC, 0x150, 0x7F4, 0x040, 0x3F8, 0x000 } }, /* 基 */
	{ 0xBBFA, { 0x000, 0x200, 0x278, 0x748, 0x248, 0x248, 0x748, 0x648, 0x248, 0x288, 0x28C, 0x000 } }, /* 机 */
	{ 0xBBFB, { 0x010, 0x73C, 0x218, 0x224, 0x7FC, 0x204, 0x254, 0x754, 0x454, 0x00C, 0x000, 0x000 } }, /* 畸 */
	{ 0xBBFC, { 0x128, 0x67C, 0x230, 0x7CC, 0x278, 0x37C, 0x600, 0x244, 0x244, 0x27C, 0x000, 0x000 } }, /* 稽 */
	{ 0xBBFD, { 0x000, 0x77C, 0x044, 0x7C4, 0x244, 0x37C, 0x680, 0x428, 0x044, 0x280, 0x000, 0x000 } }, /* 积 */
	{ 0xBBFE, { 0x010, 0x3BC, 0x408, 0x7FC, 0x110, 0x110, 0x1F0, 0x7FC, 0x110, 0x60C, 0x000, 0x000 } }, /* 箕 */
	{ 0xBCA1, { 0x000, 0x538, 0x408, 0x708, 0x408, 0x508, 0x408, 0x448, 0x448, 0x14C, 0x000, 0x000 } }, /* 肌 */
	{ 0xBCA2, { 0x200, 0x278, 0x7C8, 0x408, 0x208, 0x248, 0x248, 0x348, 0x248, 0x08C, 0x000, 0x000 } }, /* 饥 */
	{ 0xBCA3, { 0x000, 0x020, 0x420, 0x0FC, 0x050, 0x6D4, 0x354, 0x050, 0x090, 0x780, 0x0FC, 0x000 } }, /* 迹 */
	{ 0xBCA4, { 0x000, 0x088, 0x3C0, 0x1DC, 0x534, 0x0F4, 0x1D0, 0x088, 0x4C8, 0x55C, 0x024, 0x000 } }, /* 激 */
	{ 0xBCA5, { 0x000, 0x000, 0x258, 0x048, 0x648, 0x248, 0x248, 0x248, 0x308, 0x28C, 0x08C, 0x000 } }, /* 讥 */
	{ 0xBCA6, { 0x000, 0x020, 0x77C, 0x144, 0x154, 0x348, 0x340, 0x304, 0x450, 0x004, 0x00C, 0x000 } }, /* 鸡 */
	{ 0xBCA7, { 0x000, 0x058, 0x740, 0x57C, 0x564, 0x564, 0x77C, 0x348, 0x248, 0x47C, 0x000, 0x000 } }, /* 姬 */
	{ 0xBCA8, { 0x210, 0x0FC, 0x578, 0x730, 0x200, 0x67C, 0x444, 0x120, 0x428, 0x0C4, 0x000, 0x000 } }, /* 绩 */
	{ 0xBCA9, { 0x278, 0x240, 0x478, 0x704, 0x248, 0x478, 0x748, 0x048, 0x7FC, 0x008, 0x000, 0x000 } }, /* 缉 */
	{ 0xBCAA, { 0x040, 0x040, 0x040, 0x040, 0x3F8, 0x000, 0x208, 0x208, 0x208, 0x208, 0x000, 0x000 } }, /* 吉 */
	{ 0xBCAB, { 0x200, 0x268, 0x748, 0x248, 0x344, 0x760, 0x658, 0x298, 0x2BC, 0x244, 0x000, 0x000 } }, /* 极 */
	{ 0xBCAC, { 0x010, 0x318, 0x110, 0x7BC, 0x494, 0x594, 0x318, 0x7B8, 0x454, 0x110, 0x000, 0x000 } }, /* 棘 */
	{ 0xBCAD, { 0x200, 0x244, 0x27C, 0x000, 0x54C, 0x778, 0x140, 0x748, 0x17C, 0x100, 0x000, 0x000 } }, /* 辑 */
	{ 0xBCAE, { 0x000, 0x200, 0x7FC, 0x408, 0x328, 0x228, 0x77C, 0x7BC, 0x324, 0x624, 0x23C, 0x000 } }, /* 籍 */
	{ 0xBCAF, { 0x000, 0x100, 0x360, 0x660, 0x668, 0x3F8, 0x3F8, 0x040, 0x7FC, 0x158, 0x444, 0x000 } }, /* 集 */
	{ 0xBCB0, { 0x000, 0x000, 0x190, 0x110, 0x110, 0x188, 0x188, 0x250, 0x230, 0x458, 0x104, 0x000 } }, /* 及 */
	{ 0xBCB1, { 0x000, 0x100, 0x1F0, 0x230, 0x408, 0x3F8, 0x008, 0x048, 0x544, 0x504, 0x0F0, 0x000 } }, /* 急 */
	{ 0xBCB2, { 0x000, 0x000, 0x3FC, 0x200, 0x6C0, 0x2A0, 0x620, 0x2FC, 0x230, 0x448, 0x584, 0x000 } }, /* 疾 */
	{ 0xBCB3, { 0x000, 0x2F8, 0x048, 0x440, 0x24C, 0x060, 0x2A8, 0x298, 0x538, 0x144, 0x000, 0x000 } }, /* 汲 */
	{ 0xBCB4, { 0x000, 0x4A4, 0x4A4, 0x4A4, 0x424, 0x7A4, 0x4A4, 0x4AC, 0x660, 0x020, 0x000, 0x000 } }, /* 即 */
	{ 0xBCB5, { 0x000, 0x010, 0x47C, 0x640, 0x5F0, 0x468, 0x5C8, 0x63C, 0x298, 0x4A4, 0x024, 0x000 } }, /* 嫉 */
	{ 0xBCB6, { 0x000, 0x278, 0x548, 0x748, 0x24C, 0x064, 0x768, 0x118, 0x498, 0x164, 0x000, 0x000 } }, /* 级 */
	{ 0xBCB7, { 0x000, 0x220, 0x2FC, 0x748, 0x230, 0x338, 0x6CC, 0x248, 0x248, 0x248, 0x488, 0x000 } }, /* 挤 */
	{ 0xBCB8, { 0x000, 0x120, 0x100, 0x100, 0x100, 0x100, 0x100, 0x200, 0x614, 0x418, 0x000, 0x000 } }, /* 几 */
	{ 0xBCB9, { 0x040, 0x358, 0x150, 0x6B4, 0x31C, 0x708, 0x1F8, 0x108, 0x108, 0x218, 0x000, 0x000 } }, /* 脊 */
	{ 0xBCBA, { 0x000, 0x000, 0x3F8, 0x008, 0x008, 0x3F8, 0x008, 0x000, 0x004, 0x204, 0x3F8, 0x000 } }, /* 己 */
	{ 0xBCBB, { 0x000, 0x000, 0x7FC, 0x000, 0x384, 0x494, 0x3D4, 0x3D4, 0x3D4, 0x004, 0x7C8, 0x000 } }, /* 蓟 */
	{ 0xBCBC, { 0x200, 0x210, 0x77C, 0x210, 0x278, 0x648, 0x228, 0x230, 0x238, 0x6C4, 0x000, 0x000 } }, /* 技 */
	{ 0xBCBD, { 0x0A0, 0x7B0, 0x7BC, 0x3F8, 0x3F8, 0x3F8, 0x3F8, 0x1B0, 0x1B0, 0x308, 0x000, 0x000 } }, /* 冀 */
	{ 0xBCBE, { 0x018, 0x040, 0x7FC, 0x1D0, 0x24C, 0x5F0, 0x020, 0x7FC, 0x040, 0x0C0, 0x000, 0x000 } }, /* 季 */
	{ 0xBCBF, { 0x020, 0x220, 0x230, 0x620, 0x6F8, 0x248, 0x200, 0x230, 0x278, 0x284, 0x000, 0x000 } }, /* 伎 */
	{ 0xBCC0, { 0x000, 0x120, 0x3BC, 0x4A8, 0x198, 0x3F8, 0x604, 0x3F8, 0x040, 0x358, 0x0C0, 0x000 } }, /* 祭 */
	{ 0xBCC1, { 0x000, 0x104, 0x7E4, 0x054, 0x394, 0x254, 0x014, 0x254, 0x244, 0x244, 0x44C, 0x000 } }, /* 剂 */
	{ 0xBCC2, { 0x208, 0x270, 0x3FC, 0x778, 0x684, 0x278, 0x210, 0x2FC, 0x210, 0x220, 0x000, 0x000 } }, /* 悸 */
	{ 0xBCC3, { 0x020, 0x230, 0x048, 0x450, 0x030, 0x0CC, 0x248, 0x048, 0x408, 0x088, 0x000, 0x000 } }, /* 济 */
	{ 0xBCC4, { 0x000, 0x040, 0x7FC, 0x444, 0x0E0, 0x318, 0x7FC, 0x1C8, 0x228, 0x3E8, 0x018, 0x000 } }, /* 寄 */
	{ 0xBCC5, { 0x000, 0x040, 0x7FC, 0x404, 0x138, 0x120, 0x7E8, 0x118, 0x550, 0x518, 0x364, 0x000 } }, /* 寂 */
	{ 0xBCC6, { 0x000, 0x000, 0x210, 0x010, 0x010, 0x230, 0x210, 0x210, 0x310, 0x310, 0x010, 0x000 } }, /* 计 */
	{ 0xBCC7, { 0x000, 0x000, 0x27C, 0x004, 0x604, 0x27C, 0x240, 0x240, 0x240, 0x344, 0x27C, 0x000 } }, /* 记 */
	{ 0xBCC8, { 0x000, 0x4FC, 0x490, 0x4D0, 0x4FC, 0x410, 0x510, 0x5A0, 0x640, 0x08C, 0x000, 0x000 } }, /* 既 */
	{ 0xBCC9, { 0x000, 0x3F0, 0x008, 0x008, 0x200, 0x204, 0x1F8, 0x040, 0x524, 0x504, 0x1F0, 0x000 } }, /* 忌 */
	{ 0xBCCA, { 0x000, 0x000, 0x540, 0x500, 0x4FC, 0x410, 0x550, 0x554, 0x694, 0x490, 0x420, 0x000 } }, /* 际 */
	{ 0xBCCB, { 0x210, 0x230, 0x710, 0x110, 0x578, 0x528, 0x328, 0x390, 0x628, 0x4C4, 0x000, 0x000 } }, /* 妓 */
	{ 0xBCCC, { 0x000, 0x000, 0x024, 0x4A4, 0x790, 0x2BC, 0x498, 0x6B4, 0x0C0, 0x780, 0x0FC, 0x000 } }, /* 继 */
	{ 0xBCCD, { 0x000, 0x000, 0x27C, 0x084, 0x504, 0x33C, 0x244, 0x7C0, 0x040, 0x7C4, 0x03C, 0x000 } }, /* 纪 */
	{ 0xBCCE, { 0x040, 0x040, 0x3F8, 0x3F8, 0x3F8, 0x110, 0x704, 0x7B8, 0x2A4, 0x4A0, 0x000, 0x000 } }, /* 嘉 */
	{ 0xBCCF, { 0x000, 0x240, 0x240, 0x6EC, 0x264, 0x224, 0x7A4, 0x2A4, 0x2AC, 0x32C, 0x200, 0x000 } }, /* 枷 */
	{ 0xBCD0, { 0x040, 0x040, 0x248, 0x248, 0x150, 0x7FC, 0x060, 0x090, 0x108, 0x604, 0x000, 0x000 } }, /* 夹 */
	{ 0xBCD1, { 0x000, 0x000, 0x230, 0x230, 0x620, 0x6FC, 0x220, 0x2FC, 0x220, 0x220, 0x200, 0x000 } }, /* 佳 */
	{ 0xBCD2, { 0x000, 0x040, 0x7FC, 0x404, 0x1F0, 0x188, 0x6D0, 0x170, 0x6A8, 0x324, 0x440, 0x000 } }, /* 家 */
	{ 0xBCD3, { 0x000, 0x000, 0x7BC, 0x264, 0x264, 0x264, 0x264, 0x224, 0x4BC, 0x4A0, 0x000, 0x000 } }, /* 加 */
	{ 0xBCD4, { 0x010, 0x7FC, 0x110, 0x3F8, 0x040, 0x150, 0x7FC, 0x0E0, 0x110, 0x60C, 0x000, 0x000 } }, /* 荚 */
	{ 0xBCD5, { 0x000, 0x310, 0x310, 0x4BC, 0x304, 0x7D4, 0x314, 0x390, 0x4AC, 0x044, 0x000, 0x000 } }, /* 颊 */
	{ 0xBCD6, { 0x7FC, 0x0A0, 0x7FC, 0x4A4, 0x3F8, 0x3F8, 0x248, 0x248, 0x0B8, 0x704, 0x000, 0x000 } }, /* 贾 */
	{ 0xBCD7, { 0x3F8, 0x444, 0x444, 0x7FC, 0x444, 0x444, 0x7FC, 0x040, 0x040, 0x040, 0x000, 0x000 } }, /* 甲 */
	{ 0xBCD8, { 0x000, 0x200, 0x274, 0x454, 0x47C, 0x254, 0x254, 0x274, 0x210, 0x310, 0x210, 0x000 } }, /* 钾 */
	{ 0xBCD9, { 0x000, 0x2C4, 0x204, 0x6DC, 0x600, 0x2D4, 0x214, 0x2C8, 0x208, 0x224, 0x000, 0x000 } }, /* 假 */
	{ 0xBCDA, { 0x000, 0x110, 0x27C, 0x200, 0x778, 0x264, 0x738, 0x6D8, 0x234, 0x2D4, 0x230, 0x000 } }, /* 稼 */
	{ 0xBCDB, { 0x020, 0x230, 0x250, 0x68C, 0x640, 0x248, 0x248, 0x248, 0x288, 0x288, 0x000, 0x000 } }, /* 价 */
	{ 0xBCDC, { 0x000, 0x79C, 0x064, 0x264, 0x498, 0x040, 0x7FC, 0x150, 0x24C, 0x040, 0x000, 0x000 } }, /* 架 */
	{ 0xBCDD, { 0x000, 0x7BC, 0x2A4, 0x4BC, 0x3F0, 0x010, 0x118, 0x004, 0x7F4, 0x008, 0x000, 0x000 } }, /* 驾 */
	{ 0xBCDE, { 0x000, 0x0FC, 0x780, 0x578, 0x560, 0x4B8, 0x658, 0x334, 0x4D4, 0x030, 0x000, 0x000 } }, /* 嫁 */
	{ 0xBCDF, { 0x008, 0x230, 0x210, 0x390, 0x490, 0x790, 0x110, 0x110, 0x210, 0x410, 0x000, 0x000 } }, /* 歼 */
	{ 0xBCE0, { 0x000, 0x090, 0x0A0, 0x0BC, 0x0A0, 0x0C8, 0x000, 0x3F8, 0x0A0, 0x0A0, 0x7FC, 0x000 } }, /* 监 */
	{ 0xBCE1, { 0x000, 0x100, 0x578, 0x528, 0x530, 0x538, 0x144, 0x040, 0x3F8, 0x040, 0x7FC, 0x000 } }, /* 坚 */
	{ 0xBCE2, { 0x000, 0x040, 0x250, 0x248, 0x444, 0x000, 0x040, 0x0E0, 0x0A0, 0x118, 0x60C, 0x000 } }, /* 尖 */
	{ 0xBCE3, { 0x000, 0x220, 0x3FC, 0x548, 0x0A0, 0x3F0, 0x08C, 0x7C0, 0x070, 0x0E0, 0x20C, 0x000 } }, /* 笺 */
	{ 0xBCE4, { 0x000, 0x200, 0x104, 0x404, 0x5F4, 0x514, 0x5F4, 0x514, 0x5F4, 0x404, 0x40C, 0x000 } }, /* 间 */
	{ 0xBCE5, { 0x000, 0x110, 0x7FC, 0x000, 0x684, 0x784, 0x684, 0x484, 0x088, 0x424, 0x4A4, 0x000 } }, /* 煎 */
	{ 0xBCE6, { 0x000, 0x100, 0x7FC, 0x0A0, 0x3F8, 0x0A8, 0x0A8, 0x3F8, 0x1B0, 0x2A8, 0x4A4, 0x000 } }, /* 兼 */
	{ 0xBCE7, { 0x040, 0x3F8, 0x200, 0x3F8, 0x2F8, 0x300, 0x1F8, 0x588, 0x508, 0x108, 0x000, 0x000 } }, /* 肩 */
	{ 0xBCE8, { 0x000, 0x000, 0x744, 0x17C, 0x544, 0x37C, 0x354, 0x358, 0x4D8, 0x06C, 0x040, 0x000 } }, /* 艰 */
	{ 0xBCE9, { 0x000, 0x200, 0x27C, 0x610, 0x710, 0x410, 0x510, 0x310, 0x310, 0x290, 0x410, 0x000 } }, /* 奸 */
	{ 0xBCEA, { 0x010, 0x410, 0x4FC, 0x690, 0x294, 0x4FC, 0x6E8, 0x068, 0x718, 0x124, 0x000, 0x000 } }, /* 缄 */
	{ 0xBCEB, { 0x000, 0x110, 0x7FC, 0x150, 0x040, 0x248, 0x248, 0x3F8, 0x048, 0x07C, 0x604, 0x000 } }, /* 茧 */
	{ 0xBCEC, { 0x220, 0x230, 0x748, 0x2CC, 0x280, 0x724, 0x248, 0x248, 0x218, 0x200, 0x000, 0x000 } }, /* 检 */
	{ 0xBCED, { 0x000, 0x040, 0x7FC, 0x040, 0x3F8, 0x358, 0x248, 0x0E0, 0x150, 0x248, 0x440, 0x000 } }, /* 柬 */
	{ 0xBCEE, { 0x010, 0x610, 0x4FC, 0x4B0, 0x694, 0xCF8, 0x5C8, 0x7E8, 0x51C, 0x124, 0x000, 0x000 } }, /* 碱 */
	{ 0xBCEF, { 0x000, 0x010, 0x7B0, 0x228, 0x04C, 0x700, 0x500, 0x158, 0x348, 0x508, 0x07C, 0x000 } }, /* 硷 */
	{ 0xBCF0, { 0x220, 0x220, 0x220, 0x270, 0x250, 0x6FC, 0x210, 0x254, 0x294, 0x430, 0x000, 0x000 } }, /* 拣 */
	{ 0xBCF1, { 0x220, 0x230, 0x250, 0x28C, 0x2FC, 0x308, 0x6A8, 0x248, 0x210, 0x6FC, 0x000, 0x000 } }, /* 捡 */
	{ 0xBCF2, { 0x000, 0x010, 0x3BC, 0x408, 0x048, 0x004, 0x0E4, 0x0E4, 0x004, 0x0E4, 0x008, 0x000 } }, /* 简 */
	{ 0xBCF3, { 0x000, 0x020, 0x270, 0x258, 0x6CC, 0x700, 0x228, 0x2A8, 0x208, 0x218, 0x200, 0x000 } }, /* 俭 */
	{ 0xBCF4, { 0x000, 0x110, 0x7FC, 0x000, 0x240, 0x3C0, 0x2C8, 0x008, 0x2C8, 0x088, 0x618, 0x000 } }, /* 剪 */
	{ 0xBCF5, { 0x008, 0x000, 0x5FC, 0x100, 0x114, 0x3D8, 0x798, 0x4D0, 0x228, 0x244, 0x000, 0x000 } }, /* 减 */
	{ 0xBCF6, { 0x000, 0x7FC, 0x080, 0x7FC, 0x100, 0x378, 0x710, 0x134, 0x110, 0x130, 0x000, 0x000 } }, /* 荐 */
	{ 0xBCF7, { 0x208, 0x2A8, 0x6BC, 0x2B8, 0x2A4, 0x700, 0x2BC, 0x2A4, 0x2B4, 0x2FC, 0x000, 0x000 } }, /* 槛 */
	{ 0xBCF8, { 0x000, 0x020, 0x03C, 0x040, 0x0D0, 0x0C0, 0x338, 0x444, 0x3F8, 0x050, 0x7FC, 0x000 } }, /* 鉴 */
	{ 0xBCF9, { 0x020, 0x528, 0x42C, 0x560, 0x22C, 0x570, 0x500, 0x418, 0x7B8, 0x444, 0x000, 0x000 } }, /* 践 */
	{ 0xBCFA, { 0x020, 0x7A8, 0x4BC, 0x6E0, 0x6BC, 0x6F0, 0x698, 0x310, 0x438, 0x4CC, 0x000, 0x000 } }, /* 贱 */
	{ 0xBCFB, { 0x000, 0x3F8, 0x248, 0x248, 0x248, 0x248, 0x268, 0x0A0, 0x120, 0x63C, 0x000, 0x000 } }, /* 见 */
	{ 0xBCFC, { 0x210, 0x6BC, 0x414, 0x094, 0x0FC, 0x650, 0x2D0, 0x2BC, 0x2D0, 0x13C, 0x000, 0x000 } }, /* 键 */
	{ 0xBCFD, { 0x000, 0x210, 0x3FC, 0x508, 0x130, 0x000, 0x7C0, 0x7C0, 0x440, 0x4C0, 0x488, 0x000 } }, /* 箭 */
	{ 0xBCFE, { 0x000, 0x000, 0x210, 0x2F0, 0x690, 0x210, 0x230, 0x230, 0x210, 0x210, 0x210, 0x000 } }, /* 件 */
	{ 0xBDA1, { 0x000, 0x210, 0x1BC, 0x494, 0x414, 0x5B8, 0x090, 0x190, 0x1BC, 0x190, 0x33C, 0x000 } }, /* 健 */
	{ 0xBDA2, { 0x200, 0x76C, 0x484, 0x494, 0x494, 0x4D4, 0x690, 0x4B0, 0x4D0, 0x0CC, 0x000, 0x000 } }, /* 舰 */
	{ 0xBDA3, { 0x000, 0x104, 0x184, 0x274, 0x7D4, 0x014, 0x554, 0x154, 0x004, 0x0C4, 0x60C, 0x000 } }, /* 剑 */
	{ 0xBDA4, { 0x228, 0x228, 0x728, 0x4E0, 0x22C, 0x260, 0x218, 0x318, 0x228, 0x004, 0x000, 0x000 } }, /* 饯 */
	{ 0xBDA5, { 0x480, 0x298, 0x190, 0x510, 0x1DC, 0x090, 0x2D0, 0x780, 0x424, 0x024, 0x000, 0x000 } }, /* 渐 */
	{ 0xBDA6, { 0x010, 0x754, 0x050, 0x4F0, 0x0D4, 0x0F0, 0x3C4, 0x548, 0x558, 0x024, 0x000, 0x000 } }, /* 溅 */
	{ 0xBDA7, { 0x000, 0x480, 0x204, 0x004, 0x574, 0x154, 0x174, 0x354, 0x574, 0x504, 0x10C, 0x000 } }, /* 涧 */
	{ 0xBDA8, { 0x000, 0x020, 0x678, 0x2FC, 0x028, 0x730, 0x0F8, 0x620, 0x2F8, 0x720, 0x47C, 0x000 } }, /* 建 */
	{ 0xBDA9, { 0x2FC, 0x2F8, 0x6BC, 0x6BC, 0x2F8, 0x2FC, 0x2FC, 0x2BC, 0x2FC, 0x2FC, 0x000, 0x000 } }, /* 僵 */
	{ 0xBDAA, { 0x000, 0x090, 0x3FC, 0x040, 0x3F8, 0x040, 0x0C0, 0x7FC, 0x110, 0x0F0, 0x78C, 0x000 } }, /* 姜 */
	{ 0xBDAB, { 0x000, 0x020, 0x07C, 0x488, 0x638, 0x068, 0x248, 0x648, 0x048, 0x008, 0x118, 0x000 } }, /* 将 */
	{ 0xBDAC, { 0x000, 0x020, 0x63C, 0x144, 0x118, 0x730, 0x040, 0x7E8, 0x170, 0x248, 0x4C4, 0x000 } }, /* 浆 */
	{ 0xBDAD, { 0x000, 0x2FC, 0x020, 0x020, 0x620, 0x020, 0x220, 0x220, 0x430, 0x400, 0x000, 0x000 } }, /* 江 */
	{ 0xBDAE, { 0x000, 0x6FC, 0x178, 0x17C, 0x47C, 0x778, 0x17C, 0x77C, 0x57C, 0x178, 0x3FC, 0x000 } }, /* 疆 */
	{ 0xBDAF, { 0x000, 0x000, 0x7FC, 0x000, 0x178, 0x5B8, 0x128, 0x3FC, 0x748, 0x108, 0x118, 0x000 } }, /* 蒋 */
	{ 0xBDB0, { 0x000, 0x020, 0x53C, 0x144, 0x118, 0x530, 0x040, 0x7FC, 0x0E0, 0x358, 0x444, 0x000 } }, /* 桨 */
	{ 0xBDB1, { 0x120, 0x53C, 0x144, 0x338, 0x530, 0x040, 0x7FC, 0x060, 0x190, 0x60C, 0x000, 0x000 } }, /* 奖 */
	{ 0xBDB2, { 0x000, 0x248, 0x048, 0x478, 0x248, 0x278, 0x248, 0x248, 0x348, 0x088, 0x000, 0x000 } }, /* 讲 */
	{ 0xBDB3, { 0x000, 0x7FC, 0x400, 0x5F8, 0x500, 0x5FC, 0x510, 0x510, 0x510, 0x400, 0x7FC, 0x000 } }, /* 匠 */
	{ 0xBDB4, { 0x020, 0x24C, 0x338, 0x460, 0x7FC, 0x3F8, 0x0A8, 0x118, 0x208, 0x3F8, 0x000, 0x000 } }, /* 酱 */
	{ 0xBDB5, { 0x000, 0x720, 0x578, 0x468, 0x630, 0x6DC, 0x578, 0x510, 0x4FC, 0x410, 0x410, 0x000 } }, /* 降 */
	{ 0xBDB6, { 0x090, 0x7FC, 0x140, 0x3FC, 0x7F8, 0x220, 0x260, 0x3FC, 0x024, 0x484, 0x000, 0x000 } }, /* 蕉 */
	{ 0xBDB7, { 0x000, 0x240, 0x25C, 0x654, 0x254, 0x354, 0x74C, 0x668, 0x348, 0x254, 0x2A0, 0x000 } }, /* 椒 */
	{ 0xBDB8, { 0x000, 0x000, 0x778, 0x240, 0x0FC, 0x740, 0x57C, 0x558, 0x740, 0x424, 0x0A8, 0x000 } }, /* 礁 */
	{ 0xBDB9, { 0x000, 0x120, 0x320, 0x220, 0x7F8, 0x220, 0x3F8, 0x260, 0x200, 0x0A4, 0x490, 0x000 } }, /* 焦 */
	{ 0xBDBA, { 0x000, 0x010, 0x510, 0x500, 0x768, 0x544, 0x508, 0x528, 0x530, 0x538, 0x344, 0x000 } }, /* 胶 */
	{ 0xBDBB, { 0x000, 0x040, 0x040, 0x7FC, 0x118, 0x60C, 0x110, 0x0A0, 0x040, 0x1B0, 0x60C, 0x000 } }, /* 交 */
	{ 0xBDBC, { 0x000, 0x100, 0x114, 0x780, 0x288, 0x448, 0x284, 0x304, 0x104, 0x288, 0x400, 0x000 } }, /* 郊 */
	{ 0xBDBD, { 0x040, 0x278, 0x0E8, 0x430, 0x0D4, 0x00C, 0x2FC, 0x450, 0x490, 0x11C, 0x000, 0x000 } }, /* 浇 */
	{ 0xBDBE, { 0x718, 0x110, 0x530, 0x538, 0x528, 0x7EC, 0x028, 0x728, 0x128, 0x348, 0x000, 0x000 } }, /* 骄 */
	{ 0xBDBF, { 0x000, 0x018, 0x020, 0x720, 0x538, 0x508, 0x5CC, 0x608, 0x308, 0x448, 0x008, 0x000 } }, /* 娇 */
	{ 0xBDC0, { 0x000, 0x03C, 0x6A8, 0x2FC, 0x254, 0x204, 0x2E4, 0x6E4, 0x0F4, 0x0E4, 0x088, 0x000 } }, /* 嚼 */
	{ 0xBDC1, { 0x200, 0x248, 0x6FC, 0x280, 0x278, 0x600, 0x220, 0x230, 0x250, 0x48C, 0x000, 0x000 } }, /* 搅 */
	{ 0xBDC2, { 0x000, 0x210, 0x610, 0x400, 0x448, 0x244, 0x208, 0x228, 0x230, 0x338, 0x2C4, 0x000 } }, /* 铰 */
	{ 0xBDC3, { 0x000, 0x438, 0x410, 0x630, 0x228, 0x328, 0x2EC, 0x228, 0x328, 0x448, 0x048, 0x000 } }, /* 矫 */
	{ 0xBDC4, { 0x240, 0x278, 0x648, 0x630, 0x6DC, 0x20C, 0x250, 0x250, 0x290, 0x30C, 0x000, 0x000 } }, /* 侥 */
	{ 0xBDC5, { 0x000, 0x000, 0x54C, 0x560, 0x740, 0x5F0, 0x540, 0x560, 0x5FC, 0x100, 0x000, 0x000 } }, /* 脚 */
	{ 0xBDC6, { 0x000, 0x000, 0x500, 0x200, 0x648, 0x144, 0x348, 0x520, 0x130, 0x230, 0x6C4, 0x000 } }, /* 狡 */
	{ 0xBDC7, { 0x000, 0x080, 0x1F0, 0x220, 0x7FC, 0x244, 0x3FC, 0x244, 0x26C, 0x444, 0x448, 0x000 } }, /* 角 */
	{ 0xBDC8, { 0x000, 0x220, 0x230, 0x700, 0x548, 0x244, 0x248, 0x230, 0x330, 0x238, 0x084, 0x000 } }, /* 饺 */
	{ 0xBDC9, { 0x008, 0x4C8, 0x4BC, 0x7B4, 0x2F4, 0x4F4, 0x688, 0x0A8, 0x7AC, 0x130, 0x000, 0x000 } }, /* 缴 */
	{ 0xBDCA, { 0x000, 0x010, 0x210, 0x000, 0x528, 0x144, 0x208, 0x728, 0x030, 0x730, 0x0C4, 0x000 } }, /* 绞 */
	{ 0xBDCB, { 0x000, 0x544, 0x544, 0x514, 0x5F4, 0x7D4, 0x5F4, 0x194, 0x3C4, 0x344, 0x50C, 0x000 } }, /* 剿 */
	{ 0xBDCC, { 0x110, 0x3D0, 0x19C, 0x7E0, 0x120, 0x788, 0x118, 0x718, 0x138, 0x344, 0x000, 0x000 } }, /* 教 */
	{ 0xBDCD, { 0x000, 0x010, 0x33C, 0x314, 0x7BC, 0x7BC, 0x5AC, 0x488, 0x4BC, 0x788, 0x018, 0x000 } }, /* 酵 */
	{ 0xBDCE, { 0x000, 0x218, 0x230, 0x430, 0x438, 0x728, 0x344, 0x028, 0x728, 0x048, 0x048, 0x000 } }, /* 轿 */
	{ 0xBDCF, { 0x000, 0x210, 0x67C, 0x400, 0x424, 0x744, 0x328, 0x128, 0x710, 0x038, 0x144, 0x000 } }, /* 较 */
	{ 0xBDD0, { 0x000, 0x000, 0x704, 0x444, 0x444, 0x444, 0x444, 0x77C, 0x404, 0x404, 0x004, 0x000 } }, /* 叫 */
	{ 0xBDD1, { 0x000, 0x040, 0x7FC, 0x110, 0x348, 0x1F8, 0x240, 0x000, 0x3F8, 0x208, 0x208, 0x000 } }, /* 窖 */
	{ 0xBDD2, { 0x27C, 0x244, 0x74C, 0x27C, 0x360, 0x6D4, 0x290, 0x2AC, 0x2F4, 0x404, 0x000, 0x000 } }, /* 揭 */
	{ 0xBDD3, { 0x000, 0x210, 0x2FC, 0x708, 0x208, 0x27C, 0x620, 0x268, 0x260, 0x238, 0x6C4, 0x000 } }, /* 接 */
	{ 0xBDD4, { 0x000, 0x420, 0x7BC, 0x420, 0x7A4, 0x480, 0x3F8, 0x208, 0x3F8, 0x208, 0x208, 0x000 } }, /* 皆 */
	{ 0xBDD5, { 0x000, 0x110, 0x210, 0x210, 0x710, 0x240, 0x700, 0x6C4, 0x244, 0x27C, 0x244, 0x000 } }, /* 秸 */
	{ 0xBDD6, { 0x240, 0x64C, 0x440, 0x240, 0x2EC, 0x640, 0x2E0, 0x240, 0x2E0, 0x208, 0x000, 0x000 } }, /* 街 */
	{ 0xBDD7, { 0x000, 0x020, 0x530, 0x548, 0x44C, 0x480, 0x548, 0x548, 0x748, 0x448, 0x488, 0x000 } }, /* 阶 */
	{ 0xBDD8, { 0x100, 0x3C4, 0x7FC, 0x210, 0x7D4, 0x590, 0x598, 0x7D8, 0x7D8, 0x464, 0x000, 0x000 } }, /* 截 */
	{ 0xBDD9, { 0x010, 0x110, 0x790, 0x114, 0x794, 0x214, 0x284, 0x4A4, 0x464, 0x04C, 0x000, 0x000 } }, /* 劫 */
	{ 0xBDDA, { 0x100, 0x7FC, 0x130, 0x000, 0x7FC, 0x084, 0x084, 0x088, 0x090, 0x080, 0x000, 0x000 } }, /* 节 */
	{ 0xBDDB, { 0x000, 0x210, 0x210, 0x710, 0x210, 0x244, 0x700, 0x244, 0x244, 0x27C, 0x244, 0x000 } }, /* 桔 */
	{ 0xBDDC, { 0x000, 0x040, 0x040, 0x7FC, 0x0E0, 0x150, 0x64C, 0x040, 0x024, 0x4A4, 0x400, 0x000 } }, /* 杰 */
	{ 0xBDDD, { 0x000, 0x200, 0x2FC, 0x230, 0x234, 0x23C, 0x67C, 0x210, 0x2DC, 0x2F0, 0x51C, 0x000 } }, /* 捷 */
	{ 0xBDDE, { 0x000, 0x020, 0x7FC, 0x030, 0x720, 0x1FC, 0x678, 0x020, 0x778, 0x0E0, 0x11C, 0x000 } }, /* 睫 */
	{ 0xBDDF, { 0x27C, 0x244, 0x77C, 0x044, 0x120, 0x57C, 0x490, 0x368, 0x470, 0x004, 0x000, 0x000 } }, /* 竭 */
	{ 0xBDE0, { 0x000, 0x000, 0x230, 0x030, 0x420, 0x4FC, 0x000, 0x2CC, 0x084, 0x4FC, 0x484, 0x000 } }, /* 洁 */
	{ 0xBDE1, { 0x000, 0x210, 0x210, 0x47C, 0x710, 0x27C, 0x200, 0x744, 0x044, 0x77C, 0x044, 0x000 } }, /* 结 */
	{ 0xBDE2, { 0x000, 0x200, 0x394, 0x504, 0x7EC, 0x388, 0x13C, 0x7C8, 0x57C, 0x508, 0x088, 0x000 } }, /* 解 */
	{ 0xBDE3, { 0x200, 0x26C, 0x644, 0x77C, 0x544, 0x544, 0x77C, 0x344, 0x244, 0x400, 0x000, 0x000 } }, /* 姐 */
	{ 0xBDE4, { 0x000, 0x028, 0x020, 0x7FC, 0x020, 0x2A8, 0x7C8, 0x298, 0x290, 0x4B8, 0x44C, 0x000 } }, /* 戒 */
	{ 0xBDE5, { 0x000, 0x110, 0x1B0, 0x220, 0x77C, 0x728, 0x27C, 0x37C, 0x324, 0x604, 0x27C, 0x000 } }, /* 藉 */
	{ 0xBDE6, { 0x110, 0x7FC, 0x110, 0x0C0, 0x130, 0x61C, 0x090, 0x110, 0x110, 0x210, 0x000, 0x000 } }, /* 芥 */
	{ 0xBDE7, { 0x3F8, 0x248, 0x248, 0x3F8, 0x040, 0x1A0, 0x71C, 0x110, 0x110, 0x210, 0x000, 0x000 } }, /* 界 */
	{ 0xBDE8, { 0x000, 0x240, 0x258, 0x258, 0x658, 0x600, 0x2F8, 0x280, 0x2F8, 0x288, 0x288, 0x000 } }, /* 借 */
	{ 0xBDE9, { 0x040, 0x0C0, 0x120, 0x318, 0x414, 0x110, 0x110, 0x110, 0x210, 0x610, 0x000, 0x000 } }, /* 介 */
	{ 0xBDEA, { 0x000, 0x020, 0x1FC, 0x220, 0x630, 0x248, 0x784, 0x248, 0x248, 0x448, 0x488, 0x000 } }, /* 疥 */
	{ 0xBDEB, { 0x010, 0x410, 0x1FC, 0x010, 0x494, 0x1F4, 0x088, 0x288, 0x71C, 0x024, 0x000, 0x000 } }, /* 诫 */
	{ 0xBDEC, { 0x000, 0x204, 0x20C, 0x220, 0x2F8, 0x324, 0x1FC, 0x524, 0x5FC, 0x504, 0x000, 0x000 } }, /* 届 */
	{ 0xBDED, { 0x000, 0x040, 0x040, 0x7FC, 0x444, 0x444, 0x444, 0x444, 0x44C, 0x040, 0x040, 0x000 } }, /* 巾 */
	{ 0xBDEE, { 0x000, 0x210, 0x3BC, 0x528, 0x390, 0x090, 0x394, 0x294, 0x4A4, 0x4A4, 0x5C8, 0x000 } }, /* 筋 */
	{ 0xBDEF, { 0x000, 0x3F0, 0x200, 0x200, 0x3FC, 0x200, 0x200, 0x200, 0x400, 0x400, 0x000, 0x000 } }, /* 斤 */
	{ 0xBDF0, { 0x000, 0x040, 0x0E0, 0x110, 0x21C, 0x5F0, 0x040, 0x3F8, 0x150, 0x150, 0x7FC, 0x000 } }, /* 金 */
	{ 0xBDF1, { 0x000, 0x040, 0x0E0, 0x0A0, 0x118, 0x64C, 0x000, 0x018, 0x010, 0x020, 0x020, 0x000 } }, /* 今 */
	{ 0xBDF2, { 0x020, 0x2F8, 0x028, 0x42C, 0x228, 0x020, 0x2FC, 0x420, 0x420, 0x020, 0x000, 0x000 } }, /* 津 */
	{ 0xBDF3, { 0x248, 0x2FC, 0x668, 0x2DC, 0x208, 0x77C, 0x300, 0x210, 0x254, 0x230, 0x000, 0x000 } }, /* 襟 */
	{ 0xBDF4, { 0x100, 0x568, 0x538, 0x538, 0x194, 0x3E0, 0x198, 0x3D8, 0x358, 0x4C4, 0x000, 0x000 } }, /* 紧 */
	{ 0xBDF5, { 0x000, 0x200, 0x27C, 0x744, 0x444, 0x27C, 0x210, 0x254, 0x254, 0x354, 0x010, 0x000 } }, /* 锦 */
	{ 0xBDF6, { 0x000, 0x100, 0x2F8, 0x248, 0x648, 0x648, 0x250, 0x230, 0x230, 0x2CC, 0x304, 0x000 } }, /* 仅 */
	{ 0xBDF7, { 0x000, 0x048, 0x4FC, 0x078, 0x420, 0x0A4, 0x0F8, 0x0FC, 0x220, 0x220, 0x1FC, 0x000 } }, /* 谨 */
	{ 0xBDF8, { 0x000, 0x040, 0x240, 0x0FC, 0x040, 0x258, 0x258, 0x240, 0x280, 0x780, 0x0FC, 0x000 } }, /* 进 */
	{ 0xBDF9, { 0x084, 0x7F0, 0x080, 0x310, 0x79C, 0x520, 0x7A0, 0x7A0, 0x120, 0x140, 0x000, 0x000 } }, /* 靳 */
	{ 0xBDFA, { 0x3F8, 0x0A0, 0x2A8, 0x0B0, 0x7FC, 0x3F8, 0x208, 0x3F8, 0x208, 0x208, 0x000, 0x000 } }, /* 晋 */
	{ 0xBDFB, { 0x110, 0x7BC, 0x338, 0x3B4, 0x550, 0x3F8, 0x000, 0x040, 0x248, 0x4C0, 0x000, 0x000 } }, /* 禁 */
	{ 0xBDFC, { 0x000, 0x008, 0x260, 0x040, 0x07C, 0x650, 0x200, 0x280, 0x290, 0x700, 0x47C, 0x000 } }, /* 近 */
	{ 0xBDFD, { 0x238, 0x244, 0x244, 0x778, 0x248, 0x28C, 0x290, 0x100, 0x430, 0x018, 0x000, 0x000 } }, /* 烬 */
	{ 0xBDFE, { 0x0F8, 0x208, 0x008, 0x4F8, 0x0FC, 0x100, 0x258, 0x050, 0x430, 0x08C, 0x000, 0x000 } }, /* 浸 */
	{ 0xBEA1, { 0x000, 0x000, 0x208, 0x208, 0x3F8, 0x220, 0x290, 0x46C, 0x504, 0x0C0, 0x020, 0x000 } }, /* 尽 */
	{ 0xBEA2, { 0x010, 0x190, 0x13C, 0x2D4, 0x454, 0x794, 0x104, 0x124, 0x7E4, 0x048, 0x000, 0x000 } }, /* 劲 */
	{ 0xBEA3, { 0x204, 0x7E4, 0x294, 0x014, 0x3D4, 0x214, 0x7D4, 0x204, 0x204, 0x40C, 0x000, 0x000 } }, /* 荆 */
	{ 0xBEA4, { 0x010, 0x310, 0x210, 0x738, 0x4A4, 0x7BC, 0x308, 0x1A8, 0x528, 0x04C, 0x000, 0x000 } }, /* 兢 */
	{ 0xBEA5, { 0x000, 0x000, 0x7FC, 0x000, 0x3F8, 0x020, 0x198, 0x704, 0x040, 0x040, 0x7FC, 0x000 } }, /* 茎 */
	{ 0xBEA6, { 0x000, 0x010, 0x77C, 0x178, 0x710, 0x100, 0x77C, 0x57C, 0x544, 0x54C, 0x048, 0x000 } }, /* 睛 */
	{ 0xBEA7, { 0x000, 0x1F0, 0x208, 0x3F8, 0x318, 0x000, 0x7BC, 0x4A4, 0x4A4, 0x4A4, 0x4A4, 0x000 } }, /* 晶 */
	{ 0xBEA8, { 0x000, 0x210, 0x310, 0x500, 0x7BC, 0x4A4, 0x7A4, 0x598, 0x024, 0x3C4, 0x010, 0x000 } }, /* 鲸 */
	{ 0xBEA9, { 0x000, 0x040, 0x7FC, 0x000, 0x3F8, 0x208, 0x3F8, 0x040, 0x358, 0x64C, 0x0C0, 0x000 } }, /* 京 */
	{ 0xBEAA, { 0x000, 0x210, 0x27C, 0x300, 0x778, 0x244, 0x24C, 0x210, 0x250, 0x294, 0x220, 0x000 } }, /* 惊 */
	{ 0xBEAB, { 0x210, 0x27C, 0x710, 0x310, 0x27C, 0x77C, 0x67C, 0x244, 0x24C, 0x248, 0x000, 0x000 } }, /* 精 */
	{ 0xBEAC, { 0x200, 0x210, 0x77C, 0x254, 0x27C, 0x27C, 0x610, 0x260, 0x230, 0x2C4, 0x000, 0x000 } }, /* 粳 */
	{ 0xBEAD, { 0x000, 0x000, 0x278, 0x000, 0x518, 0x344, 0x200, 0x710, 0x010, 0x710, 0x0FC, 0x000 } }, /* 经 */
	{ 0xBEAE, { 0x110, 0x110, 0x7FC, 0x110, 0x110, 0x7FC, 0x110, 0x110, 0x210, 0x410, 0x000, 0x000 } }, /* 井 */
	{ 0xBEAF, { 0x000, 0x290, 0x2BC, 0x7C8, 0x758, 0x374, 0x7FC, 0x1F0, 0x1F0, 0x3F8, 0x3F8, 0x000 } }, /* 警 */
	{ 0xBEB0, { 0x3F8, 0x208, 0x208, 0x0C0, 0x7FC, 0x1F0, 0x208, 0x050, 0x158, 0x6C4, 0x000, 0x000 } }, /* 景 */
	{ 0xBEB1, { 0x000, 0x110, 0x110, 0x2C4, 0x454, 0x7D4, 0x054, 0x010, 0x7AC, 0x040, 0x000, 0x000 } }, /* 颈 */
	{ 0xBEB2, { 0x000, 0x220, 0x7B8, 0x748, 0x27C, 0x014, 0x7BC, 0x794, 0x494, 0x490, 0x530, 0x000 } }, /* 静 */
	{ 0xBEB3, { 0x000, 0x020, 0x0FC, 0x050, 0x6FC, 0x0F8, 0x0F8, 0x088, 0x650, 0x050, 0x19C, 0x000 } }, /* 境 */
	{ 0xBEB4, { 0x000, 0x290, 0x7D0, 0x2BC, 0x220, 0x7E0, 0x658, 0x558, 0x758, 0x55C, 0x0A4, 0x000 } }, /* 敬 */
	{ 0xBEB5, { 0x000, 0x210, 0x67C, 0x408, 0x77C, 0x27C, 0x77C, 0x24C, 0x328, 0x240, 0x08C, 0x000 } }, /* 镜 */
	{ 0xBEB6, { 0x100, 0x278, 0x410, 0x138, 0x2C4, 0x600, 0x278, 0x200, 0x210, 0x2FC, 0x000, 0x000 } }, /* 径 */
	{ 0xBEB7, { 0x000, 0x000, 0x1FC, 0x200, 0x6F0, 0x230, 0x6CC, 0x2F8, 0x220, 0x220, 0x5FC, 0x000 } }, /* 痉 */
	{ 0xBEB8, { 0x000, 0x27C, 0x778, 0x010, 0x500, 0x578, 0x478, 0x148, 0x648, 0x048, 0x000, 0x000 } }, /* 靖 */
	{ 0xBEB9, { 0x000, 0x040, 0x7F8, 0x110, 0x7FC, 0x3F8, 0x3F8, 0x208, 0x0A0, 0x120, 0x63C, 0x000 } }, /* 竟 */
	{ 0xBEBA, { 0x000, 0x040, 0x7FC, 0x110, 0x7FC, 0x000, 0x208, 0x208, 0x0A0, 0x120, 0x63C, 0x000 } }, /* 竞 */
	{ 0xBEBB, { 0x000, 0x040, 0x4F0, 0x710, 0x1F8, 0x02C, 0x26C, 0x468, 0x420, 0x020, 0x040, 0x000 } }, /* 净 */
	{ 0xBEBC, { 0x200, 0x2C4, 0x380, 0x7B8, 0x2A8, 0x2A8, 0x2A8, 0x380, 0x484, 0x48C, 0x000, 0x000 } }, /* 炯 */
	{ 0xBEBD, { 0x000, 0x040, 0x5B4, 0x718, 0x308, 0x088, 0x7FC, 0x3F8, 0x100, 0x708, 0x1F8, 0x000 } }, /* 窘 */
	{ 0xBEBE, { 0x008, 0x0C8, 0x608, 0x0FC, 0x0AC, 0x6C8, 0x1B8, 0x318, 0x014, 0x420, 0x000, 0x000 } }, /* 揪 */
	{ 0xBEBF, { 0x000, 0x040, 0x7FC, 0x404, 0x110, 0x68C, 0x0C0, 0x090, 0x090, 0x110, 0x61C, 0x000 } }, /* 究 */
	{ 0xBEC0, { 0x000, 0x004, 0x204, 0x4A4, 0x524, 0x324, 0x224, 0x73C, 0x004, 0x704, 0x004, 0x000 } }, /* 纠 */
	{ 0xBEC1, { 0x020, 0x720, 0x238, 0x248, 0x7C0, 0x210, 0x210, 0x328, 0x444, 0x080, 0x000, 0x000 } }, /* 玖 */
	{ 0xBEC2, { 0x000, 0x020, 0x0A0, 0x7BC, 0x0A0, 0x3B8, 0x0A0, 0x3B8, 0x0A0, 0x0A0, 0x000, 0x000 } }, /* 韭 */
	{ 0xBEC3, { 0x080, 0x080, 0x1F0, 0x120, 0x220, 0x060, 0x070, 0x090, 0x30C, 0x404, 0x000, 0x000 } }, /* 久 */
	{ 0xBEC4, { 0x000, 0x080, 0x1F0, 0x220, 0x070, 0x38C, 0x440, 0x248, 0x2E0, 0x190, 0x60C, 0x000 } }, /* 灸 */
	{ 0xBEC5, { 0x080, 0x080, 0x080, 0x390, 0x090, 0x110, 0x110, 0x310, 0x214, 0x41C, 0x000, 0x000 } }, /* 九 */
	{ 0xBEC6, { 0x400, 0x270, 0x070, 0x4FC, 0x0D4, 0x0CC, 0x284, 0x4FC, 0x484, 0x084, 0x000, 0x000 } }, /* 酒 */
	{ 0xBEC7, { 0x3FC, 0x400, 0x5FC, 0x548, 0x568, 0x5FC, 0x518, 0x5D8, 0x528, 0x04C, 0x000, 0x000 } }, /* 厩 */
	{ 0xBEC8, { 0x110, 0x150, 0x7DC, 0x120, 0x5E0, 0x188, 0x3D8, 0x558, 0x138, 0x264, 0x000, 0x000 } }, /* 救 */
	{ 0xBEC9, { 0x000, 0x000, 0x4FC, 0x484, 0x484, 0x4FC, 0x484, 0x484, 0x484, 0x4FC, 0x484, 0x000 } }, /* 旧 */
	{ 0xBECA, { 0x000, 0x000, 0x3B8, 0x404, 0x404, 0x604, 0x404, 0x404, 0x404, 0x7FC, 0x404, 0x000 } }, /* 臼 */
	{ 0xBECB, { 0x080, 0x208, 0x208, 0x3F8, 0x3F8, 0x3FC, 0x3F8, 0x4C0, 0x084, 0x618, 0x000, 0x000 } }, /* 舅 */
	{ 0xBECC, { 0x100, 0x3D0, 0x258, 0x790, 0x190, 0x27C, 0x400, 0x208, 0x208, 0x308, 0x000, 0x000 } }, /* 咎 */
	{ 0xBECD, { 0x000, 0x010, 0x118, 0x014, 0x7BC, 0x490, 0x798, 0x118, 0x5A8, 0x128, 0x34C, 0x000 } }, /* 就 */
	{ 0xBECE, { 0x020, 0x1FC, 0x100, 0x640, 0x278, 0x688, 0x290, 0x238, 0x24C, 0x584, 0x000, 0x000 } }, /* 疚 */
	{ 0xBECF, { 0x000, 0x020, 0x7A0, 0x540, 0x350, 0x790, 0x6B8, 0x7B0, 0x23C, 0x250, 0x204, 0x000 } }, /* 鞠 */
	{ 0xBED0, { 0x220, 0x260, 0x744, 0x284, 0x274, 0x354, 0x254, 0x254, 0x204, 0x40C, 0x000, 0x000 } }, /* 拘 */
	{ 0xBED1, { 0x000, 0x578, 0x248, 0x640, 0x178, 0x140, 0x340, 0x578, 0x140, 0x248, 0x6FC, 0x000 } }, /* 狙 */
	{ 0xBED2, { 0x000, 0x020, 0x1FC, 0x200, 0x6F8, 0x288, 0x6F8, 0x288, 0x2F8, 0x488, 0x5FC, 0x000 } }, /* 疽 */
	{ 0xBED3, { 0x000, 0x3F8, 0x208, 0x3F8, 0x220, 0x3FC, 0x220, 0x4F8, 0x500, 0x588, 0x108, 0x000 } }, /* 居 */
	{ 0xBED4, { 0x020, 0x120, 0x544, 0x5C4, 0x574, 0x754, 0x154, 0xF74, 0x104, 0x30C, 0x000, 0x000 } }, /* 驹 */
	{ 0xBED5, { 0x000, 0x7FC, 0x000, 0x3FC, 0x404, 0x1A4, 0x3F4, 0x1A4, 0x294, 0x008, 0x000, 0x000 } }, /* 菊 */
	{ 0xBED6, { 0x000, 0x3F8, 0x204, 0x3FC, 0x200, 0x3FC, 0x204, 0x2B4, 0x414, 0x4E4, 0x00C, 0x000 } }, /* 局 */
	{ 0xBED7, { 0x000, 0x000, 0x778, 0x540, 0x578, 0x548, 0x540, 0x778, 0x540, 0x048, 0x0FC, 0x000 } }, /* 咀 */
	{ 0xBED8, { 0x000, 0x200, 0x47C, 0x7C0, 0x038, 0x344, 0x3C4, 0x33C, 0x300, 0x4C0, 0x43C, 0x000 } }, /* 矩 */
	{ 0xBED9, { 0x000, 0x048, 0x250, 0x010, 0x7FC, 0x150, 0x7FC, 0x040, 0x3F8, 0x040, 0x040, 0x000 } }, /* 举 */
	{ 0xBEDA, { 0x000, 0x2CC, 0x084, 0x4FC, 0x284, 0x084, 0x2FC, 0x284, 0x484, 0x5FC, 0x000, 0x000 } }, /* 沮 */
	{ 0xBEDB, { 0x7C0, 0x28C, 0x2B8, 0x398, 0x3D4, 0x2F8, 0x348, 0x270, 0x158, 0x644, 0x000, 0x000 } }, /* 聚 */
	{ 0xBEDC, { 0x23C, 0x240, 0x740, 0x27C, 0x244, 0x744, 0x27C, 0x240, 0x240, 0x63C, 0x000, 0x000 } }, /* 拒 */
	{ 0xBEDD, { 0x200, 0x244, 0x684, 0x250, 0x3D0, 0x650, 0x290, 0x284, 0x284, 0x624, 0x000, 0x000 } }, /* 据 */
	{ 0xBEDE, { 0x000, 0x000, 0x600, 0x400, 0x7F0, 0x408, 0x408, 0x7F8, 0x400, 0x400, 0x3FC, 0x000 } }, /* 巨 */
	{ 0xBEDF, { 0x000, 0x318, 0x3F8, 0x318, 0x318, 0x3F8, 0x318, 0x130, 0x318, 0x604, 0x000, 0x000 } }, /* 具 */
	{ 0xBEE0, { 0x000, 0x33C, 0x4C0, 0x4C0, 0x778, 0x044, 0x5C4, 0x47C, 0x440, 0x7C0, 0x03C, 0x000 } }, /* 距 */
	{ 0xBEE1, { 0x03C, 0x444, 0x47C, 0x740, 0x07C, 0x5C0, 0x45C, 0x464, 0x7B4, 0x0A4, 0x000, 0x000 } }, /* 踞 */
	{ 0xBEE2, { 0x000, 0x200, 0x344, 0x444, 0x750, 0x250, 0x750, 0x258, 0x2A4, 0x3A4, 0x0A4, 0x000 } }, /* 锯 */
	{ 0xBEE3, { 0x000, 0x278, 0x288, 0x2F8, 0x6C8, 0x288, 0x2F8, 0x28C, 0x248, 0x248, 0x284, 0x000 } }, /* 俱 */
	{ 0xBEE4, { 0x000, 0x100, 0x300, 0x204, 0x404, 0x3E4, 0x224, 0x224, 0x3E4, 0x004, 0x018, 0x000 } }, /* 句 */
	{ 0xBEE5, { 0x278, 0x244, 0x77C, 0x6C4, 0x244, 0x27C, 0x244, 0x2FC, 0x248, 0x284, 0x000, 0x000 } }, /* 惧 */
	{ 0xBEE6, { 0x000, 0x200, 0x260, 0x2C0, 0x77C, 0x644, 0x244, 0x27C, 0x3C0, 0x4C0, 0x43C, 0x000 } }, /* 炬 */
	{ 0xBEE7, { 0x004, 0x444, 0x7D4, 0x494, 0x7D4, 0x494, 0x5D4, 0x404, 0x144, 0x10C, 0x000, 0x000 } }, /* 剧 */
	{ 0xBEE8, { 0x238, 0x244, 0x77C, 0x200, 0x27C, 0x744, 0x244, 0x27C, 0x244, 0x64C, 0x000, 0x000 } }, /* 捐 */
	{ 0xBEE9, { 0x000, 0x010, 0x7BC, 0x4A4, 0x034, 0x7AC, 0x4BC, 0x482, 0x4B8, 0x480, 0x18C, 0x000 } }, /* 鹃 */
	{ 0xBEEA, { 0x23C, 0x244, 0x77C, 0x000, 0x57C, 0x544, 0x744, 0x37C, 0x644, 0x444, 0x000, 0x000 } }, /* 娟 */
	{ 0xBEEB, { 0x000, 0x220, 0x228, 0x2FC, 0x620, 0x6FC, 0x248, 0x3DC, 0x250, 0x244, 0x238, 0x000 } }, /* 倦 */
	{ 0xBEEC, { 0x000, 0x240, 0x150, 0x3F8, 0x0C0, 0x190, 0x3F8, 0x71C, 0x110, 0x1F0, 0x1F0, 0x000 } }, /* 眷 */
	{ 0xBEED, { 0x000, 0x040, 0x258, 0x3FC, 0x080, 0x7FC, 0x118, 0x714, 0x130, 0x108, 0x0F8, 0x000 } }, /* 卷 */
	{ 0xBEEE, { 0x000, 0x27C, 0x444, 0x500, 0x27C, 0x244, 0x77C, 0x044, 0x744, 0x04C, 0x000, 0x000 } }, /* 绢 */
	{ 0xBEEF, { 0x000, 0x108, 0x768, 0x1FC, 0x100, 0x7C8, 0x1E8, 0x148, 0x554, 0x4A0, 0x000, 0x000 } }, /* 撅 */
	{ 0xBEF0, { 0x084, 0x2F4, 0x6FC, 0x0D0, 0x2FC, 0x7FC, 0x0FC, 0x0F8, 0x050, 0x5FC, 0x000, 0x000 } }, /* 攫 */
	{ 0xBEF1, { 0x220, 0x220, 0x72C, 0x220, 0x224, 0x67C, 0x230, 0x250, 0x248, 0x484, 0x000, 0x000 } }, /* 抉 */
	{ 0xBEF2, { 0x27C, 0x284, 0x6FC, 0x280, 0x294, 0x6BC, 0x290, 0x2D4, 0x354, 0x53C, 0x000, 0x000 } }, /* 掘 */
	{ 0xBEF3, { 0x000, 0x284, 0x28C, 0x680, 0x6D4, 0x2D4, 0x210, 0x254, 0x354, 0x37C, 0x000, 0x000 } }, /* 倔 */
	{ 0xBEF4, { 0x000, 0x008, 0x348, 0x358, 0x4A4, 0x008, 0x788, 0x788, 0x7A8, 0x488, 0x618, 0x000 } }, /* 爵 */
	{ 0xBEF5, { 0x008, 0x250, 0x310, 0x404, 0x1F0, 0x200, 0x240, 0x0C0, 0x1A4, 0x63C, 0x000, 0x000 } }, /* 觉 */
	{ 0xBEF6, { 0x020, 0x420, 0x6F8, 0x028, 0x028, 0x2FC, 0x460, 0x450, 0x088, 0x104, 0x000, 0x000 } }, /* 决 */
	{ 0xBEF7, { 0x020, 0x220, 0x028, 0x620, 0x220, 0x2FC, 0x220, 0x350, 0x288, 0x184, 0x000, 0x000 } }, /* 诀 */
	{ 0xBEF8, { 0x000, 0x220, 0x278, 0x448, 0x758, 0x254, 0x054, 0x77C, 0x040, 0x740, 0x07C, 0x000 } }, /* 绝 */
	{ 0xBEF9, { 0x220, 0x220, 0x27C, 0x744, 0x224, 0x204, 0x214, 0x364, 0x004, 0x018, 0x000, 0x000 } }, /* 均 */
	{ 0xBEFA, { 0x000, 0x000, 0x7FC, 0x000, 0x614, 0x5E4, 0x444, 0x4E4, 0x554, 0x444, 0x404, 0x000 } }, /* 菌 */
	{ 0xBEFB, { 0x000, 0x220, 0x220, 0x764, 0x444, 0x234, 0x204, 0x214, 0x264, 0x304, 0x20C, 0x000 } }, /* 钧 */
	{ 0xBEFC, { 0x000, 0x484, 0x480, 0x3F8, 0x140, 0x3F8, 0x040, 0x7FC, 0x040, 0x040, 0x000, 0x000 } }, /* 军 */
	{ 0xBEFD, { 0x000, 0x000, 0x088, 0x7FC, 0x088, 0x3F8, 0x100, 0x3F8, 0x508, 0x188, 0x108, 0x000 } }, /* 君 */
	{ 0xBEFE, { 0x000, 0x010, 0x228, 0x27C, 0x208, 0x2E4, 0x238, 0x268, 0x318, 0x718, 0x044, 0x000 } }, /* 峻 */
	{ 0xBFA1, { 0x000, 0x020, 0x248, 0x2FC, 0x648, 0x6C4, 0x278, 0x248, 0x2B0, 0x230, 0x2CC, 0x000 } }, /* 俊 */
	{ 0xBFA2, { 0x000, 0x220, 0x22C, 0x77C, 0x008, 0x164, 0x538, 0x568, 0x3A0, 0x630, 0x0CC, 0x000 } }, /* 竣 */
	{ 0xBFA3, { 0x020, 0x248, 0x0FC, 0x448, 0x284, 0x078, 0x2C8, 0x230, 0x430, 0x1CC, 0x000, 0x000 } }, /* 浚 */
	{ 0xBFA4, { 0x79C, 0x254, 0x7F4, 0x250, 0x794, 0x214, 0x7D0, 0x254, 0x3D0, 0x210, 0x000, 0x000 } }, /* 郡 */
	{ 0xBFA5, { 0x000, 0x020, 0x128, 0x17C, 0x508, 0x564, 0x738, 0x168, 0x728, 0x130, 0x34C, 0x000 } }, /* 骏 */
	{ 0xBFA6, { 0x000, 0x020, 0x6FC, 0x5A0, 0x578, 0x5B0, 0x530, 0x7CC, 0x448, 0x048, 0x048, 0x000 } }, /* 喀 */
	{ 0xBFA7, { 0x000, 0x040, 0x7EA, 0x02A, 0x0AA, 0x0AA, 0x6AA, 0x7AA, 0x12E, 0x140, 0x000, 0x000 } }, /* 咖 */
	{ 0xBFA8, { 0x040, 0x040, 0x040, 0x040, 0x7FC, 0x040, 0x070, 0x048, 0x040, 0x040, 0x000, 0x000 } }, /* 卡 */
	{ 0xBFA9, { 0x000, 0x020, 0x678, 0x548, 0x530, 0x530, 0x5C4, 0x778, 0x540, 0x078, 0x040, 0x000 } }, /* 咯 */
	{ 0xBFAA, { 0x000, 0x000, 0x090, 0x090, 0x090, 0x1B0, 0x090, 0x110, 0x110, 0x210, 0x410, 0x000 } }, /* 开 */
	{ 0xBFAB, { 0x290, 0x294, 0x698, 0x290, 0x2CC, 0x620, 0x284, 0x2FC, 0x284, 0x4FC, 0x000, 0x000 } }, /* 揩 */
	{ 0xBFAC, { 0x000, 0x210, 0x29C, 0x2D0, 0x690, 0x6EC, 0x778, 0xA84, 0x2FC, 0x2CC, 0x200, 0x000 } }, /* 楷 */
	{ 0xBFAD, { 0x000, 0x538, 0x5A8, 0x028, 0x7A8, 0x0A8, 0x428, 0x428, 0x74A, 0x084, 0x000, 0x000 } }, /* 凯 */
	{ 0xBFAE, { 0x000, 0x200, 0x2C8, 0x3C8, 0x768, 0x2DC, 0x208, 0x258, 0x2F8, 0x2A8, 0x24C, 0x000 } }, /* 慨 */
	{ 0xBFAF, { 0x004, 0x784, 0x124, 0x124, 0x324, 0x324, 0x124, 0x104, 0x104, 0x10C, 0x000, 0x000 } }, /* 刊 */
	{ 0xBFB0, { 0x000, 0x048, 0x2FC, 0x248, 0x678, 0x278, 0x248, 0x2FC, 0x2A8, 0x4C4, 0x0FC, 0x000 } }, /* 堪 */
	{ 0xBFB1, { 0x000, 0x000, 0x490, 0x698, 0x392, 0x290, 0x290, 0x7D4, 0x694, 0x6A4, 0x02C, 0x000 } }, /* 勘 */
	{ 0xBFB2, { 0x220, 0x200, 0x27C, 0x744, 0x2A0, 0x220, 0x230, 0x610, 0x048, 0x184, 0x000, 0x000 } }, /* 坎 */
	{ 0xBFB3, { 0x000, 0x020, 0x7A0, 0x27C, 0x244, 0x790, 0x690, 0x290, 0x3A8, 0x244, 0x0C4, 0x000 } }, /* 砍 */
	{ 0xBFB4, { 0x07C, 0x0C0, 0x3F8, 0x4CC, 0x180, 0x3F8, 0x7F8, 0x108, 0x108, 0x1F8, 0x000, 0x000 } }, /* 看 */
	{ 0xBFB5, { 0x000, 0x040, 0x3FC, 0x260, 0x268, 0x3FC, 0x3F8, 0x120, 0x4F8, 0x508, 0x044, 0x000 } }, /* 康 */
	{ 0xBFB6, { 0x000, 0x000, 0x2FC, 0x2B0, 0x794, 0x2B4, 0x2BC, 0x2D4, 0x238, 0x354, 0x220, 0x000 } }, /* 慷 */
	{ 0xBFB7, { 0x000, 0x210, 0x3FC, 0x390, 0x294, 0x7D4, 0x6BC, 0x794, 0x2B8, 0x254, 0x230, 0x000 } }, /* 糠 */
	{ 0xBFB8, { 0x200, 0x23C, 0x790, 0x210, 0x210, 0x710, 0x210, 0x210, 0x210, 0x67C, 0x000, 0x000 } }, /* 扛 */
	{ 0xBFB9, { 0x200, 0x200, 0x2FC, 0x200, 0x278, 0x348, 0x648, 0x248, 0x248, 0x68C, 0x000, 0x000 } }, /* 抗 */
	{ 0xBFBA, { 0x000, 0x040, 0x040, 0x7FC, 0x000, 0x1F0, 0x110, 0x110, 0x110, 0x214, 0x41C, 0x000 } }, /* 亢 */
	{ 0xBFBB, { 0x000, 0x200, 0x210, 0x2FC, 0x700, 0x238, 0x208, 0x348, 0x048, 0x44A, 0x08C, 0x000 } }, /* 炕 */
	{ 0xBFBC, { 0x000, 0x1E8, 0x010, 0x7FC, 0x040, 0x1F8, 0x480, 0x098, 0x008, 0x070, 0x000, 0x000 } }, /* 考 */
	{ 0xBFBD, { 0x220, 0x274, 0x728, 0x2FC, 0x320, 0x67C, 0x2A0, 0x22C, 0x200, 0x618, 0x000, 0x000 } }, /* 拷 */
	{ 0xBFBE, { 0x220, 0x274, 0x228, 0x7FC, 0x630, 0x27C, 0x2A0, 0x33C, 0x400, 0x418, 0x000, 0x000 } }, /* 烤 */
	{ 0xBFBF, { 0x040, 0x3F8, 0x7FC, 0x000, 0x208, 0x1F0, 0x7BC, 0x3B8, 0x0A0, 0x0A0, 0x000, 0x000 } }, /* 靠 */
	{ 0xBFC0, { 0x000, 0x20C, 0x200, 0x760, 0x200, 0x200, 0x260, 0x300, 0x400, 0x018, 0x000, 0x000 } }, /* 坷 */
	{ 0xBFC1, { 0x100, 0x7FC, 0x100, 0x7FC, 0x008, 0x3C8, 0x208, 0x3C8, 0x008, 0x010, 0x000, 0x000 } }, /* 苛 */
	{ 0xBFC2, { 0x000, 0x200, 0x2FC, 0x704, 0x274, 0x254, 0x754, 0x654, 0x204, 0x204, 0x208, 0x000 } }, /* 柯 */
	{ 0xBFC3, { 0x000, 0x200, 0x294, 0x7FC, 0x284, 0x778, 0x6FC, 0x230, 0x278, 0x284, 0x200, 0x000 } }, /* 棵 */
	{ 0xBFC4, { 0x000, 0x010, 0x77C, 0x210, 0x67C, 0x728, 0x57C, 0x178, 0x3A4, 0x0A4, 0x0FC, 0x000 } }, /* 磕 */
	{ 0xBFC5, { 0x000, 0x7FC, 0x790, 0x5BC, 0x7A4, 0x134, 0x334, 0x390, 0x528, 0x124, 0x000, 0x000 } }, /* 颗 */
	{ 0xBFC6, { 0x008, 0x728, 0x038, 0x788, 0x228, 0x388, 0x61C, 0x448, 0x008, 0x008, 0x000, 0x000 } }, /* 科 */
	{ 0xBFC7, { 0x040, 0x7FC, 0x040, 0x3F8, 0x7FC, 0x404, 0x1F0, 0x110, 0x114, 0x61C, 0x000, 0x000 } }, /* 壳 */
	{ 0xBFC8, { 0x000, 0x020, 0x730, 0x520, 0x548, 0x5F0, 0x514, 0x728, 0x458, 0x03C, 0x0C4, 0x000 } }, /* 咳 */
	{ 0xBFC9, { 0x000, 0x7FC, 0x008, 0x3C8, 0x248, 0x248, 0x3C8, 0x208, 0x008, 0x030, 0x000, 0x000 } }, /* 可 */
	{ 0xBFCA, { 0x0FC, 0x284, 0x0CC, 0x4FC, 0x240, 0x1B4, 0x2B4, 0x2E4, 0x4F4, 0x00C, 0x000, 0x000 } }, /* 渴 */
	{ 0xBFCB, { 0x040, 0x7FC, 0x040, 0x3F8, 0x208, 0x208, 0x0A0, 0x0A0, 0x124, 0x63C, 0x000, 0x000 } }, /* 克 */
	{ 0xBFCC, { 0x000, 0x100, 0x104, 0x314, 0x214, 0x794, 0x154, 0x254, 0x594, 0x364, 0x40C, 0x000 } }, /* 刻 */
	{ 0xBFCD, { 0x000, 0x040, 0x7FC, 0x484, 0x1B0, 0x2A0, 0x0E0, 0x71C, 0x1F8, 0x108, 0x108, 0x000 } }, /* 客 */
	{ 0xBFCE, { 0x0F8, 0x2A0, 0x0F8, 0x4A8, 0x230, 0x2FC, 0x230, 0x368, 0x2A4, 0x020, 0x000, 0x000 } }, /* 课 */
	{ 0xBFCF, { 0x040, 0x278, 0x240, 0x7FC, 0x3F8, 0x208, 0x3F8, 0x308, 0x208, 0x218, 0x000, 0x000 } }, /* 肯 */
	{ 0xBFD0, { 0x000, 0x010, 0x65C, 0x050, 0x1FC, 0x078, 0x044, 0x67C, 0x07C, 0x044, 0x008, 0x000 } }, /* 啃 */
	{ 0xBFD1, { 0x000, 0x3F8, 0x208, 0x3F8, 0x3F8, 0x24C, 0x330, 0x44C, 0x7F8, 0x040, 0x7FC, 0x000 } }, /* 垦 */
	{ 0xBFD2, { 0x000, 0x3F8, 0x208, 0x3F8, 0x3F8, 0x248, 0x338, 0x044, 0x508, 0x514, 0x0F0, 0x000 } }, /* 恳 */
	{ 0xBFD3, { 0x000, 0x000, 0x200, 0x2FC, 0x700, 0x278, 0x248, 0x248, 0x748, 0x0C8, 0x08C, 0x000 } }, /* 坑 */
	{ 0xBFD4, { 0x000, 0x020, 0x700, 0x5FC, 0x500, 0x578, 0x548, 0x748, 0x548, 0x088, 0x10C, 0x000 } }, /* 吭 */
	{ 0xBFD5, { 0x000, 0x040, 0x3FC, 0x404, 0x510, 0x60C, 0x000, 0x040, 0x040, 0x040, 0x7FC, 0x000 } }, /* 空 */
	{ 0xBFD6, { 0x000, 0x000, 0x748, 0x268, 0x258, 0x7C8, 0x08C, 0x048, 0x524, 0x504, 0x0F0, 0x000 } }, /* 恐 */
	{ 0xBFD7, { 0x010, 0x7D0, 0x190, 0x110, 0x110, 0x310, 0x510, 0x110, 0x114, 0x21C, 0x000, 0x000 } }, /* 孔 */
	{ 0xBFD8, { 0x200, 0x2FC, 0x680, 0x268, 0x244, 0x640, 0x210, 0x210, 0x210, 0x4FC, 0x000, 0x000 } }, /* 控 */
	{ 0xBFD9, { 0x200, 0x240, 0x300, 0x228, 0x218, 0x618, 0x218, 0x224, 0x200, 0x67C, 0x000, 0x000 } }, /* 抠 */
	{ 0xBFDA, { 0x000, 0x000, 0x208, 0x208, 0x208, 0x208, 0x208, 0x208, 0x3F8, 0x000, 0x000, 0x000 } }, /* 口 */
	{ 0xBFDB, { 0x100, 0x13C, 0x7A4, 0x124, 0x1A4, 0x324, 0x524, 0x13C, 0x124, 0x200, 0x000, 0x000 } }, /* 扣 */
	{ 0xBFDC, { 0x040, 0x7FC, 0x414, 0x398, 0x010, 0x7B8, 0x2B8, 0x298, 0x484, 0x4FC, 0x000, 0x000 } }, /* 寇 */
	{ 0xBFDD, { 0x000, 0x210, 0x210, 0x77C, 0x210, 0x310, 0x77C, 0x644, 0x244, 0x27C, 0x240, 0x000 } }, /* 枯 */
	{ 0xBFDE, { 0x000, 0x4A4, 0x4A4, 0x7B8, 0x050, 0x7FC, 0x0E0, 0x0A0, 0x118, 0x604, 0x000, 0x000 } }, /* 哭 */
	{ 0xBFDF, { 0x000, 0x040, 0x7FC, 0x51C, 0x318, 0x208, 0x3F8, 0x328, 0x2F8, 0x524, 0x5FC, 0x000 } }, /* 窟 */
	{ 0xBFE0, { 0x000, 0x110, 0x7FC, 0x110, 0x040, 0x7FC, 0x040, 0x3F8, 0x208, 0x208, 0x208, 0x000 } }, /* 苦 */
	{ 0xBFE1, { 0x000, 0x000, 0x328, 0x338, 0x788, 0x77C, 0x780, 0x4A4, 0x7A4, 0x4BC, 0x4A4, 0x000 } }, /* 酷 */
	{ 0xBFE2, { 0x000, 0x040, 0x3FC, 0x440, 0x7FC, 0x480, 0x5A0, 0x420, 0x420, 0x420, 0x420, 0x000 } }, /* 库 */
	{ 0xBFE3, { 0x000, 0x210, 0x27C, 0x790, 0x2FC, 0x2A0, 0x7B8, 0x398, 0x298, 0x280, 0x300, 0x000 } }, /* 裤 */
	{ 0xBFE4, { 0x000, 0x040, 0x7FC, 0x090, 0x318, 0x404, 0x7FC, 0x100, 0x1F8, 0x008, 0x030, 0x000 } }, /* 夸 */
	{ 0xBFE5, { 0x020, 0x2FC, 0x050, 0x648, 0x184, 0x0FC, 0x240, 0x678, 0x008, 0x018, 0x000, 0x000 } }, /* 垮 */
	{ 0xBFE6, { 0x000, 0x220, 0x2FC, 0x728, 0x24C, 0x280, 0x67C, 0x200, 0x23C, 0x200, 0x618, 0x000 } }, /* 挎 */
	{ 0xBFE7, { 0x000, 0x010, 0x5FC, 0x428, 0x76C, 0x000, 0x57C, 0x420, 0x43C, 0x704, 0x018, 0x000 } }, /* 跨 */
	{ 0xBFE8, { 0x010, 0x57C, 0x528, 0x76C, 0x5C0, 0x57C, 0x520, 0x53C, 0x504, 0x308, 0x000, 0x000 } }, /* 胯 */
	{ 0xBFE9, { 0x220, 0x220, 0x2F8, 0x728, 0x228, 0x2FC, 0x230, 0x650, 0x0C8, 0x184, 0x000, 0x000 } }, /* 块 */
	{ 0xBFEA, { 0x000, 0x3BC, 0x408, 0x220, 0x278, 0x628, 0x2FC, 0x230, 0x248, 0x284, 0x000, 0x000 } }, /* 筷 */
	{ 0xBFEB, { 0x000, 0x020, 0x030, 0x248, 0x68C, 0x670, 0x200, 0x2E4, 0x240, 0x248, 0x2C4, 0x000 } }, /* 侩 */
	{ 0xBFEC, { 0x220, 0x220, 0x378, 0x728, 0x228, 0x2FC, 0x230, 0x240, 0x288, 0x204, 0x000, 0x000 } }, /* 快 */
	{ 0xBFED, { 0x000, 0x040, 0x7FC, 0x424, 0x3F8, 0x0A0, 0x258, 0x248, 0x2A0, 0x1A0, 0x63C, 0x000 } }, /* 宽 */
	{ 0xBFEE, { 0x110, 0x7D0, 0x11C, 0x2A4, 0x780, 0x010, 0x590, 0x518, 0x564, 0x200, 0x000, 0x000 } }, /* 款 */
	{ 0xBFEF, { 0x000, 0x7FC, 0x400, 0x5F8, 0x420, 0x460, 0x420, 0x420, 0x5FC, 0x400, 0x7FC, 0x000 } }, /* 匡 */
	{ 0xBFF0, { 0x000, 0x220, 0x3BC, 0x548, 0x7FC, 0x400, 0x460, 0x4F0, 0x460, 0x400, 0x7FC, 0x000 } }, /* 筐 */
	{ 0xBFF1, { 0x000, 0x500, 0x37C, 0x610, 0x110, 0x13C, 0x310, 0x510, 0x110, 0x310, 0x600, 0x000 } }, /* 狂 */
	{ 0xBFF2, { 0x000, 0x200, 0x240, 0x280, 0x290, 0x210, 0x798, 0x210, 0x23C, 0x200, 0x200, 0x000 } }, /* 框 */
	{ 0xBFF3, { 0x000, 0x010, 0x790, 0x260, 0x240, 0x740, 0x440, 0x040, 0x340, 0x2C0, 0x080, 0x000 } }, /* 矿 */
	{ 0xBFF4, { 0x000, 0x000, 0x500, 0x538, 0x710, 0x510, 0x710, 0x510, 0x73C, 0x400, 0x07C, 0x000 } }, /* 眶 */
	{ 0xBFF5, { 0x000, 0x010, 0x010, 0x57C, 0x540, 0x740, 0x540, 0x740, 0x540, 0x040, 0x080, 0x000 } }, /* 旷 */
	{ 0xBFF6, { 0x000, 0x488, 0x288, 0x088, 0x0F8, 0x250, 0x250, 0x490, 0x494, 0x30C, 0x000, 0x000 } }, /* 况 */
	{ 0xBFF7, { 0x000, 0x3F8, 0x000, 0x7FC, 0x100, 0x100, 0x018, 0x010, 0x010, 0x070, 0x000, 0x000 } }, /* 亏 */
	{ 0xBFF8, { 0x000, 0x080, 0x7FC, 0x120, 0x3A8, 0x650, 0x58C, 0x300, 0x2A8, 0x0A8, 0xFFE, 0x000 } }, /* 盔 */
	{ 0xBFF9, { 0x040, 0x444, 0x7FC, 0x000, 0x57C, 0x504, 0x53C, 0x104, 0x27C, 0x404, 0x000, 0x000 } }, /* 岿 */
	{ 0xBFFA, { 0x000, 0x040, 0x7FC, 0x71C, 0x208, 0x348, 0x250, 0x740, 0x330, 0x430, 0x4CC, 0x000 } }, /* 窥 */
	{ 0xBFFB, { 0x010, 0x7FC, 0x188, 0x0B4, 0x318, 0x3F8, 0x444, 0x0E0, 0x0B0, 0x308, 0x000, 0x000 } }, /* 葵 */
	{ 0xBFFC, { 0x000, 0x040, 0x7FC, 0x190, 0x358, 0x7F4, 0x040, 0x040, 0x3F8, 0x040, 0x7FC, 0x000 } }, /* 奎 */
	{ 0xBFFD, { 0x108, 0x7C8, 0x548, 0x7C8, 0x548, 0x50C, 0x108, 0x3C8, 0x508, 0x5FC, 0x000, 0x000 } }, /* 魁 */
	{ 0xBFFE, { 0x000, 0x020, 0x2F8, 0x2A0, 0x6F8, 0x6A0, 0x2F8, 0x238, 0x25C, 0x290, 0x39C, 0x000 } }, /* 傀 */
	{ 0xC0A1, { 0x000, 0x47C, 0x774, 0x110, 0x0FC, 0x07C, 0x004, 0x304, 0x228, 0x0C4, 0x000, 0x000 } }, /* 馈 */
	{ 0xC0A2, { 0x000, 0x220, 0x2F8, 0x2A4, 0x7F8, 0x2A4, 0x2F8, 0x218, 0x25C, 0x290, 0x21C, 0x000 } }, /* 愧 */
	{ 0xC0A3, { 0x020, 0x6FC, 0x0BC, 0x020, 0x6FC, 0x0FC, 0x284, 0x4A4, 0x448, 0x084, 0x000, 0x000 } }, /* 溃 */
	{ 0xC0A4, { 0x000, 0x010, 0x230, 0x294, 0x794, 0x2FC, 0x294, 0x2FC, 0x610, 0x010, 0x010, 0x000 } }, /* 坤 */
	{ 0xC0A5, { 0x000, 0x208, 0x3F8, 0x208, 0x3F0, 0x220, 0x3A8, 0x020, 0x3A0, 0x63C, 0x000, 0x000 } }, /* 昆 */
	{ 0xC0A6, { 0x27C, 0x284, 0x290, 0x2FC, 0x2B0, 0x7B8, 0x2D4, 0x290, 0x284, 0x6C4, 0x000, 0x000 } }, /* 捆 */
	{ 0xC0A7, { 0x000, 0x3FC, 0x404, 0x444, 0x5F4, 0x4C4, 0x4D4, 0x554, 0x444, 0x7FC, 0x404, 0x000 } }, /* 困 */
	{ 0xC0A8, { 0x000, 0x20C, 0x210, 0x210, 0x2FC, 0x210, 0x67C, 0x244, 0x244, 0x27C, 0x444, 0x000 } }, /* 括 */
	{ 0xC0A9, { 0x210, 0x218, 0x740, 0x240, 0x240, 0x740, 0x240, 0x240, 0x280, 0x680, 0x000, 0x000 } }, /* 扩 */
	{ 0xC0AA, { 0x000, 0x040, 0x7FC, 0x4C0, 0x414, 0x5D4, 0x510, 0x4D4, 0x4D4, 0x490, 0x090, 0x000 } }, /* 廓 */
	{ 0xC0AB, { 0x000, 0x200, 0x004, 0x434, 0x424, 0x67C, 0x424, 0x554, 0x654, 0x604, 0x40C, 0x000 } }, /* 阔 */
	{ 0xC0AC, { 0x000, 0x020, 0x210, 0x27C, 0x700, 0x248, 0x248, 0x228, 0x328, 0x410, 0x000, 0x000 } }, /* 垃 */
	{ 0xC0AD, { 0x220, 0x210, 0x77C, 0x200, 0x340, 0x648, 0x228, 0x228, 0x210, 0x600, 0x000, 0x000 } }, /* 拉 */
	{ 0xC0AE, { 0x000, 0x040, 0x6E2, 0xA4A, 0x2FA, 0x2DA, 0x2FA, 0x64A, 0x8D2, 0x142, 0x044, 0x000 } }, /* 喇 */
	{ 0xC0AF, { 0x000, 0x228, 0x228, 0x728, 0x6A8, 0x680, 0x73C, 0x244, 0x2FC, 0x7C4, 0x064, 0x000 } }, /* 蜡 */
	{ 0xC0B0, { 0x000, 0x028, 0x568, 0x528, 0x728, 0x500, 0x578, 0x544, 0x57C, 0x54C, 0x040, 0x000 } }, /* 腊 */
	{ 0xC0B1, { 0x000, 0x210, 0x27C, 0x010, 0x57C, 0x754, 0x27C, 0x238, 0x218, 0x054, 0x410, 0x000 } }, /* 辣 */
	{ 0xC0B2, { 0x000, 0x000, 0x008, 0x6C0, 0x2C0, 0x204, 0x2D4, 0x290, 0x618, 0x008, 0x0BC, 0x000 } }, /* 啦 */
	{ 0xC0B3, { 0x100, 0x7FC, 0x040, 0x3F8, 0x040, 0x150, 0x7FC, 0x150, 0x24C, 0x040, 0x000, 0x000 } }, /* 莱 */
	{ 0xC0B4, { 0x000, 0x040, 0x040, 0x040, 0x150, 0x150, 0x7FC, 0x170, 0x358, 0x444, 0x040, 0x000 } }, /* 来 */
	{ 0xC0B5, { 0x010, 0x338, 0x148, 0x7BC, 0x4A4, 0x7B4, 0x334, 0x794, 0x02C, 0x044, 0x000, 0x000 } }, /* 赖 */
	{ 0xC0B6, { 0x000, 0x020, 0x7FC, 0x000, 0x0A0, 0x0B0, 0x0C8, 0x000, 0x2A8, 0x2A8, 0x7FC, 0x000 } }, /* 蓝 */
	{ 0xC0B7, { 0x110, 0x7BC, 0x338, 0x7B4, 0x554, 0x0C0, 0x1B0, 0x1E0, 0x0F0, 0x700, 0x000, 0x000 } }, /* 婪 */
	{ 0xC0B8, { 0x200, 0x228, 0x238, 0x200, 0x300, 0x738, 0x600, 0x200, 0x200, 0x200, 0x000, 0x000 } }, /* 栏 */
	{ 0xC0B9, { 0x200, 0x228, 0x238, 0x200, 0x200, 0x678, 0x200, 0x200, 0x200, 0x600, 0x000, 0x000 } }, /* 拦 */
	{ 0xC0BA, { 0x000, 0x210, 0x3FC, 0x508, 0x0A0, 0x2A0, 0x2C0, 0x008, 0x2A8, 0x2A8, 0x7FC, 0x000 } }, /* 篮 */
	{ 0xC0BB, { 0x000, 0x27C, 0x004, 0x444, 0x444, 0x574, 0x574, 0x5F4, 0x4E4, 0x544, 0x408, 0x000 } }, /* 阑 */
	{ 0xC0BC, { 0x000, 0x010, 0x110, 0x020, 0x3F8, 0x000, 0x000, 0x000, 0x000, 0x000, 0x000, 0x000 } }, /* 兰 */
	{ 0xC0BD, { 0x4BC, 0x224, 0x17C, 0x524, 0x16C, 0x16C, 0x17C, 0x574, 0x5A4, 0x104, 0x000, 0x000 } }, /* 澜 */
	{ 0xC0BE, { 0x4BC, 0x400, 0x178, 0x530, 0x578, 0x578, 0x570, 0x768, 0x5A0, 0x104, 0x000, 0x000 } }, /* 谰 */
	{ 0xC0BF, { 0x000, 0x200, 0x2DC, 0x6F0, 0x240, 0x278, 0x680, 0x2A0, 0x230, 0x250, 0x49C, 0x000 } }, /* 揽 */
	{ 0xC0C0, { 0x000, 0x020, 0x43C, 0x440, 0x408, 0x000, 0x210, 0x200, 0x2A0, 0x120, 0x63C, 0x000 } }, /* 览 */
	{ 0xC0C1, { 0x200, 0x2D8, 0x3E8, 0x7DC, 0x738, 0x3F8, 0x2D8, 0x288, 0x31C, 0x214, 0x000, 0x000 } }, /* 懒 */
	{ 0xC0C2, { 0x000, 0x09C, 0x4B0, 0x6A8, 0x278, 0x480, 0x6A0, 0x030, 0x650, 0x09C, 0x000, 0x000 } }, /* 缆 */
	{ 0xC0C3, { 0x000, 0x204, 0x228, 0x228, 0x744, 0x200, 0x200, 0x200, 0x300, 0x400, 0x400, 0x000 } }, /* 烂 */
	{ 0xC0C4, { 0x040, 0x250, 0x05C, 0x068, 0x440, 0x000, 0x1D4, 0x154, 0x554, 0x5FC, 0x000, 0x000 } }, /* 滥 */
	{ 0xC0C5, { 0x000, 0x020, 0x778, 0x244, 0x27C, 0x744, 0x27C, 0x254, 0x348, 0x66C, 0x044, 0x000 } }, /* 琅 */
	{ 0xC0C6, { 0x000, 0x000, 0x24C, 0x6F4, 0x2B4, 0x6BC, 0x7B4, 0x290, 0x2B4, 0x2F0, 0x210, 0x000 } }, /* 榔 */
	{ 0xC0C7, { 0x000, 0x000, 0x778, 0x244, 0x57C, 0x144, 0x378, 0x554, 0x158, 0x16C, 0x640, 0x000 } }, /* 狼 */
	{ 0xC0C8, { 0x000, 0x040, 0x7FC, 0x480, 0x5D4, 0x5D0, 0x558, 0x5D4, 0x554, 0x5D4, 0x510, 0x000 } }, /* 廊 */
	{ 0xC0C9, { 0x000, 0x200, 0x794, 0x484, 0x788, 0x488, 0x784, 0x400, 0x584, 0x788, 0x420, 0x000 } }, /* 郎 */
	{ 0xC0CA, { 0x000, 0x000, 0x3BC, 0x4A4, 0x7BC, 0x4A4, 0x7A4, 0x424, 0x5A4, 0x644, 0x04C, 0x000 } }, /* 朗 */
	{ 0xC0CB, { 0x000, 0x020, 0x630, 0x088, 0x0F8, 0x680, 0x0F8, 0x2A4, 0x298, 0x4C8, 0x084, 0x000 } }, /* 浪 */
	{ 0xC0CC, { 0x228, 0x2FC, 0x228, 0x27C, 0x280, 0x620, 0x224, 0x224, 0x244, 0x4C8, 0x000, 0x000 } }, /* 捞 */
	{ 0xC0CD, { 0x000, 0x7FC, 0x100, 0x3FC, 0x444, 0x040, 0x0C8, 0x088, 0x108, 0x610, 0x000, 0x000 } }, /* 劳 */
	{ 0xC0CE, { 0x000, 0x040, 0x7FC, 0x404, 0x140, 0x3F8, 0x240, 0x040, 0x040, 0x040, 0x040, 0x000 } }, /* 牢 */
	{ 0xC0CF, { 0x000, 0x080, 0x088, 0x2D8, 0x090, 0x7FC, 0x0C0, 0x130, 0x480, 0x008, 0x0F8, 0x000 } }, /* 老 */
	{ 0xC0D0, { 0x020, 0x224, 0x228, 0x628, 0x630, 0x260, 0x2D8, 0x260, 0x244, 0x23C, 0x000, 0x000 } }, /* 佬 */
	{ 0xC0D1, { 0x000, 0x200, 0x224, 0x77C, 0x128, 0x57C, 0x520, 0x7EC, 0x320, 0x020, 0x43C, 0x000 } }, /* 姥 */
	{ 0xC0D2, { 0x000, 0x010, 0x33C, 0x320, 0x798, 0x718, 0x7E4, 0x4AC, 0x7A4, 0x4A4, 0x4A4, 0x000 } }, /* 酪 */
	{ 0xC0D3, { 0x000, 0x220, 0x278, 0x348, 0x630, 0x230, 0x2CC, 0x278, 0x540, 0x448, 0x048, 0x000 } }, /* 烙 */
	{ 0xC0D4, { 0x048, 0x648, 0x048, 0x448, 0x084, 0x020, 0x2FC, 0x444, 0x440, 0x498, 0x000, 0x000 } }, /* 涝 */
	{ 0xC0D5, { 0x290, 0x7D0, 0x2BC, 0x110, 0x7D0, 0x550, 0x310, 0x7E4, 0x124, 0x14C, 0x000, 0x000 } }, /* 勒 */
	{ 0xC0D6, { 0x008, 0x3C0, 0x240, 0x240, 0x7FC, 0x040, 0x150, 0x248, 0x444, 0x0C0, 0x000, 0x000 } }, /* 乐 */
	{ 0xC0D7, { 0x3F8, 0x040, 0x444, 0x150, 0x150, 0x3F8, 0x248, 0x3F8, 0x248, 0x208, 0x000, 0x000 } }, /* 雷 */
	{ 0xC0D8, { 0x278, 0x210, 0x6FC, 0x410, 0x218, 0x278, 0x254, 0x27C, 0x254, 0x044, 0x000, 0x000 } }, /* 镭 */
	{ 0xC0D9, { 0x000, 0x7FC, 0x090, 0x040, 0x7FE, 0x358, 0x358, 0x3F8, 0x248, 0x248, 0x3F8, 0x000 } }, /* 蕾 */
	{ 0xC0DA, { 0x3FC, 0x080, 0x1F8, 0x708, 0x000, 0x7BC, 0x210, 0x6B4, 0x6A4, 0x2A4, 0x000, 0x000 } }, /* 磊 */
	{ 0xC0DB, { 0x3F8, 0x240, 0x3F8, 0x3F8, 0x190, 0x3C0, 0x3FC, 0x140, 0x248, 0x4C0, 0x000, 0x000 } }, /* 累 */
	{ 0xC0DC, { 0x0F8, 0x2A0, 0x2F8, 0x6A8, 0x600, 0x3FC, 0x3BC, 0x3FC, 0x3BC, 0x374, 0x000, 0x000 } }, /* 儡 */
	{ 0xC0DD, { 0x000, 0x040, 0x098, 0x1F8, 0x210, 0x0A4, 0x7B4, 0x040, 0x3F8, 0x040, 0x7FC, 0x000 } }, /* 垒 */
	{ 0xC0DE, { 0x2FC, 0x230, 0x7B4, 0x248, 0x268, 0x6FC, 0x284, 0x2FC, 0x2A4, 0x484, 0x000, 0x000 } }, /* 擂 */
	{ 0xC0DF, { 0x010, 0x710, 0x410, 0x714, 0x414, 0x504, 0x524, 0x424, 0x444, 0x148, 0x000, 0x000 } }, /* 肋 */
	{ 0xC0E0, { 0x048, 0x150, 0x7FC, 0x0D0, 0x148, 0x440, 0x7FC, 0x060, 0x090, 0x60C, 0x000, 0x000 } }, /* 类 */
	{ 0xC0E1, { 0x000, 0x000, 0x2FC, 0x084, 0x4FC, 0x284, 0x084, 0x1C4, 0x284, 0x6FC, 0x484, 0x000 } }, /* 泪 */
	{ 0xC0E2, { 0x200, 0x27C, 0x710, 0x2CC, 0x764, 0x7F8, 0x668, 0x2B0, 0x238, 0x2C4, 0x000, 0x000 } }, /* 棱 */
	{ 0xC0E3, { 0x200, 0x27C, 0x22C, 0x27C, 0x210, 0x77C, 0x620, 0x224, 0x244, 0x288, 0x000, 0x000 } }, /* 楞 */
	{ 0xC0E4, { 0x000, 0x020, 0x420, 0x250, 0x0AC, 0x114, 0x2F8, 0x408, 0x450, 0x030, 0x010, 0x000 } }, /* 冷 */
	{ 0xC0E5, { 0x3FC, 0x400, 0x1FC, 0x524, 0x5AC, 0x52C, 0x420, 0x5F8, 0x420, 0x5FC, 0x000, 0x000 } }, /* 厘 */
	{ 0xC0E6, { 0x000, 0x0C4, 0x114, 0x7D4, 0x394, 0x344, 0x548, 0x7FC, 0x0F0, 0x34C, 0x440, 0x000 } }, /* 梨 */
	{ 0xC0E7, { 0x000, 0x1C4, 0x114, 0x7D4, 0x354, 0x504, 0x140, 0x3F8, 0x240, 0x040, 0x040, 0x000 } }, /* 犁 */
	{ 0xC0E8, { 0x000, 0x380, 0x13C, 0x794, 0x394, 0x54C, 0x1B0, 0x75C, 0x160, 0x350, 0x0C8, 0x000 } }, /* 黎 */
	{ 0xC0E9, { 0x000, 0x210, 0x7E8, 0x040, 0x7FC, 0x0E0, 0x3F8, 0x0C0, 0x7FC, 0x5E4, 0x40C, 0x000 } }, /* 篱 */
	{ 0xC0EA, { 0x57C, 0x214, 0x614, 0x054, 0x314, 0x37C, 0x510, 0x1FC, 0x210, 0x6FC, 0x000, 0x000 } }, /* 狸 */
	{ 0xC0EB, { 0x000, 0x040, 0x7FC, 0x0E0, 0x2B0, 0x3F8, 0x040, 0x7FC, 0x514, 0x5D4, 0x40C, 0x000 } }, /* 离 */
	{ 0xC0EC, { 0x000, 0x020, 0x6FC, 0x010, 0x4B4, 0x294, 0x020, 0x3FC, 0x550, 0x568, 0x104, 0x000 } }, /* 漓 */
	{ 0xC0ED, { 0x000, 0x000, 0x754, 0x214, 0x27C, 0x714, 0x27C, 0x210, 0x3FC, 0x610, 0x0FC, 0x000 } }, /* 理 */
	{ 0xC0EE, { 0x040, 0x7FC, 0x1E0, 0x358, 0x644, 0x030, 0x040, 0x040, 0x040, 0x0C0, 0x000, 0x000 } }, /* 李 */
	{ 0xC0EF, { 0x000, 0x000, 0x248, 0x248, 0x248, 0x248, 0x040, 0x040, 0x040, 0x040, 0x7FC, 0x000 } }, /* 里 */
	{ 0xC0F0, { 0x000, 0x200, 0x33C, 0x534, 0x7BC, 0x594, 0x7BC, 0x590, 0x03C, 0x190, 0x67C, 0x000 } }, /* 鲤 */
	{ 0xC0F1, { 0x000, 0x000, 0x000, 0x780, 0x080, 0x100, 0x380, 0x500, 0x100, 0x114, 0x11C, 0x000 } }, /* 礼 */
	{ 0xC0F2, { 0x100, 0x7FC, 0x100, 0x784, 0x114, 0x7D4, 0x314, 0x354, 0x504, 0x10C, 0x000, 0x000 } }, /* 莉 */
	{ 0xC0F3, { 0x100, 0x7FC, 0x040, 0x3F8, 0x188, 0x210, 0x7BC, 0x214, 0x294, 0x5AC, 0x000, 0x000 } }, /* 荔 */
	{ 0xC0F4, { 0x040, 0x7FC, 0x040, 0x3F8, 0x248, 0x3F8, 0x140, 0x1C0, 0x1E0, 0x60C, 0x000, 0x000 } }, /* 吏 */
	{ 0xC0F5, { 0x7FC, 0x0A0, 0x3F8, 0x0A0, 0x3FC, 0x040, 0x7FC, 0x0F0, 0x34C, 0x440, 0x000, 0x000 } }, /* 栗 */
	{ 0xC0F6, { 0x000, 0x000, 0x7FC, 0x000, 0x7BC, 0x4A4, 0x6B4, 0x5AC, 0x4A4, 0x4A4, 0x528, 0x000 } }, /* 丽 */
	{ 0xC0F7, { 0x3FC, 0x400, 0x400, 0x440, 0x440, 0x47C, 0x444, 0x480, 0x488, 0x518, 0x000, 0x000 } }, /* 厉 */
	{ 0xC0F8, { 0x010, 0x7D0, 0x41C, 0x794, 0x514, 0x554, 0x554, 0x444, 0x6E4, 0x048, 0x000, 0x000 } }, /* 励 */
	{ 0xC0F9, { 0x00C, 0x740, 0x250, 0x250, 0x77C, 0x410, 0x010, 0x354, 0x050, 0x010, 0x000, 0x000 } }, /* 砾 */
	{ 0xC0FA, { 0x000, 0x260, 0x220, 0x220, 0x3FC, 0x244, 0x040, 0x448, 0x488, 0x518, 0x000, 0x000 } }, /* 历 */
	{ 0xC0FB, { 0x0C4, 0x704, 0x114, 0x7D4, 0x114, 0x394, 0x354, 0x514, 0x104, 0x10C, 0x000, 0x000 } }, /* 利 */
	{ 0xC0FC, { 0x000, 0x230, 0x2FC, 0x6B4, 0x6FC, 0x200, 0x2FC, 0x238, 0x2C4, 0x200, 0x000, 0x000 } }, /* 傈 */
	{ 0xC0FD, { 0x200, 0x2E4, 0x284, 0x6E4, 0x6A4, 0x3A4, 0x244, 0x244, 0x284, 0x28C, 0x000, 0x000 } }, /* 例 */
	{ 0xC0FE, { 0x200, 0x2C4, 0x444, 0x4C4, 0x0C4, 0x0E4, 0x0E4, 0x344, 0x044, 0x04C, 0x000, 0x000 } }, /* 俐 */
	{ 0xC1A1, { 0x000, 0x000, 0x3FC, 0x200, 0x6C4, 0x244, 0x6C4, 0x2E4, 0x304, 0x404, 0x408, 0x000 } }, /* 痢 */
	{ 0xC1A2, { 0x000, 0x000, 0x040, 0x7FC, 0x000, 0x208, 0x110, 0x110, 0x080, 0x020, 0x7FC, 0x000 } }, /* 立 */
	{ 0xC1A3, { 0x000, 0x090, 0x7FC, 0x300, 0x304, 0x328, 0x6A8, 0x428, 0x008, 0x200, 0x000, 0x000 } }, /* 粒 */
	{ 0xC1A4, { 0x000, 0x290, 0x090, 0x490, 0x294, 0x094, 0x294, 0x4A4, 0x524, 0x14C, 0x000, 0x000 } }, /* 沥 */
	{ 0xC1A5, { 0x040, 0x3F8, 0x048, 0x048, 0x3F8, 0x040, 0x258, 0x1F0, 0x64C, 0x080, 0x000, 0x000 } }, /* 隶 */
	{ 0xC1A6, { 0x040, 0x040, 0x0C0, 0x0C4, 0x004, 0x084, 0x084, 0x104, 0x308, 0x618, 0x000, 0x000 } }, /* 力 */
	{ 0xC1A7, { 0x000, 0x020, 0x6FC, 0x034, 0x0B4, 0x6EC, 0x030, 0x0FC, 0x3A8, 0x4AC, 0x084, 0x000 } }, /* 璃 */
	{ 0xC1A8, { 0x000, 0x000, 0x794, 0x594, 0x5F4, 0x594, 0x57C, 0x710, 0x57C, 0x410, 0x0FC, 0x000 } }, /* 哩 */
	{ 0xC1A9, { 0x000, 0x000, 0x270, 0x250, 0x6FC, 0x6D4, 0x2F4, 0x2DC, 0x2C4, 0x284, 0x28C, 0x000 } }, /* 俩 */
	{ 0xC1AA, { 0x008, 0x528, 0x57C, 0x710, 0x510, 0x77C, 0x510, 0x7A8, 0x12C, 0x144, 0x000, 0x000 } }, /* 联 */
	{ 0xC1AB, { 0x000, 0x100, 0x7FC, 0x000, 0x2FC, 0x040, 0x6FC, 0x210, 0x230, 0x700, 0x07C, 0x000 } }, /* 莲 */
	{ 0xC1AC, { 0x000, 0x020, 0x460, 0x240, 0x080, 0x6FC, 0x200, 0x2FC, 0x200, 0x600, 0x4FC, 0x000 } }, /* 连 */
	{ 0xC1AD, { 0x010, 0x4FC, 0x4A8, 0x6B8, 0x2BC, 0x7FC, 0x2BC, 0x3A8, 0x2EC, 0x120, 0x000, 0x000 } }, /* 镰 */
	{ 0xC1AE, { 0x000, 0x040, 0x7FC, 0x490, 0x4F0, 0x5F8, 0x4FC, 0x4F8, 0x5F8, 0x508, 0x204, 0x000 } }, /* 廉 */
	{ 0xC1AF, { 0x000, 0x220, 0x230, 0x350, 0x6AC, 0x680, 0x2F8, 0x208, 0x210, 0x230, 0x210, 0x000 } }, /* 怜 */
	{ 0xC1B0, { 0x000, 0x010, 0x53C, 0x020, 0x000, 0x5FC, 0x090, 0x2FC, 0x490, 0x580, 0x03C, 0x000 } }, /* 涟 */
	{ 0xC1B1, { 0x000, 0x040, 0x7FC, 0x404, 0x118, 0x444, 0x3F8, 0x248, 0x248, 0x258, 0x040, 0x000 } }, /* 帘 */
	{ 0xC1B2, { 0x000, 0x110, 0x390, 0x27C, 0x7A0, 0x060, 0x508, 0x598, 0x098, 0x7D8, 0x064, 0x000 } }, /* 敛 */
	{ 0xC1B3, { 0x000, 0x010, 0x530, 0x528, 0x744, 0x538, 0x504, 0x750, 0x558, 0x508, 0x17C, 0x000 } }, /* 脸 */
	{ 0xC1B4, { 0x000, 0x210, 0x6BC, 0x410, 0x428, 0x2FC, 0x608, 0x23C, 0x208, 0x3C8, 0x01C, 0x000 } }, /* 链 */
	{ 0xC1B5, { 0x000, 0x040, 0x7FC, 0x0A0, 0x2A8, 0x4A4, 0x0A0, 0x048, 0x424, 0x400, 0x0F0, 0x000 } }, /* 恋 */
	{ 0xC1B6, { 0x200, 0x220, 0x220, 0x760, 0x250, 0x250, 0x210, 0x154, 0x494, 0x030, 0x000, 0x000 } }, /* 炼 */
	{ 0xC1B7, { 0x000, 0x220, 0x4A0, 0x560, 0x650, 0x250, 0x710, 0x054, 0x394, 0x030, 0x000, 0x000 } }, /* 练 */
	{ 0xC1B8, { 0x000, 0x200, 0x610, 0x744, 0x24C, 0x744, 0x37C, 0x650, 0x658, 0x268, 0x244, 0x000 } }, /* 粮 */
	{ 0xC1B9, { 0x000, 0x020, 0x420, 0x600, 0x078, 0x084, 0x2FC, 0x220, 0x4A8, 0x124, 0x060, 0x000 } }, /* 凉 */
	{ 0xC1BA, { 0x000, 0x200, 0x028, 0x4AC, 0x00C, 0x2D8, 0x440, 0x7FC, 0x0E0, 0x358, 0x040, 0x000 } }, /* 梁 */
	{ 0xC1BB, { 0x200, 0x028, 0x4AC, 0x048, 0x2D8, 0x440, 0x75C, 0x0E0, 0x358, 0x444, 0x000, 0x000 } }, /* 粱 */
	{ 0xC1BC, { 0x000, 0x040, 0x1F0, 0x208, 0x3F8, 0x208, 0x3F0, 0x248, 0x230, 0x390, 0x20C, 0x000 } }, /* 良 */
	{ 0xC1BD, { 0x000, 0x000, 0x0B0, 0x0A0, 0x7FC, 0x4A4, 0x5A4, 0x57C, 0x444, 0x404, 0x408, 0x000 } }, /* 两 */
	{ 0xC1BE, { 0x000, 0x200, 0x638, 0x420, 0x6FC, 0x6A0, 0x2B8, 0x29C, 0x7D4, 0x280, 0x284, 0x000 } }, /* 辆 */
	{ 0xC1BF, { 0x000, 0x1F0, 0x208, 0x208, 0x000, 0x3F8, 0x248, 0x3F8, 0x040, 0x248, 0x7FC, 0x000 } }, /* 量 */
	{ 0xC1C0, { 0x000, 0x010, 0x710, 0x100, 0x178, 0x740, 0x148, 0x510, 0x55C, 0x094, 0x030, 0x000 } }, /* 晾 */
	{ 0xC1C1, { 0x000, 0x040, 0x7FC, 0x1F0, 0x118, 0x000, 0x7FC, 0x404, 0x1A0, 0x120, 0x61C, 0x000 } }, /* 亮 */
	{ 0xC1C2, { 0x000, 0x020, 0x210, 0x000, 0x078, 0x284, 0x2FC, 0x210, 0x218, 0x294, 0x020, 0x000 } }, /* 谅 */
	{ 0xC1C3, { 0x200, 0x2FC, 0x634, 0x248, 0x2FC, 0x678, 0x278, 0x210, 0x294, 0x420, 0x000, 0x000 } }, /* 撩 */
	{ 0xC1C4, { 0x000, 0x720, 0x54C, 0x558, 0x548, 0x548, 0x768, 0x568, 0x72C, 0x128, 0x148, 0x000 } }, /* 聊 */
	{ 0xC1C5, { 0x000, 0x220, 0x2FC, 0x250, 0x6C8, 0x7FC, 0x2F8, 0x288, 0x220, 0x2AC, 0x220, 0x000 } }, /* 僚 */
	{ 0xC1C6, { 0x000, 0x020, 0x1FC, 0x000, 0x6FC, 0x208, 0x610, 0x210, 0x210, 0x210, 0x420, 0x000 } }, /* 疗 */
	{ 0xC1C7, { 0x000, 0x200, 0x2FC, 0x230, 0x748, 0x6FC, 0x278, 0x248, 0x110, 0x4CC, 0x020, 0x000 } }, /* 燎 */
	{ 0xC1C8, { 0x040, 0x7FC, 0x3B8, 0x2A8, 0x3F8, 0x0E0, 0x7CC, 0x340, 0x360, 0x380, 0x000, 0x000 } }, /* 寥 */
	{ 0xC1C9, { 0x000, 0x000, 0x20C, 0x018, 0x010, 0x610, 0x210, 0x210, 0x220, 0x700, 0x4FC, 0x000 } }, /* 辽 */
	{ 0xC1CA, { 0x000, 0x020, 0x7FC, 0x050, 0x498, 0x1FC, 0x0F8, 0x288, 0x4A0, 0x4A8, 0x160, 0x000 } }, /* 潦 */
	{ 0xC1CB, { 0x000, 0x3FC, 0x010, 0x060, 0x040, 0x040, 0x040, 0x040, 0x040, 0x0C0, 0x000, 0x000 } }, /* 了 */
	{ 0xC1CC, { 0x2FC, 0x2B4, 0x7B4, 0x278, 0x278, 0x6F0, 0x27C, 0x2FC, 0x284, 0x4C8, 0x000, 0x000 } }, /* 撂 */
	{ 0xC1CD, { 0x000, 0x220, 0x2FC, 0x630, 0x448, 0x2FC, 0x778, 0x278, 0x210, 0x29C, 0x020, 0x000 } }, /* 镣 */
	{ 0xC1CE, { 0x040, 0x7FC, 0x5D8, 0x554, 0x5DC, 0x450, 0x74C, 0x4A0, 0x490, 0x1C0, 0x000, 0x000 } }, /* 廖 */
	{ 0xC1CF, { 0x008, 0x288, 0x7A8, 0x308, 0x328, 0x308, 0x69C, 0x448, 0x008, 0x208, 0x000, 0x000 } }, /* 料 */
	{ 0xC1D0, { 0x000, 0x304, 0x214, 0x3D4, 0x254, 0x514, 0x194, 0x184, 0x304, 0x60C, 0x000, 0x000 } }, /* 列 */
	{ 0xC1D1, { 0x7C4, 0x114, 0x3D4, 0x594, 0x104, 0x648, 0x0E0, 0x128, 0x558, 0x184, 0x000, 0x000 } }, /* 裂 */
	{ 0xC1D2, { 0x3C4, 0x104, 0x3D4, 0x254, 0x594, 0x184, 0x60C, 0x000, 0x4A4, 0x484, 0x000, 0x000 } }, /* 烈 */
	{ 0xC1D3, { 0x040, 0x148, 0x254, 0x060, 0x7C0, 0x040, 0x3F8, 0x088, 0x188, 0x618, 0x000, 0x000 } }, /* 劣 */
	{ 0xC1D4, { 0x008, 0x37C, 0x248, 0x468, 0x000, 0x37C, 0x504, 0x17C, 0x244, 0x644, 0x000, 0x000 } }, /* 猎 */
	{ 0xC1D5, { 0x000, 0x000, 0x608, 0x0DC, 0x0D8, 0x6D8, 0x1FC, 0x36C, 0x248, 0x408, 0x048, 0x000 } }, /* 琳 */
	{ 0xC1D6, { 0x000, 0x210, 0x210, 0x77C, 0x230, 0x330, 0x778, 0x654, 0x290, 0x210, 0x210, 0x000 } }, /* 林 */
	{ 0xC1D7, { 0x000, 0x010, 0x710, 0x27C, 0x25C, 0x750, 0x544, 0x1E4, 0x37C, 0x044, 0x084, 0x000 } }, /* 磷 */
	{ 0xC1D8, { 0x000, 0x3F8, 0x040, 0x444, 0x550, 0x150, 0x110, 0x7BC, 0x3B8, 0x554, 0x110, 0x000 } }, /* 霖 */
	{ 0xC1D9, { 0x000, 0x120, 0x160, 0x57C, 0x590, 0x500, 0x57C, 0x554, 0x554, 0x57C, 0x100, 0x000 } }, /* 临 */
	{ 0xC1DA, { 0x000, 0x11C, 0x394, 0x244, 0x500, 0x100, 0x7C4, 0x080, 0x384, 0x100, 0x000, 0x000 } }, /* 邻 */
	{ 0xC1DB, { 0x000, 0x214, 0x710, 0x57C, 0x7B4, 0x4D0, 0x7E4, 0x7E4, 0x07C, 0x304, 0x044, 0x000 } }, /* 鳞 */
	{ 0xC1DC, { 0x000, 0x608, 0x1FC, 0x498, 0x0D8, 0x098, 0x32C, 0x768, 0x408, 0x008, 0x000, 0x000 } }, /* 淋 */
	{ 0xC1DD, { 0x000, 0x020, 0x5FC, 0x3F8, 0x170, 0x170, 0x2F8, 0x000, 0x5FC, 0x4A8, 0x164, 0x000 } }, /* 凛 */
	{ 0xC1DE, { 0x008, 0x2E0, 0x620, 0x220, 0x2F8, 0x000, 0x3F8, 0x248, 0x090, 0x70C, 0x000, 0x000 } }, /* 赁 */
	{ 0xC1DF, { 0x040, 0x7FC, 0x110, 0x0A0, 0x0E0, 0x61C, 0x3F8, 0x208, 0x208, 0x318, 0x000, 0x000 } }, /* 吝 */
	{ 0xC1E0, { 0x200, 0x230, 0x308, 0x24C, 0x294, 0x678, 0x208, 0x200, 0x230, 0x610, 0x000, 0x000 } }, /* 拎 */
	{ 0xC1E1, { 0x000, 0x730, 0x228, 0x24C, 0x794, 0x210, 0x208, 0x308, 0x430, 0x010, 0x000, 0x000 } }, /* 玲 */
	{ 0xC1E2, { 0x100, 0x7FC, 0x040, 0x040, 0x7FC, 0x318, 0x4F4, 0x3A0, 0x060, 0x71C, 0x000, 0x000 } }, /* 菱 */
	{ 0xC1E3, { 0x3F8, 0x040, 0x754, 0x040, 0x150, 0x1A0, 0x65C, 0x1F0, 0x0E0, 0x060, 0x000, 0x000 } }, /* 零 */
	{ 0xC1E4, { 0x110, 0x510, 0x528, 0x7A4, 0x050, 0x4B8, 0x788, 0x6A8, 0x590, 0x088, 0x000, 0x000 } }, /* 龄 */
	{ 0xC1E5, { 0x000, 0x210, 0x210, 0x428, 0x444, 0x214, 0x250, 0x20C, 0x208, 0x330, 0x210, 0x000 } }, /* 铃 */
	{ 0xC1E6, { 0x000, 0x120, 0x230, 0x250, 0x6A8, 0x334, 0x2F8, 0x208, 0x210, 0x220, 0x210, 0x000 } }, /* 伶 */
	{ 0xC1E7, { 0x010, 0x510, 0x7A8, 0x244, 0x794, 0x250, 0x78C, 0x208, 0x030, 0x410, 0x000, 0x000 } }, /* 羚 */
	{ 0xC1E8, { 0x000, 0x020, 0x4FC, 0x420, 0x088, 0x08C, 0x37C, 0x4C8, 0x430, 0x030, 0x184, 0x000 } }, /* 凌 */
	{ 0xC1E9, { 0x3F8, 0x008, 0x3F8, 0x008, 0x040, 0x248, 0x248, 0x0E0, 0x110, 0x60C, 0x000, 0x000 } }, /* 灵 */
	{ 0xC1EA, { 0x000, 0x57C, 0x410, 0x6FC, 0x66C, 0x5A0, 0x568, 0x630, 0x430, 0x4C4, 0x000, 0x000 } }, /* 陵 */
	{ 0xC1EB, { 0x000, 0x210, 0x210, 0x228, 0x244, 0x290, 0x278, 0x208, 0x320, 0x510, 0x008, 0x000 } }, /* 岭 */
	{ 0xC1EC, { 0x100, 0x310, 0x290, 0x424, 0x004, 0x794, 0x014, 0x110, 0x32C, 0x044, 0x000, 0x000 } }, /* 领 */
	{ 0xC1ED, { 0x000, 0x208, 0x208, 0x3F8, 0x040, 0x7F8, 0x044, 0x084, 0x108, 0x618, 0x000, 0x000 } }, /* 另 */
	{ 0xC1EE, { 0x000, 0x040, 0x0E0, 0x130, 0x248, 0x444, 0x3F8, 0x018, 0x030, 0x0E0, 0x060, 0x000 } }, /* 令 */
	{ 0xC1EF, { 0x000, 0x0DC, 0x29C, 0x0D4, 0x4F4, 0x0AC, 0x0FC, 0x2A4, 0x4FC, 0x4A4, 0x0FC, 0x000 } }, /* 溜 */
	{ 0xC1F0, { 0x000, 0x7FC, 0x220, 0x248, 0x640, 0x220, 0x228, 0x3A8, 0x0A8, 0x12C, 0x000, 0x000 } }, /* 琉 */
	{ 0xC1F1, { 0x220, 0x28C, 0x2A8, 0x2F4, 0x294, 0x77C, 0x694, 0x2FC, 0x294, 0x2C4, 0x000, 0x000 } }, /* 榴 */
	{ 0xC1F2, { 0x000, 0x7FC, 0x220, 0x248, 0x77C, 0x500, 0x148, 0x348, 0x088, 0x08C, 0x000, 0x000 } }, /* 硫 */
	{ 0xC1F3, { 0x000, 0x200, 0x28C, 0x7A8, 0x0B4, 0x0D4, 0x07C, 0x094, 0x3FC, 0x294, 0x0C4, 0x000 } }, /* 馏 */
	{ 0xC1F4, { 0x180, 0x414, 0x504, 0x7AC, 0x400, 0x3FC, 0x244, 0x26C, 0x24C, 0x204, 0x000, 0x000 } }, /* 留 */
	{ 0xC1F5, { 0x104, 0x104, 0x7D4, 0x094, 0x294, 0x194, 0x194, 0x294, 0x644, 0x40C, 0x000, 0x000 } }, /* 刘 */
	{ 0xC1F6, { 0x000, 0x020, 0x3FC, 0x2DC, 0x694, 0x2F4, 0x688, 0x2FC, 0x2BC, 0x2A4, 0x4FC, 0x000 } }, /* 瘤 */
	{ 0xC1F7, { 0x000, 0x020, 0x2FC, 0x040, 0x448, 0x2FC, 0x000, 0x2A8, 0x2A8, 0x4A8, 0x12C, 0x000 } }, /* 流 */
	{ 0xC1F8, { 0x200, 0x28C, 0x7A0, 0x2A0, 0x7A0, 0x7A0, 0x2E4, 0x20C, 0x240, 0x280, 0x000, 0x000 } }, /* 柳 */
	{ 0xC1F9, { 0x000, 0x000, 0x040, 0x040, 0x7FC, 0x000, 0x010, 0x110, 0x308, 0x60C, 0x400, 0x000 } }, /* 六 */
	{ 0xC1FA, { 0x000, 0x080, 0x090, 0x080, 0x0E0, 0x0A0, 0x0A8, 0x130, 0x320, 0x260, 0x4BC, 0x000 } }, /* 龙 */
	{ 0xC1FB, { 0x090, 0x7FC, 0x0A8, 0x364, 0x438, 0x7FC, 0x1F0, 0x1F0, 0x3FC, 0x010, 0x000, 0x000 } }, /* 聋 */
	{ 0xC1FC, { 0x020, 0x628, 0x568, 0x530, 0x510, 0x550, 0x758, 0x590, 0x0B0, 0x11C, 0x000, 0x000 } }, /* 咙 */
	{ 0xC1FD, { 0x000, 0x200, 0x7BC, 0x528, 0x090, 0x09C, 0x0A0, 0x128, 0x130, 0x2E0, 0x43C, 0x000 } }, /* 笼 */
	{ 0xC1FE, { 0x000, 0x040, 0x7FC, 0x518, 0x378, 0x5D0, 0x4FC, 0x570, 0x5F8, 0x478, 0x4FC, 0x000 } }, /* 窿 */
	{ 0xC2A1, { 0x000, 0x000, 0x578, 0x4B0, 0x638, 0x6CC, 0x550, 0x5FC, 0x610, 0x410, 0x4FC, 0x000 } }, /* 隆 */
	{ 0xC2A2, { 0x000, 0x090, 0x098, 0x0E8, 0x0B8, 0x160, 0x6AC, 0x040, 0x3F8, 0x040, 0x7FC, 0x000 } }, /* 垄 */
	{ 0xC2A3, { 0x220, 0x228, 0x77C, 0x230, 0x210, 0x658, 0x258, 0x250, 0x2B0, 0x71C, 0x000, 0x000 } }, /* 拢 */
	{ 0xC2A4, { 0x020, 0x528, 0x5FC, 0x470, 0x450, 0x558, 0x550, 0x790, 0x4F0, 0x51C, 0x000, 0x000 } }, /* 陇 */
	{ 0xC2A5, { 0x200, 0x248, 0x7FC, 0x238, 0x344, 0x620, 0x2FC, 0x248, 0x230, 0x2E4, 0x000, 0x000 } }, /* 楼 */
	{ 0xC2A6, { 0x048, 0x150, 0x7FC, 0x150, 0x64C, 0x484, 0x1B0, 0x1A0, 0x0F8, 0x700, 0x000, 0x000 } }, /* 娄 */
	{ 0xC2A7, { 0x200, 0x248, 0x6FC, 0x238, 0x244, 0x620, 0x2FC, 0x248, 0x230, 0x6C4, 0x000, 0x000 } }, /* 搂 */
	{ 0xC2A8, { 0x010, 0x3FC, 0x508, 0x250, 0x7FC, 0x158, 0x684, 0x1B0, 0x0E0, 0x78C, 0x000, 0x000 } }, /* 篓 */
	{ 0xC2A9, { 0x0FC, 0x304, 0x1FC, 0x57C, 0x110, 0x17C, 0x15C, 0x514, 0x57C, 0x214, 0x000, 0x000 } }, /* 漏 */
	{ 0xC2AA, { 0x07C, 0x610, 0x218, 0x6D4, 0x6D4, 0x0DC, 0x1C4, 0x6C4, 0x080, 0x0FC, 0x000, 0x000 } }, /* 陋 */
	{ 0xC2AB, { 0x100, 0x7FC, 0x110, 0x040, 0x208, 0x208, 0x3F8, 0x200, 0x400, 0x400, 0x000, 0x000 } }, /* 芦 */
	{ 0xC2AC, { 0x040, 0x07C, 0x040, 0x3F8, 0x204, 0x20C, 0x20C, 0x200, 0x400, 0x400, 0x000, 0x000 } }, /* 卢 */
	{ 0xC2AD, { 0x200, 0x390, 0x210, 0x7E4, 0x494, 0x594, 0x454, 0x410, 0x42C, 0x044, 0x000, 0x000 } }, /* 颅 */
	{ 0xC2AE, { 0x000, 0x040, 0x3FC, 0x000, 0x0F8, 0x088, 0x488, 0x588, 0x500, 0x500, 0x100, 0x000 } }, /* 庐 */
	{ 0xC2AF, { 0x010, 0x210, 0x23C, 0x700, 0x624, 0x224, 0x240, 0x3C0, 0x440, 0x480, 0x000, 0x000 } }, /* 炉 */
	{ 0xC2B0, { 0x210, 0x210, 0x2FC, 0x284, 0x2B8, 0x69C, 0x290, 0x2B4, 0x224, 0x54C, 0x000, 0x000 } }, /* 掳 */
	{ 0xC2B1, { 0x000, 0x07C, 0x000, 0x7FC, 0x404, 0x4E4, 0x464, 0x5B4, 0x71C, 0x40C, 0x000, 0x000 } }, /* 卤 */
	{ 0xC2B2, { 0x000, 0x040, 0x040, 0x3FC, 0x240, 0x3C4, 0x278, 0x060, 0x44C, 0x440, 0x198, 0x000 } }, /* 虏 */
	{ 0xC2B3, { 0x000, 0x180, 0x320, 0x7F8, 0x3F8, 0x3F8, 0x400, 0x1F8, 0x208, 0x208, 0x3F8, 0x000 } }, /* 鲁 */
	{ 0xC2B4, { 0x010, 0x7BC, 0x3B8, 0x050, 0x7FC, 0x3F8, 0x7F8, 0x520, 0x520, 0x19C, 0x000, 0x000 } }, /* 麓 */
	{ 0xC2B5, { 0x078, 0x204, 0x278, 0x70C, 0x510, 0x554, 0x118, 0x778, 0x014, 0x030, 0x000, 0x000 } }, /* 碌 */
	{ 0xC2B6, { 0x3F8, 0x040, 0x754, 0x150, 0x120, 0x4E8, 0x310, 0x16C, 0x528, 0x738, 0x000, 0x000 } }, /* 露 */
	{ 0xC2B7, { 0x000, 0x020, 0x5BC, 0x4E8, 0x798, 0x018, 0x544, 0x478, 0x440, 0x778, 0x000, 0x000 } }, /* 路 */
	{ 0xC2B8, { 0x020, 0x738, 0x448, 0x6B0, 0x610, 0x6C4, 0x638, 0x200, 0x538, 0x480, 0x000, 0x000 } }, /* 赂 */
	{ 0xC2B9, { 0x000, 0x040, 0x7FC, 0x4A0, 0x6BC, 0x4A4, 0x7B0, 0x524, 0x530, 0x520, 0x19C, 0x000 } }, /* 鹿 */
	{ 0xC2BA, { 0x000, 0x010, 0x55C, 0x170, 0x1D8, 0x498, 0x1A0, 0x59C, 0x584, 0x5FC, 0x314, 0x000 } }, /* 潞 */
	{ 0xC2BB, { 0x278, 0x200, 0x778, 0x10C, 0x210, 0x714, 0x678, 0x258, 0x294, 0x220, 0x000, 0x000 } }, /* 禄 */
	{ 0xC2BC, { 0x000, 0x008, 0x3F8, 0x008, 0x7FC, 0x248, 0x070, 0x150, 0x64C, 0x0C0, 0x000, 0x000 } }, /* 录 */
	{ 0xC2BD, { 0x000, 0x010, 0x510, 0x57C, 0x410, 0x6FC, 0x510, 0x554, 0x754, 0x454, 0x404, 0x000 } }, /* 陆 */
	{ 0xC2BE, { 0x690, 0x258, 0x2D0, 0x77C, 0x394, 0x554, 0x298, 0x3D8, 0x13C, 0x604, 0x000, 0x000 } }, /* 戮 */
	{ 0xC2BF, { 0x000, 0x010, 0x710, 0x13C, 0x504, 0x524, 0x724, 0x0C0, 0x6C0, 0x040, 0x380, 0x000 } }, /* 驴 */
	{ 0xC2C0, { 0x000, 0x000, 0x208, 0x208, 0x3F8, 0x000, 0x3F8, 0x404, 0x404, 0x7FC, 0x404, 0x000 } }, /* 吕 */
	{ 0xC2C1, { 0x000, 0x278, 0x240, 0x440, 0x778, 0x200, 0x77C, 0x204, 0x284, 0x37C, 0x244, 0x000 } }, /* 铝 */
	{ 0xC2C2, { 0x000, 0x000, 0x244, 0x244, 0x67C, 0x600, 0x2FC, 0x284, 0x284, 0x2FC, 0x284, 0x000 } }, /* 侣 */
	{ 0xC2C3, { 0x000, 0x220, 0x03C, 0x7C0, 0x2FC, 0x310, 0x214, 0x008, 0x408, 0x52C, 0x564, 0x000 } }, /* 旅 */
	{ 0xC2C4, { 0x3F8, 0x004, 0x3F8, 0x17C, 0x278, 0x57C, 0x738, 0x538, 0x578, 0x16C, 0x000, 0x000 } }, /* 履 */
	{ 0xC2C5, { 0x3F8, 0x000, 0x3F8, 0x0B8, 0x0F0, 0x5AC, 0x540, 0x490, 0x470, 0x1CC, 0x000, 0x000 } }, /* 屡 */
	{ 0xC2C6, { 0x000, 0x258, 0x530, 0x538, 0x254, 0x020, 0x6EC, 0x068, 0x618, 0x044, 0x000, 0x000 } }, /* 缕 */
	{ 0xC2C7, { 0x000, 0x040, 0x040, 0x3FC, 0x044, 0x3C0, 0x078, 0x400, 0x5A4, 0x484, 0x070, 0x000 } }, /* 虑 */
	{ 0xC2C8, { 0x000, 0x100, 0x200, 0x5F8, 0x3F8, 0x3E8, 0x3E8, 0x7F8, 0x2A8, 0x3C6, 0x5B4, 0x000 } }, /* 氯 */
	{ 0xC2C9, { 0x220, 0x2F8, 0x420, 0x2AC, 0x228, 0x620, 0x2F8, 0x220, 0x220, 0x220, 0x000, 0x000 } }, /* 律 */
	{ 0xC2CA, { 0x040, 0x7FC, 0x080, 0x3A8, 0x0C0, 0x6F4, 0x040, 0x7FC, 0x040, 0x040, 0x000, 0x000 } }, /* 率 */
	{ 0xC2CB, { 0x020, 0x238, 0x0FC, 0x424, 0x2E0, 0x038, 0x300, 0x114, 0x580, 0x038, 0x000, 0x000 } }, /* 滤 */
	{ 0xC2CC, { 0x200, 0x204, 0x578, 0x500, 0x2FC, 0x010, 0x758, 0x078, 0x694, 0x020, 0x000, 0x000 } }, /* 绿 */
	{ 0xC2CD, { 0x000, 0x040, 0x7FC, 0x0A0, 0x2A8, 0x4A4, 0x000, 0x040, 0x040, 0x040, 0x3F8, 0x000 } }, /* 峦 */
	{ 0xC2CE, { 0x000, 0x040, 0x7FC, 0x2A8, 0x4A4, 0x4B8, 0x040, 0x3F8, 0x040, 0x040, 0x0C0, 0x000 } }, /* 挛 */
	{ 0xC2CF, { 0x040, 0x7FC, 0x0A0, 0x4A4, 0x0A0, 0x3F8, 0x060, 0x7FC, 0x040, 0x0C0, 0x000, 0x000 } }, /* 孪 */
	{ 0xC2D0, { 0x020, 0x3FC, 0x050, 0x0D4, 0x750, 0x020, 0x2FC, 0x068, 0x4A4, 0x120, 0x000, 0x000 } }, /* 滦 */
	{ 0xC2D1, { 0x080, 0x43C, 0x4A4, 0x4B4, 0x5AC, 0x4A4, 0x7A4, 0x0AC, 0x120, 0x620, 0x000, 0x000 } }, /* 卵 */
	{ 0xC2D2, { 0x000, 0x000, 0x710, 0x110, 0x7D0, 0x110, 0x110, 0x4D0, 0x450, 0x7D0, 0x45C, 0x000 } }, /* 乱 */
	{ 0xC2D3, { 0x000, 0x210, 0x210, 0x200, 0x200, 0x244, 0x64C, 0x210, 0x250, 0x294, 0x420, 0x000 } }, /* 掠 */
	{ 0xC2D4, { 0x000, 0x020, 0x738, 0x2E8, 0x2F0, 0x790, 0x2CC, 0x2B8, 0x780, 0x028, 0x028, 0x000 } }, /* 略 */
	{ 0xC2D5, { 0x220, 0x230, 0x248, 0x24C, 0x2C0, 0x358, 0x620, 0x200, 0x204, 0x638, 0x000, 0x000 } }, /* 抡 */
	{ 0xC2D6, { 0x000, 0x210, 0x230, 0x628, 0x544, 0x500, 0x708, 0x120, 0x780, 0x104, 0x13C, 0x000 } }, /* 轮 */
	{ 0xC2D7, { 0x000, 0x020, 0x230, 0x258, 0x68C, 0x740, 0x258, 0x260, 0x240, 0x244, 0x23C, 0x000 } }, /* 伦 */
	{ 0xC2D8, { 0x000, 0x040, 0x0C0, 0x130, 0x318, 0x504, 0x130, 0x1C0, 0x100, 0x108, 0x0F8, 0x000 } }, /* 仑 */
	{ 0xC2D9, { 0x020, 0x620, 0x050, 0x088, 0x5C4, 0x048, 0x260, 0x240, 0x444, 0x478, 0x000, 0x000 } }, /* 沦 */
	{ 0xC2DA, { 0x000, 0x220, 0x230, 0x428, 0x54C, 0x6A0, 0x228, 0x730, 0x020, 0x324, 0x43C, 0x000 } }, /* 纶 */
	{ 0xC2DB, { 0x000, 0x020, 0x230, 0x050, 0x048, 0x2C4, 0x258, 0x260, 0x340, 0x244, 0x03C, 0x000 } }, /* 论 */
	{ 0xC2DC, { 0x020, 0x7FC, 0x000, 0x6AC, 0x6AC, 0x100, 0x1F8, 0x710, 0x0E0, 0x780, 0x000, 0x000 } }, /* 萝 */
	{ 0xC2DD, { 0x000, 0x27C, 0x254, 0x754, 0x37C, 0x728, 0x770, 0x23C, 0x310, 0x4D4, 0x0B0, 0x000 } }, /* 螺 */
	{ 0xC2DE, { 0x3F8, 0x4A4, 0x4A4, 0x3FC, 0x080, 0x1F8, 0x208, 0x0D0, 0x060, 0x780, 0x000, 0x000 } }, /* 罗 */
	{ 0xC2DF, { 0x000, 0x4FC, 0x014, 0x0F4, 0x440, 0x078, 0x088, 0x030, 0x060, 0x780, 0x4FC, 0x000 } }, /* 逻 */
	{ 0xC2E0, { 0x27C, 0x26C, 0x528, 0x57C, 0x220, 0x77C, 0x244, 0x218, 0x310, 0x260, 0x000, 0x000 } }, /* 锣 */
	{ 0xC2E1, { 0x000, 0x230, 0x7FC, 0x408, 0x3FC, 0x2B4, 0x180, 0x1F8, 0x618, 0x0E0, 0x380, 0x000 } }, /* 箩 */
	{ 0xC2E2, { 0x07C, 0x114, 0x57C, 0x47C, 0x428, 0x770, 0x13C, 0x550, 0x154, 0x3B0, 0x000, 0x000 } }, /* 骡 */
	{ 0xC2E3, { 0x278, 0x214, 0x67C, 0x214, 0x27C, 0x730, 0x330, 0x238, 0x2D4, 0x210, 0x000, 0x000 } }, /* 裸 */
	{ 0xC2E4, { 0x120, 0x7FC, 0x040, 0x278, 0x0D0, 0x430, 0x1CC, 0x0F8, 0x488, 0x0C8, 0x000, 0x000 } }, /* 落 */
	{ 0xC2E5, { 0x000, 0x040, 0x278, 0x0C8, 0x430, 0x630, 0x1CC, 0x2F8, 0x488, 0x4C8, 0x088, 0x000 } }, /* 洛 */
	{ 0xC2E6, { 0x020, 0x138, 0x568, 0x568, 0x518, 0x7E4, 0x0B8, 0x604, 0x02C, 0x324, 0x000, 0x000 } }, /* 骆 */
	{ 0xC2E7, { 0x020, 0x278, 0x568, 0x5A8, 0x230, 0x2CC, 0x77C, 0x040, 0x748, 0x048, 0x000, 0x000 } }, /* 络 */
	{ 0xC2E8, { 0x200, 0x208, 0x608, 0x288, 0x448, 0x53C, 0x304, 0x37C, 0x284, 0x40C, 0x000, 0x000 } }, /* 妈 */
	{ 0xC2E9, { 0x000, 0x040, 0x7FC, 0x400, 0x490, 0x5BC, 0x498, 0x5F8, 0x7B4, 0x490, 0x090, 0x000 } }, /* 麻 */
	{ 0xC2EA, { 0x000, 0x748, 0x208, 0x208, 0x748, 0x27C, 0x204, 0x3FC, 0x404, 0x00C, 0x000, 0x000 } }, /* 玛 */
	{ 0xC2EB, { 0x000, 0x208, 0x228, 0x208, 0x708, 0x43C, 0x004, 0x304, 0x004, 0x008, 0x000, 0x000 } }, /* 码 */
	{ 0xC2EC, { 0x200, 0x208, 0x780, 0x688, 0x6C8, 0x7BC, 0x204, 0x2FC, 0x684, 0x00C, 0x000, 0x000 } }, /* 蚂 */
	{ 0xC2ED, { 0x000, 0x000, 0x010, 0x110, 0x110, 0x110, 0x1FC, 0x004, 0x7F4, 0x004, 0x018, 0x000 } }, /* 马 */
	{ 0xC2EE, { 0x000, 0x4A8, 0x7B8, 0x000, 0x110, 0x110, 0x1FC, 0x004, 0x004, 0x018, 0x000, 0x000 } }, /* 骂 */
	{ 0xC2EF, { 0x000, 0x000, 0x6FC, 0x208, 0x2EC, 0x2E8, 0x678, 0x7DC, 0x1B8, 0x108, 0x008, 0x000 } }, /* 嘛 */
	{ 0xC2F0, { 0x000, 0x708, 0x548, 0x548, 0x548, 0x57C, 0x704, 0x57C, 0x004, 0x008, 0x000, 0x000 } }, /* 吗 */
	{ 0xC2F1, { 0x000, 0x000, 0x294, 0x294, 0x7B4, 0x294, 0x278, 0x210, 0x334, 0x410, 0x0FC, 0x000 } }, /* 埋 */
	{ 0xC2F2, { 0x000, 0x02C, 0x124, 0x0A0, 0x320, 0x020, 0x7FC, 0x040, 0x198, 0x604, 0x000, 0x000 } }, /* 买 */
	{ 0xC2F3, { 0x000, 0x040, 0x7FC, 0x040, 0x040, 0x7FC, 0x080, 0x190, 0x2A0, 0x0E0, 0x71C, 0x000 } }, /* 麦 */
	{ 0xC2F4, { 0x040, 0x3F8, 0x040, 0x7FC, 0x0A0, 0x260, 0x120, 0x060, 0x090, 0x30C, 0x000, 0x000 } }, /* 卖 */
	{ 0xC2F5, { 0x000, 0x260, 0x020, 0x03C, 0x204, 0x244, 0x240, 0x288, 0x300, 0x4FC, 0x000, 0x000 } }, /* 迈 */
	{ 0xC2F6, { 0x000, 0x020, 0x710, 0x570, 0x714, 0x578, 0x518, 0x558, 0x554, 0x510, 0x130, 0x000 } }, /* 脉 */
	{ 0xC2F7, { 0x000, 0x008, 0x6FC, 0x000, 0x6FC, 0x028, 0x6FC, 0x0B4, 0x6DC, 0x094, 0x084, 0x000 } }, /* 瞒 */
	{ 0xC2F8, { 0x000, 0x200, 0x64C, 0x57C, 0x000, 0x0FC, 0x0FC, 0x000, 0x368, 0x230, 0x0CC, 0x000 } }, /* 馒 */
	{ 0xC2F9, { 0x040, 0x7FC, 0x0A0, 0x2A8, 0x4A4, 0x040, 0x248, 0x3F8, 0x048, 0x7C4, 0x000, 0x000 } }, /* 蛮 */
	{ 0xC2FA, { 0x040, 0x7FC, 0x040, 0x5FC, 0x050, 0x1FC, 0x354, 0x57C, 0x524, 0x10C, 0x000, 0x000 } }, /* 满 */
	{ 0xC2FB, { 0x000, 0x1B0, 0x010, 0x3F8, 0x3F8, 0x3F8, 0x5A4, 0x7FC, 0x3F8, 0x0A0, 0x7BC, 0x000 } }, /* 蔓 */
	{ 0xC2FC, { 0x3F8, 0x3F8, 0x208, 0x000, 0x4B4, 0x7FC, 0x3F0, 0x110, 0x0E0, 0x71C, 0x000, 0x000 } }, /* 曼 */
	{ 0xC2FD, { 0x278, 0x248, 0x348, 0x678, 0x2B4, 0x2FC, 0x2F8, 0x248, 0x230, 0x2C4, 0x000, 0x000 } }, /* 慢 */
	{ 0xC2FE, { 0x0F8, 0x2FC, 0x08C, 0x400, 0x0F4, 0x0FC, 0x278, 0x448, 0x430, 0x1CC, 0x000, 0x000 } }, /* 漫 */
	{ 0xC3A1, { 0x078, 0x288, 0x088, 0x400, 0x2F4, 0x2FC, 0x2F8, 0x348, 0x230, 0x0CC, 0x000, 0x000 } }, /* 谩 */
	{ 0xC3A2, { 0x000, 0x100, 0x7FC, 0x110, 0x040, 0x7FC, 0x200, 0x200, 0x200, 0x200, 0x000, 0x000 } }, /* 芒 */
	{ 0xC3A3, { 0x000, 0x110, 0x7FC, 0x110, 0x620, 0x020, 0x440, 0x040, 0x240, 0x640, 0x400, 0x000 } }, /* 茫 */
	{ 0xC3A4, { 0x000, 0x040, 0x7FC, 0x200, 0x3F8, 0x000, 0x208, 0x3F8, 0x3F8, 0x208, 0x3F8, 0x000 } }, /* 盲 */
	{ 0xC3A5, { 0x000, 0x244, 0x044, 0x778, 0x450, 0x47C, 0x450, 0x440, 0x068, 0x044, 0x000, 0x000 } }, /* 氓 */
	{ 0xC3A6, { 0x000, 0x200, 0x210, 0x37C, 0x6C0, 0x240, 0x240, 0x240, 0x240, 0x27C, 0x200, 0x000 } }, /* 忙 */
	{ 0xC3A7, { 0x000, 0x7FC, 0x008, 0x4CC, 0x190, 0x398, 0x4B4, 0x1B0, 0x110, 0x210, 0x000, 0x000 } }, /* 莽 */
	{ 0xC3A8, { 0x008, 0x368, 0x268, 0x400, 0x17C, 0x314, 0x57C, 0x114, 0x054, 0x644, 0x000, 0x000 } }, /* 猫 */
	{ 0xC3A9, { 0x100, 0x7FC, 0x100, 0x3F8, 0x0B0, 0x7FC, 0x0C4, 0x100, 0x600, 0x0C0, 0x000, 0x000 } }, /* 茅 */
	{ 0xC3AA, { 0x000, 0x208, 0x248, 0x67C, 0x408, 0x27C, 0x714, 0x27C, 0x214, 0x354, 0x044, 0x000 } }, /* 锚 */
	{ 0xC3AB, { 0x000, 0x000, 0x3E0, 0x080, 0x0F8, 0x780, 0x0DC, 0x7C0, 0x080, 0x084, 0x07C, 0x000 } }, /* 毛 */
	{ 0xC3AC, { 0x3F8, 0x018, 0x0E0, 0x060, 0x7FC, 0x0A4, 0x120, 0x320, 0x420, 0x040, 0x000, 0x000 } }, /* 矛 */
	{ 0xC3AD, { 0x000, 0x200, 0x28C, 0x4A0, 0x6A0, 0x2A0, 0x7A0, 0x2E4, 0x20C, 0x340, 0x280, 0x000 } }, /* 铆 */
	{ 0xC3AE, { 0x080, 0x63C, 0x4A4, 0x4A4, 0x4A4, 0x4A4, 0x7A4, 0x12C, 0x120, 0x620, 0x000, 0x000 } }, /* 卯 */
	{ 0xC3AF, { 0x000, 0x7FC, 0x110, 0x048, 0x3FC, 0x200, 0x238, 0x230, 0x474, 0x48C, 0x000, 0x000 } }, /* 茂 */
	{ 0xC3B0, { 0x000, 0x7FC, 0x404, 0x404, 0x1F4, 0x1F0, 0x208, 0x3F8, 0x3F8, 0x208, 0x3F8, 0x000 } }, /* 冒 */
	{ 0xC3B1, { 0x000, 0x200, 0x244, 0x7C0, 0x2D0, 0x280, 0x284, 0x2A4, 0x33C, 0x204, 0x204, 0x000 } }, /* 帽 */
	{ 0xC3B2, { 0x110, 0x23C, 0x584, 0x33C, 0x704, 0x3BC, 0x5A8, 0x2A8, 0x4A8, 0x14C, 0x000, 0x000 } }, /* 貌 */
	{ 0xC3B3, { 0x180, 0x434, 0x484, 0x7AC, 0x008, 0x248, 0x248, 0x248, 0x090, 0x704, 0x000, 0x000 } }, /* 贸 */
	{ 0xC3B4, { 0x000, 0x000, 0x080, 0x080, 0x120, 0x240, 0x440, 0x088, 0x108, 0x3FC, 0x004, 0x000 } }, /* 么 */
	{ 0xC3B5, { 0x000, 0x7A0, 0x23C, 0x224, 0x7E0, 0x228, 0x238, 0x390, 0x638, 0x0C4, 0x000, 0x000 } }, /* 玫 */
	{ 0xC3B6, { 0x220, 0x220, 0x73C, 0x248, 0x348, 0x7A8, 0x638, 0x210, 0x228, 0x2C4, 0x000, 0x000 } }, /* 枚 */
	{ 0xC3B7, { 0x000, 0x200, 0x27C, 0x740, 0x27C, 0x754, 0x7FC, 0x640, 0x25C, 0x20C, 0x208, 0x000 } }, /* 梅 */
	{ 0xC3B8, { 0x000, 0x020, 0x33C, 0x740, 0x7B4, 0x7B4, 0x5FC, 0x4B4, 0x4A4, 0x7BC, 0x00C, 0x000 } }, /* 酶 */
	{ 0xC3B9, { 0x3F8, 0x040, 0x55C, 0x150, 0x100, 0x7F8, 0x248, 0x7FC, 0x3FC, 0x018, 0x000, 0x000 } }, /* 霉 */
	{ 0xC3BA, { 0x248, 0x2FC, 0x248, 0x748, 0x678, 0x230, 0x2FC, 0x378, 0x484, 0x400, 0x000, 0x000 } }, /* 煤 */
	{ 0xC3BB, { 0x000, 0x348, 0x048, 0x48C, 0x000, 0x0F8, 0x248, 0x230, 0x470, 0x484, 0x000, 0x000 } }, /* 没 */
	{ 0xC3BC, { 0x3FC, 0x204, 0x264, 0x200, 0x3FC, 0x304, 0x104, 0x5FC, 0x504, 0x184, 0x000, 0x000 } }, /* 眉 */
	{ 0xC3BD, { 0x248, 0x2FC, 0x648, 0x548, 0x578, 0x510, 0x6FC, 0x378, 0x4C4, 0x080, 0x000, 0x000 } }, /* 媒 */
	{ 0xC3BE, { 0x000, 0x208, 0x238, 0x410, 0x47C, 0x210, 0x710, 0x27C, 0x230, 0x328, 0x0C4, 0x000 } }, /* 镁 */
	{ 0xC3BF, { 0x000, 0x100, 0x3FC, 0x600, 0x548, 0x048, 0x7FC, 0x048, 0x008, 0x1F8, 0x010, 0x000 } }, /* 每 */
	{ 0xC3C0, { 0x000, 0x110, 0x1B0, 0x040, 0x3F8, 0x040, 0x040, 0x040, 0x0E0, 0x090, 0x60C, 0x000 } }, /* 美 */
	{ 0xC3C1, { 0x000, 0x000, 0x730, 0x530, 0x500, 0x7FC, 0x530, 0x578, 0x54C, 0x084, 0x000, 0x000 } }, /* 昧 */
	{ 0xC3C2, { 0x000, 0x040, 0x7FC, 0x404, 0x530, 0x710, 0x17C, 0x730, 0x138, 0x5D4, 0x510, 0x000 } }, /* 寐 */
	{ 0xC3C3, { 0x210, 0x210, 0x278, 0x710, 0x5FC, 0x530, 0x738, 0x35C, 0x694, 0x410, 0x000, 0x000 } }, /* 妹 */
	{ 0xC3C4, { 0x200, 0x250, 0x754, 0x740, 0x57C, 0x524, 0x724, 0x3BC, 0x4A4, 0x4A4, 0x000, 0x000 } }, /* 媚 */
	{ 0xC3C5, { 0x000, 0x200, 0x044, 0x404, 0x404, 0x404, 0x404, 0x404, 0x404, 0x404, 0x408, 0x000 } }, /* 门 */
	{ 0xC3C6, { 0x000, 0x200, 0x004, 0x444, 0x424, 0x594, 0x58C, 0x684, 0x4E4, 0x404, 0x408, 0x000 } }, /* 闷 */
	{ 0xC3C7, { 0x000, 0x000, 0x25C, 0x204, 0x684, 0x684, 0x284, 0x284, 0x284, 0x284, 0x28C, 0x000 } }, /* 们 */
	{ 0xC3C8, { 0x100, 0x7FC, 0x100, 0x72C, 0x424, 0x724, 0x424, 0x744, 0x444, 0x08C, 0x000, 0x000 } }, /* 萌 */
	{ 0xC3C9, { 0x0A0, 0x1B0, 0x7FC, 0x5F4, 0x000, 0x0C8, 0x3F8, 0x160, 0x4AC, 0x660, 0x000, 0x000 } }, /* 蒙 */
	{ 0xC3CA, { 0x200, 0x2FC, 0x278, 0x2BC, 0x200, 0x734, 0x2F8, 0x258, 0x274, 0x290, 0x000, 0x000 } }, /* 檬 */
	{ 0xC3CB, { 0x000, 0x038, 0x4A4, 0x4BC, 0x4A4, 0x4C4, 0x048, 0x040, 0x2A8, 0x2A0, 0x7FC, 0x000 } }, /* 盟 */
	{ 0xC3CC, { 0x000, 0x200, 0x218, 0x410, 0x4FC, 0x220, 0x720, 0x2FC, 0x2B4, 0x3B4, 0x0FC, 0x000 } }, /* 锰 */
	{ 0xC3CD, { 0x000, 0x578, 0x218, 0x630, 0x030, 0x220, 0x320, 0x5B4, 0x0A4, 0x2B4, 0x6FC, 0x000 } }, /* 猛 */
	{ 0xC3CE, { 0x110, 0x7BC, 0x318, 0x7B4, 0x550, 0x090, 0x108, 0x2D0, 0x060, 0x780, 0x000, 0x000 } }, /* 梦 */
	{ 0xC3CF, { 0x000, 0x1F0, 0x030, 0x040, 0x7FC, 0x040, 0x0C0, 0x3F8, 0x0A0, 0x2A8, 0x7FC, 0x000 } }, /* 孟 */
	{ 0xC3D0, { 0x000, 0x7A4, 0x168, 0x720, 0x1FC, 0x730, 0x178, 0x76C, 0x1A4, 0x020, 0x000, 0x000 } }, /* 眯 */
	{ 0xC3D1, { 0x000, 0x008, 0x74C, 0x748, 0x71C, 0x5C8, 0x55C, 0x56C, 0x448, 0x7E0, 0x01C, 0x000 } }, /* 醚 */
	{ 0xC3D2, { 0x000, 0x7FC, 0x490, 0x598, 0x5BC, 0x400, 0x5FC, 0x5F8, 0x470, 0x070, 0x000, 0x000 } }, /* 靡 */
	{ 0xC3D3, { 0x040, 0x7FC, 0x490, 0x598, 0x5F4, 0x480, 0x4A8, 0x5F4, 0x4A8, 0x124, 0x000, 0x000 } }, /* 糜 */
	{ 0xC3D4, { 0x020, 0x0A8, 0x228, 0x020, 0x670, 0x278, 0x2AC, 0x320, 0x320, 0x4FC, 0x000, 0x000 } }, /* 迷 */
	{ 0xC3D5, { 0x000, 0x010, 0x2B4, 0x090, 0x43C, 0x190, 0x0B8, 0x0B4, 0x390, 0x2C0, 0x13C, 0x000 } }, /* 谜 */
	{ 0xC3D6, { 0x000, 0x020, 0x120, 0x17C, 0x744, 0x410, 0x710, 0x154, 0x194, 0x110, 0x620, 0x000 } }, /* 弥 */
	{ 0xC3D7, { 0x000, 0x040, 0x248, 0x150, 0x040, 0x7FC, 0x0E0, 0x150, 0x34C, 0x444, 0x040, 0x000 } }, /* 米 */
	{ 0xC3D8, { 0x100, 0x618, 0x208, 0x728, 0x26C, 0x3B4, 0x6B0, 0x620, 0x264, 0x23C, 0x000, 0x000 } }, /* 秘 */
	{ 0xC3D9, { 0x000, 0x018, 0x380, 0x250, 0x370, 0x208, 0x248, 0x208, 0x0A0, 0x124, 0x63C, 0x000 } }, /* 觅 */
	{ 0xC3DA, { 0x008, 0x228, 0x008, 0x450, 0x254, 0x154, 0x360, 0x460, 0x4C4, 0x43C, 0x000, 0x000 } }, /* 泌 */
	{ 0xC3DB, { 0x040, 0x7FC, 0x410, 0x368, 0x190, 0x440, 0x3F8, 0x268, 0x048, 0x7E4, 0x000, 0x000 } }, /* 蜜 */
	{ 0xC3DC, { 0x040, 0x7FC, 0x444, 0x230, 0x544, 0x1D8, 0x640, 0x240, 0x240, 0x3F8, 0x000, 0x000 } }, /* 密 */
	{ 0xC3DD, { 0x000, 0x404, 0x3F8, 0x3F8, 0x1F8, 0x7FC, 0x350, 0x7FC, 0x248, 0x050, 0x000, 0x000 } }, /* 幂 */
	{ 0xC3DE, { 0x200, 0x278, 0x244, 0x244, 0x378, 0x710, 0x654, 0x214, 0x214, 0x210, 0x000, 0x000 } }, /* 棉 */
	{ 0xC3DF, { 0x078, 0x584, 0x184, 0x7F8, 0x190, 0x7FC, 0x190, 0x780, 0x5E8, 0x0C4, 0x000, 0x000 } }, /* 眠 */
	{ 0xC3E0, { 0x000, 0x210, 0x27C, 0x544, 0x544, 0x27C, 0x210, 0x754, 0x050, 0x754, 0x010, 0x000 } }, /* 绵 */
	{ 0xC3E1, { 0x000, 0x6E8, 0x408, 0x100, 0x3F0, 0x630, 0x248, 0x2E0, 0x1A0, 0x63C, 0x000, 0x000 } }, /* 冕 */
	{ 0xC3E2, { 0x000, 0x080, 0x1F0, 0x220, 0x7F8, 0x248, 0x248, 0x2E0, 0x0A0, 0x124, 0x63C, 0x000 } }, /* 免 */
	{ 0xC3E3, { 0x000, 0x210, 0x790, 0x49C, 0x7D4, 0x554, 0x7D4, 0x184, 0x0A8, 0x280, 0x47C, 0x000 } }, /* 勉 */
	{ 0xC3E4, { 0x000, 0x220, 0x238, 0x648, 0x378, 0x154, 0x57C, 0x730, 0x320, 0x240, 0x48C, 0x000 } }, /* 娩 */
	{ 0xC3E5, { 0x200, 0x230, 0x410, 0x5FC, 0x2AC, 0x2AC, 0x7AC, 0x0AC, 0x7AC, 0x084, 0x000, 0x000 } }, /* 缅 */
	{ 0xC3E6, { 0x000, 0x000, 0x0C0, 0x080, 0x7F8, 0x0A0, 0x0A0, 0x0A0, 0x0A0, 0x3A8, 0x008, 0x000 } }, /* 面 */
	{ 0xC3E7, { 0x000, 0x000, 0x1B0, 0x1B0, 0x000, 0x3F8, 0x240, 0x3F8, 0x240, 0x248, 0x208, 0x000 } }, /* 苗 */
	{ 0xC3E8, { 0x208, 0x268, 0x268, 0x200, 0x27C, 0x694, 0x2FC, 0x294, 0x294, 0x4C4, 0x000, 0x000 } }, /* 描 */
	{ 0xC3E9, { 0x008, 0xF68, 0x948, 0xF00, 0x9FC, 0x994, 0x9FC, 0x994, 0xF94, 0x084, 0x000, 0x000 } }, /* 瞄 */
	{ 0xC3EA, { 0x000, 0x7FC, 0x000, 0x638, 0x544, 0x74C, 0x378, 0x5A8, 0x6A8, 0x14C, 0x000, 0x000 } }, /* 藐 */
	{ 0xC3EB, { 0x000, 0x010, 0x710, 0x014, 0x754, 0x250, 0x394, 0x688, 0x408, 0x030, 0x2C0, 0x000 } }, /* 秒 */
	{ 0xC3EC, { 0x000, 0x7C0, 0x010, 0x5E4, 0x060, 0x1C4, 0x40C, 0x5C8, 0x410, 0x060, 0x000, 0x000 } }, /* 渺 */
	{ 0xC3ED, { 0x040, 0x060, 0x220, 0x020, 0x1F8, 0x120, 0x1F8, 0x520, 0x528, 0x500, 0x000, 0x000 } }, /* 庙 */
	{ 0xC3EE, { 0x000, 0x210, 0x210, 0x710, 0x254, 0x550, 0x554, 0x318, 0x308, 0x430, 0x0C0, 0x000 } }, /* 妙 */
	{ 0xC3EF, { 0x000, 0x7FC, 0x130, 0x0A0, 0x3F8, 0x028, 0x228, 0x538, 0x430, 0x40C, 0x000, 0x000 } }, /* 蔑 */
	{ 0xC3F0, { 0x000, 0x7FC, 0x040, 0x240, 0x248, 0x448, 0x0A0, 0x110, 0x30C, 0x404, 0x000, 0x000 } }, /* 灭 */
	{ 0xC3F1, { 0x000, 0x000, 0x208, 0x008, 0x3F8, 0x040, 0x3FC, 0x020, 0x020, 0x714, 0x40C, 0x000 } }, /* 民 */
	{ 0xC3F2, { 0x27C, 0x204, 0x204, 0x278, 0x210, 0x67C, 0x210, 0x208, 0x26E, 0x404, 0x000, 0x000 } }, /* 抿 */
	{ 0xC3F3, { 0x000, 0x000, 0x3F8, 0x2A8, 0x2A8, 0x2A8, 0x2A8, 0x2A8, 0x2A8, 0x6A8, 0x000, 0x000 } }, /* 皿 */
	{ 0xC3F4, { 0x000, 0x210, 0x3D0, 0x43C, 0x3A0, 0x520, 0x7C8, 0x598, 0x598, 0x098, 0x164, 0x000 } }, /* 敏 */
	{ 0xC3F5, { 0x040, 0x204, 0x290, 0x7BC, 0x690, 0x2B0, 0x290, 0x2A8, 0x280, 0x284, 0x000, 0x000 } }, /* 悯 */
	{ 0xC3F6, { 0x000, 0x204, 0x444, 0x5F4, 0x554, 0x5F4, 0x554, 0x454, 0x404, 0x40C, 0x000, 0x000 } }, /* 闽 */
	{ 0xC3F7, { 0x038, 0x724, 0x424, 0x73C, 0x424, 0x43C, 0x724, 0x444, 0x044, 0x08C, 0x000, 0x000 } }, /* 明 */
	{ 0xC3F8, { 0x000, 0x27C, 0x202, 0x73C, 0x204, 0x224, 0x73C, 0x210, 0x2EC, 0x7AC, 0x044, 0x000 } }, /* 螟 */
	{ 0xC3F9, { 0x000, 0x020, 0x07C, 0x544, 0x554, 0x548, 0x57C, 0x704, 0x5F4, 0x004, 0x00C, 0x000 } }, /* 鸣 */
	{ 0xC3FA, { 0x000, 0x220, 0x23C, 0x448, 0x728, 0x210, 0x730, 0x264, 0x224, 0x33C, 0x224, 0x000 } }, /* 铭 */
	{ 0xC3FB, { 0x000, 0x080, 0x1F8, 0x210, 0x4B0, 0x060, 0x0C0, 0x708, 0x100, 0x1F8, 0x108, 0x000 } }, /* 名 */
	{ 0xC3FC, { 0x000, 0x040, 0x0A0, 0x110, 0x6FC, 0x000, 0x2A8, 0x2A0, 0x3A8, 0x020, 0x020, 0x000 } }, /* 命 */
	{ 0xC3FD, { 0x0DC, 0x234, 0x0EC, 0x494, 0x230, 0x2AC, 0x250, 0x320, 0x210, 0x0E0, 0x000, 0x000 } }, /* 谬 */
	{ 0xC3FE, { 0x200, 0x2FC, 0x228, 0x244, 0x27C, 0x67C, 0x230, 0x230, 0x268, 0x484, 0x000, 0x000 } }, /* 摸 */
	{ 0xC4A1, { 0x0A0, 0x0B0, 0x3F8, 0x3F8, 0x3F8, 0x7FC, 0x348, 0x5F4, 0x7F8, 0x0C0, 0x000, 0x000 } }, /* 摹 */
	{ 0xC4A2, { 0x110, 0x1D0, 0x3FC, 0x488, 0x59C, 0x4A4, 0x5FC, 0x4C0, 0x580, 0x0F8, 0x000, 0x000 } }, /* 蘑 */
	{ 0xC4A3, { 0x228, 0x2FC, 0x708, 0x244, 0x27C, 0x77C, 0x210, 0x27C, 0x228, 0x284, 0x000, 0x000 } }, /* 模 */
	{ 0xC4A4, { 0x028, 0x57C, 0x528, 0x744, 0x57C, 0x544, 0x510, 0x57C, 0x528, 0x344, 0x000, 0x000 } }, /* 膜 */
	{ 0xC4A5, { 0x000, 0x040, 0x2D8, 0x0D8, 0x0D8, 0x1BC, 0x400, 0x5FC, 0x4F8, 0x580, 0x0F8, 0x000 } }, /* 磨 */
	{ 0xC4A6, { 0x000, 0x040, 0x298, 0x1DC, 0x198, 0x3A4, 0x0B8, 0x420, 0x420, 0x5FC, 0x060, 0x000 } }, /* 摩 */
	{ 0xC4A7, { 0x000, 0x298, 0x1D8, 0x1D8, 0x040, 0x1F8, 0x568, 0x478, 0x4B4, 0x11C, 0x000, 0x000 } }, /* 魔 */
	{ 0xC4A8, { 0x210, 0x210, 0x27C, 0x210, 0x27C, 0x630, 0x238, 0x258, 0x294, 0x610, 0x000, 0x000 } }, /* 抹 */
	{ 0xC4A9, { 0x040, 0x040, 0x7FC, 0x040, 0x3F8, 0x0E0, 0x150, 0x358, 0x444, 0x040, 0x000, 0x000 } }, /* 末 */
	{ 0xC4AA, { 0x000, 0x000, 0x7FC, 0x0A0, 0x208, 0x3F8, 0x208, 0x040, 0x7FC, 0x1A0, 0x60C, 0x000 } }, /* 莫 */
	{ 0xC4AB, { 0x000, 0x3F8, 0x350, 0x3F8, 0x040, 0x040, 0x6AC, 0x4A4, 0x040, 0x040, 0x7FC, 0x000 } }, /* 墨 */
	{ 0xC4AC, { 0x000, 0x598, 0x794, 0x7FC, 0x110, 0x310, 0x798, 0x028, 0x264, 0x040, 0x000, 0x000 } }, /* 默 */
	{ 0xC4AD, { 0x000, 0x220, 0x0FC, 0x420, 0x278, 0x030, 0x270, 0x2E8, 0x5A4, 0x020, 0x000, 0x000 } }, /* 沫 */
	{ 0xC4AE, { 0x000, 0x040, 0x2FC, 0x040, 0x484, 0x0FC, 0x0FC, 0x220, 0x4FC, 0x458, 0x184, 0x000 } }, /* 漠 */
	{ 0xC4AF, { 0x040, 0x7FC, 0x7BC, 0x0A0, 0x208, 0x3F8, 0x3F8, 0x7FC, 0x0A0, 0x60C, 0x000, 0x000 } }, /* 寞 */
	{ 0xC4B0, { 0x000, 0x700, 0x57C, 0x510, 0x67C, 0x544, 0x544, 0x544, 0x644, 0x47C, 0x444, 0x000 } }, /* 陌 */
	{ 0xC4B1, { 0x000, 0x2FC, 0x048, 0x478, 0x278, 0x200, 0x2FC, 0x278, 0x284, 0x000, 0x000, 0x000 } }, /* 谋 */
	{ 0xC4B2, { 0x000, 0x080, 0x110, 0x318, 0x044, 0x240, 0x3F8, 0x440, 0x7FC, 0x040, 0x040, 0x000 } }, /* 牟 */
	{ 0xC4B3, { 0x110, 0x7FC, 0x110, 0x110, 0x1F0, 0x040, 0x7FC, 0x150, 0x248, 0x444, 0x000, 0x000 } }, /* 某 */
	{ 0xC4B4, { 0x27C, 0x244, 0x754, 0x244, 0x2FC, 0x604, 0x214, 0x2CC, 0x204, 0x408, 0x000, 0x000 } }, /* 拇 */
	{ 0xC4B5, { 0x110, 0x110, 0x510, 0x7FC, 0x110, 0x110, 0x310, 0x510, 0x110, 0x100, 0x000, 0x000 } }, /* 牡 */
	{ 0xC4B6, { 0x040, 0x040, 0x000, 0x000, 0x248, 0x248, 0x3F8, 0x248, 0x3F8, 0x208, 0x000, 0x000 } }, /* 亩 */
	{ 0xC4B7, { 0x000, 0x200, 0x244, 0x254, 0x544, 0x5FC, 0x544, 0x754, 0x34C, 0x404, 0x408, 0x000 } }, /* 姆 */
	{ 0xC4B8, { 0x000, 0x208, 0x248, 0x208, 0x7FC, 0x208, 0x248, 0x3FC, 0x008, 0x030, 0x000, 0x000 } }, /* 母 */
	{ 0xC4B9, { 0x000, 0x0A0, 0x0A0, 0x3F8, 0x3F8, 0x3F8, 0x7FC, 0x150, 0x5F4, 0x040, 0x7F8, 0x000 } }, /* 墓 */
	{ 0xC4BA, { 0x000, 0x190, 0x190, 0x3F8, 0x3F8, 0x3F8, 0x7FC, 0x110, 0x71C, 0x110, 0x1F0, 0x000 } }, /* 暮 */
	{ 0xC4BB, { 0x000, 0x7F8, 0x3F8, 0x3F8, 0x3F8, 0x7FC, 0x110, 0x7FC, 0x048, 0x050, 0x000, 0x000 } }, /* 幕 */
	{ 0xC4BC, { 0x1A0, 0x1B0, 0x3F8, 0x3F8, 0x1F0, 0x7FC, 0x358, 0x5F4, 0x090, 0x330, 0x000, 0x000 } }, /* 募 */
	{ 0xC4BD, { 0x000, 0x1A0, 0x0A0, 0x3F8, 0x3F8, 0x1F0, 0x7FC, 0x110, 0x64C, 0x268, 0x080, 0x000 } }, /* 慕 */
	{ 0xC4BE, { 0x000, 0x040, 0x040, 0x7FC, 0x0E0, 0x0E0, 0x150, 0x258, 0x64C, 0x440, 0x040, 0x000 } }, /* 木 */
	{ 0xC4BF, { 0x000, 0x000, 0x208, 0x208, 0x3F8, 0x208, 0x208, 0x208, 0x208, 0x3F8, 0x208, 0x000 } }, /* 目 */
	{ 0xC4C0, { 0x000, 0x010, 0x77C, 0x110, 0x77C, 0x500, 0x544, 0x510, 0x178, 0x710, 0x0FC, 0x000 } }, /* 睦 */
	{ 0xC4C1, { 0x100, 0x520, 0x53C, 0x520, 0x168, 0x1A8, 0x718, 0x110, 0x128, 0x144, 0x000, 0x000 } }, /* 牧 */
	{ 0xC4C2, { 0x000, 0x010, 0x644, 0x27C, 0x77C, 0x214, 0x348, 0x630, 0x218, 0x24C, 0x260, 0x000 } }, /* 穆 */
	{ 0xC4C3, { 0x000, 0x040, 0x130, 0x7FC, 0x1F0, 0x318, 0x078, 0x240, 0x3F8, 0x7FC, 0x0C0, 0x000 } }, /* 拿 */
	{ 0xC4C4, { 0x0EC, 0x624, 0x424, 0x5E4, 0x424, 0x5E4, 0x6A2, 0x4A4, 0x0A0, 0x160, 0x000, 0x000 } }, /* 哪 */
	{ 0xC4C5, { 0x010, 0x710, 0x57C, 0x510, 0x510, 0x53C, 0x764, 0x500, 0x004, 0x004, 0x000, 0x000 } }, /* 呐 */
	{ 0xC4C6, { 0x000, 0x210, 0x210, 0x47C, 0x454, 0x254, 0x27C, 0x264, 0x244, 0x344, 0x004, 0x000 } }, /* 钠 */
	{ 0xC4C7, { 0x79C, 0x264, 0x2E4, 0x3E8, 0x268, 0x7E4, 0x264, 0x264, 0x460, 0x4A0, 0x000, 0x000 } }, /* 那 */
	{ 0xC4C8, { 0x200, 0x2EC, 0x624, 0x5E4, 0x524, 0x4E4, 0x6A2, 0x2A4, 0x4A0, 0x120, 0x000, 0x000 } }, /* 娜 */
	{ 0xC4C9, { 0x010, 0x210, 0x47C, 0x554, 0x254, 0x25C, 0x764, 0x044, 0x744, 0x044, 0x000, 0x000 } }, /* 纳 */
	{ 0xC4CA, { 0x000, 0x100, 0x3F8, 0x7F0, 0x000, 0x3F8, 0x3C8, 0x148, 0x128, 0x228, 0x464, 0x000 } }, /* 氖 */
	{ 0xC4CB, { 0x000, 0x190, 0x090, 0x010, 0x11C, 0x104, 0x104, 0x204, 0x608, 0x418, 0x000, 0x000 } }, /* 乃 */
	{ 0xC4CC, { 0x000, 0x200, 0x228, 0x228, 0x228, 0x02C, 0x524, 0x304, 0x344, 0x2C4, 0x48C, 0x000 } }, /* 奶 */
	{ 0xC4CD, { 0x000, 0x7C0, 0x10C, 0x7CC, 0x4C0, 0x4D0, 0x4D0, 0x4C0, 0x440, 0x408, 0x000, 0x000 } }, /* 耐 */
	{ 0xC4CE, { 0x000, 0x040, 0x3F8, 0x0A0, 0x110, 0x6E4, 0x000, 0x3F8, 0x040, 0x24C, 0x4C0, 0x000 } }, /* 奈 */
	{ 0xC4CF, { 0x000, 0x040, 0x7FC, 0x040, 0x7FC, 0x424, 0x4A4, 0x444, 0x5F4, 0x444, 0x44C, 0x000 } }, /* 南 */
	{ 0xC4D0, { 0x3F8, 0x248, 0x3F8, 0x240, 0x3F8, 0x040, 0x7FC, 0x084, 0x184, 0x618, 0x000, 0x000 } }, /* 男 */
	{ 0xC4D1, { 0x010, 0x740, 0x17C, 0x1D0, 0x5FC, 0x250, 0x37C, 0x550, 0x458, 0x040, 0x000, 0x000 } }, /* 难 */
	{ 0xC4D2, { 0x040, 0x3F8, 0x248, 0x444, 0x3B8, 0x1B8, 0x3F8, 0x3F8, 0x138, 0x58C, 0x000, 0x000 } }, /* 囊 */
	{ 0xC4D3, { 0x200, 0x278, 0x228, 0x230, 0x24C, 0x600, 0x278, 0x200, 0x240, 0x68C, 0x000, 0x000 } }, /* 挠 */
	{ 0xC4D4, { 0x000, 0x310, 0x510, 0x508, 0x728, 0x534, 0x514, 0x534, 0x56C, 0x504, 0x07C, 0x000 } }, /* 脑 */
	{ 0xC4D5, { 0x000, 0x200, 0x210, 0x208, 0x628, 0x234, 0x214, 0x23C, 0x26C, 0x244, 0x204, 0x000 } }, /* 恼 */
	{ 0xC4D6, { 0x000, 0x200, 0x004, 0x444, 0x5F4, 0x444, 0x554, 0x554, 0x554, 0x444, 0x40C, 0x000 } }, /* 闹 */
	{ 0xC4D7, { 0x020, 0x23C, 0x020, 0x484, 0x2FC, 0x084, 0x230, 0x5FC, 0x400, 0x000, 0x000, 0x000 } }, /* 淖 */
	{ 0xC4D8, { 0x000, 0x744, 0x504, 0x578, 0x500, 0x52C, 0x5B0, 0x4A0, 0x0A4, 0x118, 0x000, 0x000 } }, /* 呢 */
	{ 0xC4D9, { 0x20C, 0x040, 0x714, 0x554, 0x000, 0x2FC, 0x208, 0x230, 0x318, 0x2C4, 0x000, 0x000 } }, /* 馁 */
	{ 0xC4DA, { 0x000, 0x040, 0x040, 0x7FC, 0x444, 0x444, 0x4B4, 0x514, 0x404, 0x404, 0x408, 0x000 } }, /* 内 */
	{ 0xC4DB, { 0x048, 0x048, 0x64C, 0x5F4, 0x574, 0x6EC, 0x6CC, 0x3E8, 0x54C, 0x050, 0x000, 0x000 } }, /* 嫩 */
	{ 0xC4DC, { 0x020, 0x22C, 0x4A0, 0x424, 0x780, 0x4A0, 0x6B8, 0x7A0, 0x4A4, 0x49C, 0x000, 0x000 } }, /* 能 */
	{ 0xC4DD, { 0x200, 0x244, 0x644, 0x37C, 0x550, 0x554, 0x758, 0x350, 0x290, 0x48C, 0x000, 0x000 } }, /* 妮 */
	{ 0xC4DE, { 0x3F8, 0x040, 0x444, 0x050, 0x080, 0x208, 0x208, 0x3F8, 0x1A0, 0x61C, 0x000, 0x000 } }, /* 霓 */
	{ 0xC4DF, { 0x000, 0x200, 0x28C, 0x284, 0x6CC, 0x684, 0x2FC, 0x250, 0x250, 0x250, 0x28C, 0x000 } }, /* 倪 */
	{ 0xC4E0, { 0x000, 0x244, 0x004, 0x47C, 0x200, 0x0A4, 0x2B8, 0x2A0, 0x4A2, 0x11C, 0x000, 0x000 } }, /* 泥 */
	{ 0xC4E1, { 0x000, 0x1F8, 0x208, 0x200, 0x3F8, 0x200, 0x28C, 0x270, 0x240, 0x444, 0x47C, 0x000 } }, /* 尼 */
	{ 0xC4E2, { 0x200, 0x220, 0x710, 0x200, 0x300, 0x608, 0x268, 0x2CC, 0x214, 0x460, 0x000, 0x000 } }, /* 拟 */
	{ 0xC4E3, { 0x000, 0x040, 0x240, 0x2FC, 0x684, 0x220, 0x268, 0x2A4, 0x2A4, 0x220, 0x260, 0x000 } }, /* 你 */
	{ 0xC4E4, { 0x000, 0x3FC, 0x400, 0x5F8, 0x490, 0x5F8, 0x4C0, 0x5F8, 0x488, 0x400, 0x7FC, 0x000 } }, /* 匿 */
	{ 0xC4E5, { 0x008, 0x708, 0x57C, 0x768, 0x568, 0x568, 0x798, 0x5D8, 0x546, 0x394, 0x000, 0x000 } }, /* 腻 */
	{ 0xC4E6, { 0x000, 0x008, 0x040, 0x0FC, 0x020, 0x6A4, 0x2A4, 0x224, 0x260, 0x2C0, 0x4FC, 0x000 } }, /* 逆 */
	{ 0xC4E7, { 0x000, 0x244, 0x0CC, 0x490, 0x0DC, 0x044, 0x2CC, 0x4DC, 0x444, 0x04C, 0x000, 0x000 } }, /* 溺 */
	{ 0xC4E8, { 0x090, 0x190, 0x3F8, 0x078, 0x7FC, 0x200, 0x200, 0x3FC, 0x554, 0x40C, 0x000, 0x000 } }, /* 蔫 */
	{ 0xC4E9, { 0x200, 0x200, 0x79C, 0x200, 0x300, 0x77C, 0x244, 0x244, 0x27C, 0x644, 0x000, 0x000 } }, /* 拈 */
	{ 0xC4EA, { 0x000, 0x100, 0x100, 0x220, 0x420, 0x3F8, 0x220, 0x360, 0x060, 0x020, 0x020, 0x000 } }, /* 年 */
	{ 0xC4EB, { 0x07C, 0x744, 0x27C, 0x768, 0x57C, 0x578, 0x57C, 0x7AC, 0x0A8, 0x024, 0x000, 0x000 } }, /* 碾 */
	{ 0xC4EC, { 0x248, 0x2EC, 0x6FC, 0x26C, 0x200, 0x6FC, 0x250, 0x230, 0x2FC, 0x410, 0x000, 0x000 } }, /* 撵 */
	{ 0xC4ED, { 0x000, 0x220, 0x230, 0x748, 0x284, 0x278, 0x608, 0x220, 0x284, 0x280, 0x638, 0x000 } }, /* 捻 */
	{ 0xC4EE, { 0x000, 0x040, 0x0A0, 0x150, 0x60C, 0x1F0, 0x020, 0x240, 0x104, 0x514, 0x0F0, 0x000 } }, /* 念 */
	{ 0xC4EF, { 0x000, 0x010, 0x210, 0x244, 0x77C, 0x144, 0x57C, 0x750, 0x348, 0x668, 0x444, 0x000 } }, /* 娘 */
	{ 0xC4F0, { 0x000, 0x010, 0x33C, 0x324, 0x7BC, 0x7A4, 0x7B8, 0x4A4, 0x7A8, 0x4B0, 0x4A4, 0x000 } }, /* 酿 */
	{ 0xC4F1, { 0x000, 0x040, 0x3F8, 0x208, 0x248, 0x218, 0x200, 0x004, 0x404, 0x004, 0x00C, 0x000 } }, /* 鸟 */
	{ 0xC4F2, { 0x3F8, 0x004, 0x3FC, 0x020, 0x024, 0x0A8, 0x4B0, 0x528, 0x524, 0x060, 0x000, 0x000 } }, /* 尿 */
	{ 0xC4F3, { 0x200, 0x244, 0x744, 0x244, 0x27C, 0x600, 0x230, 0x230, 0x210, 0x6FC, 0x000, 0x000 } }, /* 捏 */
	{ 0xC4F4, { 0x000, 0x110, 0x110, 0x1F0, 0x7FC, 0x000, 0x7B8, 0x3A8, 0x190, 0x66C, 0x000, 0x000 } }, /* 聂 */
	{ 0xC4F5, { 0x000, 0x1B0, 0x210, 0x7BC, 0x7A8, 0x710, 0x498, 0x190, 0x030, 0x7FC, 0x040, 0x000 } }, /* 孽 */
	{ 0xC4F6, { 0x000, 0x010, 0x65C, 0x550, 0x5D0, 0x500, 0x594, 0x7B4, 0x4E4, 0x084, 0x064, 0x000 } }, /* 啮 */
	{ 0xC4F7, { 0x000, 0x200, 0x648, 0x448, 0x678, 0x07C, 0x600, 0x034, 0x04C, 0x268, 0x090, 0x000 } }, /* 镊 */
	{ 0xC4F8, { 0x220, 0x678, 0x478, 0x448, 0x244, 0x730, 0x27C, 0x238, 0x354, 0x090, 0x000, 0x000 } }, /* 镍 */
	{ 0xC4F9, { 0x000, 0x400, 0x28C, 0x08C, 0x484, 0x2FC, 0x020, 0x230, 0x220, 0x420, 0x5FC, 0x000 } }, /* 涅 */
	{ 0xC4FA, { 0x140, 0x240, 0x684, 0x200, 0x284, 0x2A0, 0x000, 0x144, 0x504, 0x1F0, 0x000, 0x000 } }, /* 您 */
	{ 0xC4FB, { 0x210, 0x210, 0x77C, 0x244, 0x200, 0x77C, 0x610, 0x210, 0x210, 0x230, 0x000, 0x000 } }, /* 柠 */
	{ 0xC4FC, { 0x000, 0x010, 0x710, 0x27C, 0x440, 0x100, 0x37C, 0x510, 0x110, 0x210, 0x630, 0x000 } }, /* 狞 */
	{ 0xC4FD, { 0x000, 0x100, 0x584, 0x158, 0x108, 0x1CC, 0x088, 0x5CC, 0x4A8, 0x138, 0x20C, 0x000 } }, /* 凝 */
	{ 0xC4FE, { 0x000, 0x040, 0x060, 0x404, 0x000, 0x7FC, 0x040, 0x040, 0x040, 0x040, 0x0C0, 0x000 } }, /* 宁 */
	{ 0xC5A1, { 0x000, 0x200, 0x210, 0x244, 0x200, 0x200, 0x310, 0x210, 0x210, 0x210, 0x630, 0x000 } }, /* 拧 */
	{ 0xC5A2, { 0x000, 0x020, 0x200, 0x0FC, 0x084, 0x400, 0x0FC, 0x210, 0x210, 0x410, 0x420, 0x000 } }, /* 泞 */
	{ 0xC5A3, { 0x000, 0x100, 0x3F8, 0x240, 0x000, 0x060, 0x060, 0x040, 0x040, 0x040, 0x000, 0x000 } }, /* 牛 */
	{ 0xC5A4, { 0x200, 0x224, 0x724, 0x224, 0x26C, 0x324, 0x220, 0x200, 0x26C, 0x600, 0x000, 0x000 } }, /* 扭 */
	{ 0xC5A5, { 0x000, 0x200, 0x27C, 0x424, 0x424, 0x224, 0x22C, 0x224, 0x220, 0x320, 0x27C, 0x000 } }, /* 钮 */
	{ 0xC5A6, { 0x000, 0x200, 0x27C, 0x424, 0x724, 0x224, 0x224, 0x724, 0x024, 0x324, 0x0FC, 0x000 } }, /* 纽 */
	{ 0xC5A7, { 0x010, 0x710, 0x574, 0x700, 0x530, 0x55C, 0x588, 0x508, 0x534, 0x120, 0x000, 0x000 } }, /* 脓 */
	{ 0xC5A8, { 0x000, 0x020, 0x230, 0x124, 0x420, 0x060, 0x0D8, 0x2D0, 0x548, 0x464, 0x040, 0x000 } }, /* 浓 */
	{ 0xC5A9, { 0x040, 0x040, 0x3FC, 0x0C0, 0x0C0, 0x138, 0x730, 0x110, 0x1CC, 0x100, 0x000, 0x000 } }, /* 农 */
	{ 0xC5AA, { 0x000, 0x040, 0x3F8, 0x040, 0x7FC, 0x010, 0x7FC, 0x110, 0x110, 0x610, 0x000, 0x000 } }, /* 弄 */
	{ 0xC5AB, { 0x000, 0x27C, 0x784, 0x2A4, 0x4A8, 0x4A8, 0x718, 0x310, 0x2A8, 0x4C4, 0x000, 0x000 } }, /* 奴 */
	{ 0xC5AC, { 0x100, 0x7BC, 0x288, 0x398, 0x198, 0x440, 0x3F8, 0x088, 0x108, 0x618, 0x000, 0x000 } }, /* 努 */
	{ 0xC5AD, { 0x000, 0x000, 0x7AC, 0x2A8, 0x298, 0x198, 0x624, 0x040, 0x52C, 0x504, 0x0F0, 0x000 } }, /* 怒 */
	{ 0xC5AE, { 0x080, 0x080, 0x080, 0x7FC, 0x110, 0x110, 0x1A0, 0x060, 0x0D8, 0x304, 0x000, 0x000 } }, /* 女 */
	{ 0xC5AF, { 0x000, 0x03C, 0x704, 0x550, 0x57C, 0x720, 0x520, 0x53C, 0x768, 0x098, 0x064, 0x000 } }, /* 暖 */
	{ 0xC5B0, { 0x040, 0x040, 0x3FC, 0x078, 0x140, 0x078, 0x4F8, 0x480, 0x480, 0x4F8, 0x000, 0x000 } }, /* 虐 */
	{ 0xC5B1, { 0x000, 0x020, 0x1FC, 0x200, 0x67C, 0x200, 0x200, 0x7FC, 0x200, 0x200, 0x47C, 0x000 } }, /* 疟 */
	{ 0xC5B2, { 0x2EC, 0x2B4, 0x6B4, 0x2F4, 0x2B4, 0x6F4, 0x2B0, 0x2B4, 0x230, 0x550, 0x000, 0x000 } }, /* 挪 */
	{ 0xC5B3, { 0x27C, 0x210, 0x2B4, 0x748, 0x248, 0x2FC, 0x27C, 0x2A4, 0x2A0, 0x284, 0x000, 0x000 } }, /* 懦 */
	{ 0xC5B4, { 0x27C, 0x310, 0x794, 0x210, 0x200, 0x3FC, 0x730, 0x628, 0x228, 0x204, 0x000, 0x000 } }, /* 糯 */
	{ 0xC5B5, { 0x440, 0x2F8, 0x048, 0x420, 0x5FC, 0x440, 0x47C, 0x7C4, 0x64C, 0x044, 0x000, 0x000 } }, /* 诺 */
	{ 0xC5B6, { 0x010, 0x6D4, 0x450, 0x5FC, 0x450, 0x474, 0x7C8, 0x448, 0x458, 0x0E4, 0x000, 0x000 } }, /* 哦 */
	{ 0xC5B7, { 0x000, 0x020, 0x7A0, 0x43C, 0x684, 0x510, 0x510, 0x690, 0x628, 0x7A4, 0x044, 0x000 } }, /* 欧 */
	{ 0xC5B8, { 0x000, 0x010, 0x7BC, 0x424, 0x6A4, 0x52C, 0x520, 0x680, 0x638, 0x400, 0x00C, 0x000 } }, /* 鸥 */
	{ 0xC5B9, { 0x038, 0x428, 0x4A8, 0x6C4, 0x500, 0x524, 0x6A8, 0x418, 0x798, 0x064, 0x000, 0x000 } }, /* 殴 */
	{ 0xC5BA, { 0x000, 0x110, 0x5B0, 0x030, 0x750, 0x358, 0x278, 0x77C, 0x354, 0x67C, 0x244, 0x000 } }, /* 藕 */
	{ 0xC5BB, { 0x000, 0x000, 0x740, 0x500, 0x528, 0x518, 0x518, 0x518, 0x524, 0x400, 0x07C, 0x000 } }, /* 呕 */
	{ 0xC5BC, { 0x200, 0x2A4, 0x2FC, 0x6A4, 0x678, 0x2FC, 0x224, 0x23C, 0x204, 0x204, 0x000, 0x000 } }, /* 偶 */
	{ 0xC5BD, { 0x000, 0x280, 0x088, 0x4A8, 0x690, 0x090, 0x2B8, 0x2A8, 0x480, 0x4FC, 0x000, 0x000 } }, /* 沤 */
	{ 0xC5BE, { 0x000, 0x600, 0xAFC, 0x254, 0x254, 0x2FC, 0x794, 0x214, 0x01C, 0x094, 0x000, 0x000 } }, /* 啪 */
	{ 0xC5BF, { 0x300, 0x4A8, 0x4A8, 0x7A8, 0x028, 0x588, 0x448, 0x544, 0x784, 0x080, 0x000, 0x000 } }, /* 趴 */
	{ 0xC5C0, { 0x000, 0x0C0, 0x7BC, 0x5A4, 0x5A4, 0x5BC, 0x5A0, 0x560, 0x57C, 0x520, 0x01C, 0x000 } }, /* 爬 */
	{ 0xC5C1, { 0x000, 0x210, 0x210, 0x7E4, 0x284, 0x284, 0x2BC, 0x284, 0x384, 0x27C, 0x200, 0x000 } }, /* 帕 */
	{ 0xC5C2, { 0x000, 0x210, 0x210, 0x27C, 0x6C4, 0x644, 0x27C, 0x244, 0x244, 0x27C, 0x244, 0x000 } }, /* 怕 */
	{ 0xC5C3, { 0x000, 0x000, 0x110, 0x3B8, 0x110, 0x000, 0x3F8, 0x248, 0x208, 0x204, 0x3FC, 0x000 } }, /* 琶 */
	{ 0xC5C4, { 0x000, 0x210, 0x230, 0x37C, 0x244, 0x244, 0x37C, 0x244, 0x244, 0x27C, 0x244, 0x000 } }, /* 拍 */
	{ 0xC5C5, { 0x228, 0x228, 0x7EC, 0x228, 0x26C, 0x328, 0x228, 0x2EC, 0x228, 0x628, 0x000, 0x000 } }, /* 排 */
	{ 0xC5C6, { 0x000, 0x110, 0x57C, 0x554, 0x7FC, 0x454, 0x77C, 0x528, 0x57C, 0x508, 0x108, 0x000 } }, /* 牌 */
	{ 0xC5C7, { 0x050, 0x250, 0x4DC, 0x150, 0x2DC, 0x650, 0x250, 0x2DC, 0x250, 0x250, 0x000, 0x000 } }, /* 徘 */
	{ 0xC5C8, { 0x05C, 0x788, 0x098, 0x1C8, 0x488, 0x088, 0x5C8, 0x488, 0x488, 0x108, 0x000, 0x000 } }, /* 湃 */
	{ 0xC5C9, { 0x40C, 0x280, 0x08C, 0x490, 0x094, 0x098, 0x280, 0x008, 0x50C, 0x564, 0x000, 0x000 } }, /* 派 */
	{ 0xC5CA, { 0x208, 0x77C, 0x318, 0x6E8, 0x2C0, 0x1B0, 0x6CC, 0x1F0, 0x3F8, 0x040, 0x000, 0x000 } }, /* 攀 */
	{ 0xC5CB, { 0x018, 0x2A0, 0x0A8, 0x4FC, 0x068, 0x0AC, 0x3AC, 0x4F8, 0x4A0, 0x4F8, 0x000, 0x000 } }, /* 潘 */
	{ 0xC5CC, { 0x000, 0x080, 0x1F8, 0x048, 0x7FC, 0x208, 0x258, 0x210, 0x2A8, 0x2A8, 0x7FC, 0x000 } }, /* 盘 */
	{ 0xC5CD, { 0x000, 0x100, 0x3A8, 0x0A4, 0x7BC, 0x598, 0x4B4, 0x7FC, 0x1F8, 0x708, 0x1F8, 0x000 } }, /* 磐 */
	{ 0xC5CE, { 0x000, 0x008, 0x508, 0x148, 0x744, 0x1F8, 0x728, 0x128, 0x708, 0x448, 0x090, 0x000 } }, /* 盼 */
	{ 0xC5CF, { 0x000, 0x010, 0x7D4, 0x2B4, 0x290, 0x7BC, 0x290, 0x2FC, 0x790, 0x010, 0x010, 0x000 } }, /* 畔 */
	{ 0xC5D0, { 0x104, 0x544, 0x514, 0x794, 0x114, 0x114, 0x114, 0x004, 0x204, 0x40C, 0x000, 0x000 } }, /* 判 */
	{ 0xC5D1, { 0x104, 0x530, 0x5A0, 0x13C, 0x134, 0x134, 0x310, 0x248, 0x258, 0x4A4, 0x000, 0x000 } }, /* 叛 */
	{ 0xC5D2, { 0x000, 0x1C0, 0x000, 0x1F8, 0x100, 0x000, 0x7FC, 0x000, 0x018, 0x004, 0x000, 0x000 } }, /* 乓 */
	{ 0xC5D3, { 0x000, 0x040, 0x3FC, 0x440, 0x448, 0x5FC, 0x400, 0x498, 0x490, 0x560, 0x21C, 0x000 } }, /* 庞 */
	{ 0xC5D4, { 0x000, 0x040, 0x7FC, 0x110, 0x7FC, 0x440, 0x7FC, 0x080, 0x1F8, 0x308, 0x430, 0x000 } }, /* 旁 */
	{ 0xC5D5, { 0x210, 0x27C, 0x228, 0x77C, 0x210, 0x77C, 0x320, 0x62C, 0x240, 0x288, 0x000, 0x000 } }, /* 耪 */
	{ 0xC5D6, { 0x000, 0x010, 0x554, 0x554, 0x710, 0x57C, 0x710, 0x57C, 0x510, 0x510, 0x110, 0x000 } }, /* 胖 */
	{ 0xC5D7, { 0x200, 0x280, 0x69C, 0x2E4, 0x284, 0x694, 0x2B4, 0x2A4, 0x320, 0x53C, 0x000, 0x000 } }, /* 抛 */
	{ 0xC5D8, { 0x000, 0x020, 0x660, 0x544, 0x5F4, 0x554, 0x554, 0x774, 0x540, 0x440, 0x03C, 0x000 } }, /* 咆 */
	{ 0xC5D9, { 0x000, 0x204, 0x204, 0x414, 0x714, 0x014, 0x014, 0x354, 0x004, 0x024, 0x3CC, 0x000 } }, /* 刨 */
	{ 0xC5DA, { 0x000, 0x220, 0x260, 0x344, 0x6C4, 0x254, 0x254, 0x274, 0x340, 0x440, 0x43C, 0x000 } }, /* 炮 */
	{ 0xC5DB, { 0x000, 0x220, 0x060, 0x744, 0x1C4, 0x254, 0x754, 0x2F4, 0x240, 0x240, 0x23C, 0x000 } }, /* 袍 */
	{ 0xC5DC, { 0x000, 0x020, 0x520, 0x444, 0x5C4, 0x214, 0x504, 0x434, 0x400, 0x780, 0x43C, 0x000 } }, /* 跑 */
	{ 0xC5DD, { 0x000, 0x040, 0x240, 0x084, 0x484, 0x094, 0x014, 0x27C, 0x200, 0x400, 0x47C, 0x000 } }, /* 泡 */
	{ 0xC5DE, { 0x000, 0x000, 0x77C, 0x510, 0x530, 0x538, 0x554, 0x710, 0x510, 0x400, 0x0FC, 0x000 } }, /* 呸 */
	{ 0xC5DF, { 0x000, 0x57C, 0x410, 0x710, 0x438, 0x554, 0x550, 0x410, 0x410, 0x100, 0x000, 0x000 } }, /* 胚 */
	{ 0xC5E0, { 0x000, 0x010, 0x210, 0x208, 0x748, 0x2FC, 0x200, 0x27C, 0x344, 0x47C, 0x044, 0x000 } }, /* 培 */
	{ 0xC5E1, { 0x0A0, 0x7BC, 0x7BC, 0x0A0, 0x0E0, 0x040, 0x0C0, 0x130, 0x510, 0x184, 0x000, 0x000 } }, /* 裴 */
	{ 0xC5E2, { 0x000, 0x010, 0x7BC, 0x484, 0x6A8, 0x6FC, 0x680, 0x6BC, 0x204, 0x53C, 0x424, 0x000 } }, /* 赔 */
	{ 0xC5E3, { 0x000, 0x010, 0x57C, 0x500, 0x428, 0x57C, 0x500, 0x47C, 0x544, 0x47C, 0x444, 0x000 } }, /* 陪 */
	{ 0xC5E4, { 0x000, 0x7BC, 0x304, 0x784, 0x744, 0x77C, 0x6E0, 0x460, 0x4E0, 0x7E0, 0x45C, 0x000 } }, /* 配 */
	{ 0xC5E5, { 0x000, 0x2F8, 0x200, 0x470, 0x420, 0x4F0, 0x0B0, 0x130, 0x134, 0x124, 0x000, 0x000 } }, /* 佩 */
	{ 0xC5E6, { 0x000, 0x220, 0x0FC, 0x420, 0x0FC, 0x084, 0x284, 0x284, 0x480, 0x020, 0x000, 0x000 } }, /* 沛 */
	{ 0xC5E7, { 0x010, 0x67C, 0x548, 0x5FC, 0x500, 0x57C, 0x714, 0x424, 0x028, 0x0C4, 0x000, 0x000 } }, /* 喷 */
	{ 0xC5E8, { 0x000, 0x0A0, 0x110, 0x3FC, 0x490, 0x110, 0x220, 0x3F8, 0x2A8, 0x2A8, 0x7FC, 0x000 } }, /* 盆 */
	{ 0xC5E9, { 0x77C, 0x210, 0x254, 0x754, 0x510, 0x510, 0x110, 0x310, 0x010, 0x010, 0x000, 0x000 } }, /* 砰 */
	{ 0xC5EA, { 0x000, 0x200, 0x230, 0x714, 0x254, 0x250, 0x610, 0x210, 0x210, 0x210, 0x410, 0x000 } }, /* 抨 */
	{ 0xC5EB, { 0x000, 0x040, 0x7FC, 0x3F0, 0x208, 0x000, 0x3F8, 0x040, 0x040, 0x424, 0x484, 0x000 } }, /* 烹 */
	{ 0xC5EC, { 0x040, 0x5EC, 0x0C8, 0x404, 0x1E4, 0x1E8, 0x204, 0x464, 0x5C8, 0x010, 0x000, 0x000 } }, /* 澎 */
	{ 0xC5ED, { 0x100, 0x7C8, 0x110, 0x7C4, 0x788, 0x450, 0x784, 0x28C, 0x3D8, 0x020, 0x000, 0x000 } }, /* 彭 */
	{ 0xC5EE, { 0x000, 0x0A0, 0x1B0, 0x040, 0x2D0, 0x0FC, 0x2F8, 0x278, 0x220, 0x320, 0x4FC, 0x000 } }, /* 蓬 */
	{ 0xC5EF, { 0x000, 0x294, 0x694, 0x2DC, 0x694, 0x7DC, 0x694, 0x294, 0x334, 0x344, 0x000, 0x000 } }, /* 棚 */
	{ 0xC5F0, { 0x06C, 0x724, 0x220, 0x26C, 0x720, 0x56C, 0x124, 0x3A0, 0x0B0, 0x0B4, 0x000, 0x000 } }, /* 硼 */
	{ 0xC5F1, { 0x000, 0x210, 0x7E8, 0x040, 0x2D8, 0x0F8, 0x6A8, 0x238, 0x220, 0x220, 0x4FC, 0x000 } }, /* 篷 */
	{ 0xC5F2, { 0x000, 0x564, 0x548, 0x708, 0x5E4, 0x5A8, 0x504, 0x524, 0x5E8, 0x210, 0x000, 0x000 } }, /* 膨 */
	{ 0xC5F3, { 0x318, 0x4A4, 0x4A4, 0x6BC, 0x4A4, 0x7BC, 0x4A4, 0x4A4, 0x484, 0x14C, 0x000, 0x000 } }, /* 朋 */
	{ 0xC5F4, { 0x000, 0x000, 0x4FC, 0x4E4, 0x6E4, 0x4E4, 0x4F0, 0x4C0, 0x4F8, 0x140, 0x04C, 0x000 } }, /* 鹏 */
	{ 0xC5F5, { 0x000, 0x200, 0x2FC, 0x720, 0x220, 0x2FC, 0x648, 0x3FC, 0x200, 0x2FC, 0x400, 0x000 } }, /* 捧 */
	{ 0xC5F6, { 0x000, 0x008, 0x728, 0x278, 0x228, 0x72C, 0x56C, 0x56C, 0x128, 0x328, 0x07C, 0x000 } }, /* 碰 */
	{ 0xC5F7, { 0x000, 0x200, 0x2B0, 0x220, 0x720, 0x268, 0x2A4, 0x220, 0x320, 0x420, 0x000, 0x000 } }, /* 坯 */
	{ 0xC5F8, { 0x000, 0x040, 0x740, 0x240, 0x044, 0x748, 0x540, 0x540, 0x140, 0x360, 0x04C, 0x000 } }, /* 砒 */
	{ 0xC5F9, { 0x3F8, 0x7FC, 0x554, 0x150, 0x010, 0x4A8, 0x7B8, 0x790, 0x2BC, 0x210, 0x000, 0x000 } }, /* 霹 */
	{ 0xC5FA, { 0x200, 0x240, 0x200, 0x244, 0x268, 0x300, 0x600, 0x200, 0x260, 0x60C, 0x000, 0x000 } }, /* 批 */
	{ 0xC5FB, { 0x210, 0x210, 0x754, 0x210, 0x27C, 0x320, 0x2A8, 0x290, 0x2B8, 0x444, 0x000, 0x000 } }, /* 披 */
	{ 0xC5FC, { 0x000, 0x010, 0x4AC, 0x788, 0x43C, 0x698, 0x390, 0x018, 0x084, 0x084, 0x718, 0x000 } }, /* 劈 */
	{ 0xC5FD, { 0x000, 0x110, 0x7BC, 0x110, 0x7BC, 0x020, 0x3A8, 0x220, 0x2A0, 0x23C, 0x000, 0x000 } }, /* 琵 */
	{ 0xC5FE, { 0x000, 0x748, 0x248, 0x27C, 0x748, 0x248, 0x248, 0x748, 0x478, 0x04C, 0x000, 0x000 } }, /* 毗 */
	{ 0xC6A1, { 0x000, 0x020, 0x67C, 0x514, 0x57C, 0x524, 0x57C, 0x720, 0x4FC, 0x000, 0x000, 0x000 } }, /* 啤 */
	{ 0xC6A2, { 0x000, 0x57C, 0x554, 0x77C, 0x544, 0x57C, 0x728, 0x5FC, 0x508, 0x108, 0x000, 0x000 } }, /* 脾 */
	{ 0xC6A3, { 0x000, 0x020, 0x3FC, 0x220, 0x6FC, 0x2A0, 0x6F8, 0x2C8, 0x230, 0x130, 0x5CC, 0x000 } }, /* 疲 */
	{ 0xC6A4, { 0x000, 0x040, 0x040, 0x244, 0x040, 0x3F0, 0x088, 0x490, 0x460, 0x460, 0x38C, 0x000 } }, /* 皮 */
	{ 0xC6A5, { 0x000, 0x000, 0x7FC, 0x490, 0x490, 0x490, 0x490, 0x51C, 0x400, 0x400, 0x3FC, 0x000 } }, /* 匹 */
	{ 0xC6A6, { 0x000, 0x020, 0x3FC, 0x200, 0x630, 0x268, 0x6A4, 0x220, 0x080, 0x488, 0x488, 0x000 } }, /* 痞 */
	{ 0xC6A7, { 0x000, 0x208, 0x2C8, 0x400, 0x5D4, 0x504, 0x1E8, 0x388, 0x0FC, 0x088, 0x008, 0x000 } }, /* 僻 */
	{ 0xC6A8, { 0x000, 0x3F8, 0x200, 0x208, 0x200, 0x110, 0x1D4, 0x510, 0x510, 0x5D4, 0x11C, 0x000 } }, /* 屁 */
	{ 0xC6A9, { 0x000, 0x390, 0x4A8, 0x43C, 0x6BC, 0x000, 0x7FC, 0x3F8, 0x1F8, 0x3F8, 0x3F8, 0x000 } }, /* 譬 */
	{ 0xC6AA, { 0x000, 0x110, 0x3FC, 0x408, 0x3F8, 0x200, 0x200, 0x3FC, 0x554, 0x554, 0x104, 0x000 } }, /* 篇 */
	{ 0xC6AB, { 0x000, 0x000, 0x2FC, 0x284, 0x680, 0x6FC, 0x2AC, 0x2FC, 0x3AC, 0x2A4, 0x284, 0x000 } }, /* 偏 */
	{ 0xC6AC, { 0x200, 0x200, 0x200, 0x3FC, 0x200, 0x3F0, 0x210, 0x210, 0x410, 0x410, 0x000, 0x000 } }, /* 片 */
	{ 0xC6AD, { 0x010, 0x17C, 0x444, 0x478, 0x440, 0x7EC, 0x1FC, 0x5FC, 0x14C, 0x644, 0x000, 0x000 } }, /* 骗 */
	{ 0xC6AE, { 0x000, 0x320, 0x7A8, 0x7B8, 0x030, 0x310, 0x7D8, 0x16C, 0x4C6, 0x200, 0x000, 0x000 } }, /* 飘 */
	{ 0xC6AF, { 0x4FC, 0x250, 0x0FC, 0x6F4, 0x000, 0x0F8, 0x2FC, 0x420, 0x4A4, 0x020, 0x000, 0x000 } }, /* 漂 */
	{ 0xC6B0, { 0x000, 0x00C, 0x338, 0x7B8, 0x7B8, 0x030, 0x3B0, 0x794, 0x114, 0x4DC, 0x254, 0x000 } }, /* 瓢 */
	{ 0xC6B1, { 0x7FC, 0x0A0, 0x7AC, 0x7AC, 0x000, 0x3F8, 0x7FC, 0x040, 0x248, 0x4C4, 0x000, 0x000 } }, /* 票 */
	{ 0xC6B2, { 0x048, 0x168, 0x64C, 0x5F4, 0x154, 0x7EC, 0x1EC, 0x168, 0x16C, 0x510, 0x000, 0x000 } }, /* 撇 */
	{ 0xC6B3, { 0x010, 0x1BC, 0x568, 0x7D8, 0x5FC, 0x3F0, 0x208, 0x208, 0x208, 0x3F8, 0x000, 0x000 } }, /* 瞥 */
	{ 0xC6B4, { 0x000, 0x248, 0x208, 0x77C, 0x228, 0x228, 0x6FC, 0x208, 0x248, 0x248, 0x488, 0x000 } }, /* 拼 */
	{ 0xC6B5, { 0x100, 0x510, 0x510, 0x524, 0x124, 0x534, 0x5B4, 0x114, 0x230, 0x464, 0x000, 0x000 } }, /* 频 */
	{ 0xC6B6, { 0x000, 0x120, 0x218, 0x7F4, 0x090, 0x320, 0x3F8, 0x248, 0x248, 0x0B0, 0x708, 0x000 } }, /* 贫 */
	{ 0xC6B7, { 0x000, 0x000, 0x110, 0x000, 0x1F0, 0x000, 0x7BC, 0x4A4, 0x4A4, 0x7BC, 0x4A0, 0x000 } }, /* 品 */
	{ 0xC6B8, { 0x000, 0x010, 0x57C, 0x554, 0x754, 0x57C, 0x77C, 0x520, 0x73C, 0x104, 0x108, 0x000 } }, /* 聘 */
	{ 0xC6B9, { 0x010, 0x1C0, 0x200, 0x1F8, 0x010, 0x010, 0x7FC, 0x100, 0x300, 0x400, 0x000, 0x000 } }, /* 乒 */
	{ 0xC6BA, { 0x000, 0x27C, 0x210, 0x214, 0x654, 0x250, 0x230, 0x210, 0x610, 0x010, 0x010, 0x000 } }, /* 坪 */
	{ 0xC6BB, { 0x100, 0x7FC, 0x100, 0x7FC, 0x040, 0x350, 0x050, 0x040, 0x040, 0x040, 0x000, 0x000 } }, /* 苹 */
	{ 0xC6BC, { 0x100, 0x7FC, 0x000, 0x2FC, 0x000, 0x448, 0x030, 0x230, 0x400, 0x400, 0x000, 0x000 } }, /* 萍 */
	{ 0xC6BD, { 0x000, 0x040, 0x248, 0x158, 0x150, 0x044, 0x040, 0x040, 0x040, 0x040, 0x000, 0x000 } }, /* 平 */
	{ 0xC6BE, { 0x008, 0x2E0, 0x620, 0x2FC, 0x220, 0x200, 0x0E0, 0x110, 0x114, 0x61C, 0x000, 0x000 } }, /* 凭 */
	{ 0xC6BF, { 0x000, 0x000, 0x13C, 0x7A0, 0x338, 0x320, 0x7B8, 0x338, 0x528, 0x538, 0x50C, 0x000 } }, /* 瓶 */
	{ 0xC6C0, { 0x07C, 0x210, 0x094, 0x654, 0x210, 0x2FC, 0x210, 0x310, 0x210, 0x010, 0x000, 0x000 } }, /* 评 */
	{ 0xC6C1, { 0x3F8, 0x000, 0x3F8, 0x080, 0x0D8, 0x050, 0x5DC, 0x450, 0x490, 0x110, 0x000, 0x000 } }, /* 屏 */
	{ 0xC6C2, { 0x010, 0x210, 0x254, 0x710, 0x278, 0x2A8, 0x2A8, 0x690, 0x138, 0x144, 0x000, 0x000 } }, /* 坡 */
	{ 0xC6C3, { 0x020, 0x2A8, 0x0A0, 0x460, 0x260, 0x048, 0x2C8, 0x2B0, 0x430, 0x0C4, 0x000, 0x000 } }, /* 泼 */
	{ 0xC6C4, { 0x100, 0x398, 0x590, 0x524, 0x7A4, 0x4B4, 0x5B4, 0x594, 0x414, 0x060, 0x000, 0x000 } }, /* 颇 */
	{ 0xC6C5, { 0x000, 0x0FC, 0x4B0, 0x0E8, 0x230, 0x444, 0x7FC, 0x190, 0x0F0, 0x704, 0x000, 0x000 } }, /* 婆 */
	{ 0xC6C6, { 0x000, 0x010, 0x790, 0x254, 0x250, 0x778, 0x464, 0x040, 0x358, 0x2D8, 0x0A4, 0x000 } }, /* 破 */
	{ 0xC6C7, { 0x220, 0x278, 0x754, 0x57C, 0x704, 0x57C, 0x538, 0x71C, 0x450, 0x09C, 0x000, 0x000 } }, /* 魄 */
	{ 0xC6C8, { 0x000, 0x020, 0x278, 0x084, 0x084, 0x2FC, 0x284, 0x284, 0x2FC, 0x700, 0x0FC, 0x000 } }, /* 迫 */
	{ 0xC6C9, { 0x000, 0x210, 0x090, 0x6A4, 0x324, 0x324, 0x3BC, 0x6A4, 0x424, 0x03C, 0x220, 0x000 } }, /* 粕 */
	{ 0xC6CA, { 0x100, 0x104, 0x054, 0x294, 0x7F4, 0x014, 0x6D4, 0x444, 0x7C4, 0x444, 0x000, 0x000 } }, /* 剖 */
	{ 0xC6CB, { 0x020, 0x020, 0x320, 0x328, 0x124, 0x324, 0x620, 0x020, 0x020, 0x220, 0x000, 0x000 } }, /* 扑 */
	{ 0xC6CC, { 0x210, 0x210, 0x410, 0x77C, 0x254, 0x77C, 0x254, 0x27C, 0x354, 0x254, 0x000, 0x000 } }, /* 铺 */
	{ 0xC6CD, { 0x000, 0x120, 0x120, 0x120, 0x338, 0x72C, 0x524, 0x120, 0x120, 0x120, 0x120, 0x000 } }, /* 仆 */
	{ 0xC6CE, { 0x100, 0x7FC, 0x148, 0x7FC, 0x040, 0x24C, 0x3F8, 0x248, 0x248, 0x048, 0x000, 0x000 } }, /* 莆 */
	{ 0xC6CF, { 0x000, 0x080, 0x7FC, 0x300, 0x2F4, 0x7F4, 0x3F4, 0x2D4, 0x2D4, 0x2D4, 0x214, 0x000 } }, /* 葡 */
	{ 0xC6D0, { 0x110, 0x7FC, 0x040, 0x3F8, 0x110, 0x7FC, 0x000, 0x208, 0x208, 0x208, 0x000, 0x000 } }, /* 菩 */
	{ 0xC6D1, { 0x110, 0x7FC, 0x000, 0x2FC, 0x020, 0x4B4, 0x0FC, 0x2A4, 0x4A4, 0x4AC, 0x000, 0x000 } }, /* 蒲 */
	{ 0xC6D2, { 0x000, 0x214, 0x214, 0x210, 0x7FC, 0x294, 0x2FC, 0x294, 0x3FC, 0x494, 0x084, 0x000 } }, /* 埔 */
	{ 0xC6D3, { 0x000, 0x000, 0x100, 0x780, 0x318, 0x308, 0x384, 0x500, 0x100, 0x120, 0x120, 0x000 } }, /* 朴 */
	{ 0xC6D4, { 0x7FC, 0x454, 0x5F4, 0x444, 0x554, 0x5F4, 0x5F4, 0x554, 0x404, 0x404, 0x000, 0x000 } }, /* 圃 */
	{ 0xC6D5, { 0x000, 0x110, 0x7FC, 0x0A8, 0x2A8, 0x7FC, 0x000, 0x208, 0x3F8, 0x208, 0x3F8, 0x000 } }, /* 普 */
	{ 0xC6D6, { 0x000, 0x000, 0x234, 0x030, 0x4FC, 0x284, 0x0FC, 0x284, 0x4FC, 0x484, 0x084, 0x000 } }, /* 浦 */
	{ 0xC6D7, { 0x000, 0x048, 0x678, 0x034, 0x094, 0x7FC, 0x000, 0x0CC, 0x27C, 0x204, 0x0FC, 0x000 } }, /* 谱 */
	{ 0xC6D8, { 0x07C, 0x57C, 0x54C, 0x528, 0x578, 0x5FC, 0x548, 0x7FC, 0x578, 0x0A0, 0x000, 0x000 } }, /* 曝 */
	{ 0xC6D9, { 0x0F8, 0x2FC, 0x08C, 0x458, 0x058, 0x0FC, 0x288, 0x578, 0x4F8, 0x020, 0x000, 0x000 } }, /* 瀑 */
	{ 0xC6DA, { 0x080, 0x6D4, 0x684, 0x39C, 0x284, 0x294, 0x7F4, 0x024, 0x4E4, 0x044, 0x000, 0x000 } }, /* 期 */
	{ 0xC6DB, { 0x080, 0x280, 0x6BC, 0x3A4, 0x290, 0x390, 0x690, 0x018, 0x4A4, 0x044, 0x000, 0x000 } }, /* 欺 */
	{ 0xC6DC, { 0x200, 0x27C, 0x720, 0x27C, 0x324, 0x7A4, 0x64C, 0x244, 0x27C, 0x284, 0x000, 0x000 } }, /* 栖 */
	{ 0xC6DD, { 0x028, 0x020, 0x7B0, 0x4E0, 0x488, 0x7D8, 0x498, 0x690, 0x4BC, 0x024, 0x000, 0x000 } }, /* 戚 */
	{ 0xC6DE, { 0x040, 0x7FC, 0x3F8, 0x04C, 0x048, 0x3F8, 0x7FC, 0x190, 0x0F0, 0x78C, 0x000, 0x000 } }, /* 妻 */
	{ 0xC6DF, { 0x000, 0x080, 0x080, 0x080, 0x09C, 0x3C0, 0x480, 0x080, 0x080, 0x084, 0x078, 0x000 } }, /* 七 */
	{ 0xC6E0, { 0x020, 0x4FC, 0x6F8, 0x03C, 0x024, 0x260, 0x5FC, 0x448, 0x038, 0x1C4, 0x000, 0x000 } }, /* 凄 */
	{ 0xC6E1, { 0x020, 0x2FC, 0x068, 0x4A4, 0x070, 0x2AC, 0x2A8, 0x470, 0x1A4, 0x020, 0x000, 0x000 } }, /* 漆 */
	{ 0xC6E2, { 0x220, 0x124, 0x670, 0x120, 0x23C, 0x040, 0x7FC, 0x0E0, 0x358, 0x444, 0x000, 0x000 } }, /* 柒 */
	{ 0xC6E3, { 0x000, 0x080, 0x2BC, 0x094, 0x1D4, 0x094, 0x094, 0x2E4, 0x4A4, 0x424, 0x040, 0x000 } }, /* 沏 */
	{ 0xC6E4, { 0x110, 0x318, 0x110, 0x1F0, 0x110, 0x1F0, 0x110, 0x000, 0x318, 0x404, 0x000, 0x000 } }, /* 其 */
	{ 0xC6E5, { 0x248, 0x27C, 0x748, 0x278, 0x348, 0x678, 0x248, 0x2EC, 0x248, 0x284, 0x000, 0x000 } }, /* 棋 */
	{ 0xC6E6, { 0x000, 0x040, 0x7FC, 0x0E0, 0x708, 0x7FC, 0x008, 0x268, 0x228, 0x268, 0x018, 0x000 } }, /* 奇 */
	{ 0xC6E7, { 0x000, 0x010, 0x110, 0x510, 0x590, 0x57C, 0x500, 0x528, 0x710, 0x038, 0x0C4, 0x000 } }, /* 歧 */
	{ 0xC6E8, { 0x000, 0x010, 0xFBC, 0x290, 0x290, 0x7BC, 0x290, 0x2BC, 0x790, 0x810, 0x07C, 0x000 } }, /* 畦 */
	{ 0xC6E9, { 0x210, 0x27C, 0x238, 0x244, 0x2FC, 0x204, 0x254, 0x754, 0x004, 0x008, 0x000, 0x000 } }, /* 崎 */
	{ 0xC6EA, { 0x000, 0x010, 0x57C, 0x528, 0x730, 0x538, 0x5EC, 0x528, 0x508, 0x548, 0x048, 0x000 } }, /* 脐 */
	{ 0xC6EB, { 0x000, 0x040, 0x7FC, 0x120, 0x0E0, 0x1F0, 0x414, 0x110, 0x110, 0x310, 0x610, 0x000 } }, /* 齐 */
	{ 0xC6EC, { 0x000, 0x220, 0x040, 0x780, 0x27C, 0x338, 0x028, 0x028, 0x57C, 0x528, 0x044, 0x000 } }, /* 旗 */
	{ 0xC6ED, { 0x000, 0x21C, 0x040, 0x700, 0x13C, 0x208, 0x7C8, 0x248, 0x248, 0x248, 0x288, 0x000 } }, /* 祈 */
	{ 0xC6EE, { 0x000, 0x200, 0x03C, 0x7A4, 0x124, 0x228, 0x7A4, 0x020, 0x024, 0x028, 0x020, 0x000 } }, /* 祁 */
	{ 0xC6EF, { 0x010, 0x77C, 0x118, 0x544, 0x57C, 0x704, 0x074, 0x654, 0x034, 0x30C, 0x000, 0x000 } }, /* 骑 */
	{ 0xC6F0, { 0x000, 0x100, 0x33C, 0x104, 0x104, 0x7B8, 0x120, 0x5A4, 0x73C, 0x500, 0x0FC, 0x000 } }, /* 起 */
	{ 0xC6F1, { 0x000, 0x040, 0x440, 0x7F8, 0x000, 0x7F8, 0x008, 0x3F8, 0x000, 0x204, 0x3FC, 0x000 } }, /* 岂 */
	{ 0xC6F2, { 0x000, 0x100, 0x100, 0x3F8, 0x400, 0x3F0, 0x060, 0x080, 0x100, 0x104, 0x1F8, 0x000 } }, /* 乞 */
	{ 0xC6F3, { 0x000, 0x040, 0x0E0, 0x130, 0x24C, 0x444, 0x178, 0x140, 0x140, 0x140, 0x3F8, 0x000 } }, /* 企 */
	{ 0xC6F4, { 0x000, 0x040, 0x3F8, 0x208, 0x208, 0x3F8, 0x200, 0x388, 0x500, 0x5F8, 0x508, 0x000 } }, /* 启 */
	{ 0xC6F5, { 0x100, 0x794, 0x114, 0x104, 0x7EC, 0x100, 0x4C4, 0x0E0, 0x110, 0x60C, 0x000, 0x000 } }, /* 契 */
	{ 0xC6F6, { 0x040, 0x25C, 0x244, 0x4E4, 0x554, 0x554, 0x574, 0x754, 0x524, 0x04C, 0x000, 0x000 } }, /* 砌 */
	{ 0xC6F7, { 0x000, 0x3B8, 0x0A0, 0x3B8, 0x050, 0x4E4, 0x31C, 0x60C, 0x0A0, 0x2A8, 0x0A0, 0x000 } }, /* 器 */
	{ 0xC6F8, { 0x000, 0x100, 0x3F8, 0x200, 0x5F0, 0x000, 0x018, 0x000, 0x008, 0x00C, 0x00C, 0x000 } }, /* 气 */
	{ 0xC6F9, { 0x000, 0x040, 0x27C, 0x080, 0x078, 0x618, 0x220, 0x240, 0x27C, 0x700, 0x0FC, 0x000 } }, /* 迄 */
	{ 0xC6FA, { 0x040, 0x7FC, 0x080, 0x110, 0x308, 0x010, 0x7FC, 0x110, 0x110, 0x210, 0x000, 0x000 } }, /* 弃 */
	{ 0xC6FB, { 0x040, 0x2FC, 0x080, 0x478, 0x200, 0x008, 0x208, 0x208, 0x40A, 0x004, 0x000, 0x000 } }, /* 汽 */
	{ 0xC6FC, { 0x000, 0x020, 0x200, 0x0FC, 0x000, 0x648, 0x048, 0x048, 0x240, 0x410, 0x400, 0x000 } }, /* 泣 */
	{ 0xC6FD, { 0x000, 0x220, 0x260, 0x040, 0x480, 0x278, 0x210, 0x210, 0x220, 0x340, 0x23C, 0x000 } }, /* 讫 */
	{ 0xC6FE, { 0x220, 0x278, 0x748, 0x288, 0x26C, 0x604, 0x24C, 0x244, 0x244, 0x644, 0x000, 0x000 } }, /* 掐 */
	{ 0xC7A1, { 0x000, 0x220, 0x230, 0x348, 0x6CC, 0x280, 0x200, 0x248, 0x248, 0x278, 0x240, 0x000 } }, /* 恰 */
	{ 0xC7A2, { 0x000, 0x020, 0x230, 0x050, 0x48C, 0x270, 0x000, 0x2C8, 0x288, 0x4F8, 0x488, 0x000 } }, /* 洽 */
	{ 0xC7A3, { 0x000, 0x040, 0x3FC, 0x1B8, 0x200, 0x444, 0x340, 0x278, 0x040, 0x040, 0x040, 0x000 } }, /* 牵 */
	{ 0xC7A4, { 0x204, 0x270, 0x710, 0x210, 0x210, 0x610, 0x210, 0x210, 0x210, 0x610, 0x000, 0x000 } }, /* 扦 */
	{ 0xC7A5, { 0x000, 0x200, 0x338, 0x410, 0x310, 0x210, 0x710, 0x210, 0x210, 0x310, 0x210, 0x000 } }, /* 钎 */
	{ 0xC7A6, { 0x000, 0x200, 0x728, 0x420, 0x044, 0x240, 0x23C, 0x244, 0x244, 0x37C, 0x244, 0x000 } }, /* 铅 */
	{ 0xC7A7, { 0x018, 0x3C0, 0x040, 0x040, 0x040, 0x040, 0x040, 0x040, 0x040, 0x040, 0x000, 0x000 } }, /* 千 */
	{ 0xC7A8, { 0x000, 0x008, 0x6F0, 0x220, 0x020, 0x6FC, 0x220, 0x220, 0x220, 0x700, 0x0FC, 0x000 } }, /* 迁 */
	{ 0xC7A9, { 0x000, 0x310, 0x3BC, 0x408, 0x0C0, 0x110, 0x7FC, 0x000, 0x050, 0x110, 0x7FC, 0x000 } }, /* 签 */
	{ 0xC7AA, { 0x000, 0x108, 0x270, 0x210, 0x610, 0x6FC, 0x210, 0x210, 0x210, 0x210, 0x210, 0x000 } }, /* 仟 */
	{ 0xC7AB, { 0x000, 0x048, 0x2FC, 0x050, 0x4FC, 0x07C, 0x054, 0x0F8, 0x358, 0x2D4, 0x150, 0x000 } }, /* 谦 */
	{ 0xC7AC, { 0x110, 0x7B0, 0x120, 0x7C0, 0x7B8, 0x480, 0x310, 0x7A0, 0x124, 0x11C, 0x000, 0x000 } }, /* 乾 */
	{ 0xC7AD, { 0x010, 0x598, 0x788, 0x5A4, 0x310, 0x780, 0x13C, 0x000, 0x648, 0x008, 0x000, 0x000 } }, /* 黔 */
	{ 0xC7AE, { 0x000, 0x220, 0x220, 0x438, 0x460, 0x23C, 0x260, 0x218, 0x210, 0x338, 0x204, 0x000 } }, /* 钱 */
	{ 0xC7AF, { 0x000, 0x200, 0x200, 0x46C, 0x06C, 0x200, 0x238, 0x200, 0x200, 0x338, 0x200, 0x000 } }, /* 钳 */
	{ 0xC7B0, { 0x000, 0x110, 0x010, 0x000, 0x380, 0x400, 0x780, 0x400, 0x680, 0x400, 0x488, 0x000 } }, /* 前 */
	{ 0xC7B1, { 0x008, 0x2DC, 0x088, 0x4D8, 0x0D4, 0x030, 0x288, 0x4F8, 0x488, 0x088, 0x000, 0x000 } }, /* 潜 */
	{ 0xC7B2, { 0x000, 0x020, 0x2A8, 0x0F8, 0x1FC, 0x4F8, 0x088, 0x080, 0x088, 0x6F8, 0x0FC, 0x000 } }, /* 遣 */
	{ 0xC7B3, { 0x000, 0x208, 0x03C, 0x4E0, 0x02C, 0x0E0, 0x228, 0x410, 0x470, 0x08C, 0x000, 0x000 } }, /* 浅 */
	{ 0xC7B4, { 0x000, 0x010, 0x454, 0x038, 0x07C, 0x5B8, 0x4BC, 0x4B8, 0x6A4, 0x680, 0x13C, 0x000 } }, /* 谴 */
	{ 0xC7B5, { 0x000, 0x10C, 0x780, 0x110, 0x7A8, 0x1A8, 0x728, 0x040, 0x3F8, 0x040, 0x7FC, 0x000 } }, /* 堑 */
	{ 0xC7B6, { 0x000, 0x040, 0x044, 0x3F8, 0x090, 0x7BC, 0x0A4, 0x390, 0x098, 0x3A8, 0x024, 0x000 } }, /* 嵌 */
	{ 0xC7B7, { 0x000, 0x100, 0x1FC, 0x208, 0x248, 0x040, 0x0E0, 0x0A0, 0x318, 0x604, 0x000, 0x000 } }, /* 欠 */
	{ 0xC7B8, { 0x000, 0x290, 0x390, 0x21C, 0x7E4, 0x3F0, 0x250, 0x790, 0x298, 0x624, 0x244, 0x000 } }, /* 歉 */
	{ 0xC7B9, { 0x000, 0x200, 0x230, 0x748, 0x2CC, 0x278, 0x748, 0x248, 0x240, 0x244, 0x200, 0x000 } }, /* 枪 */
	{ 0xC7BA, { 0x000, 0x010, 0x730, 0x548, 0x54C, 0x578, 0x548, 0x548, 0x540, 0x544, 0x03C, 0x000 } }, /* 呛 */
	{ 0xC7BB, { 0x000, 0x010, 0x510, 0x544, 0x728, 0x544, 0x500, 0x77C, 0x510, 0x510, 0x17C, 0x000 } }, /* 腔 */
	{ 0xC7BC, { 0x100, 0x120, 0x0C0, 0x0C0, 0x0C0, 0x7FC, 0x0A0, 0x120, 0x324, 0x43C, 0x000, 0x000 } }, /* 羌 */
	{ 0xC7BD, { 0x200, 0x2FC, 0x248, 0x778, 0x200, 0x2FC, 0x2B4, 0x6B4, 0x084, 0x084, 0x000, 0x000 } }, /* 墙 */
	{ 0xC7BE, { 0x000, 0x110, 0x170, 0x040, 0x150, 0x7FC, 0x000, 0x208, 0x0B0, 0x0E0, 0x3F8, 0x000 } }, /* 蔷 */
	{ 0xC7BF, { 0x078, 0x140, 0x178, 0x410, 0x47C, 0x714, 0x17C, 0x110, 0x01C, 0x6C0, 0x000, 0x000 } }, /* 强 */
	{ 0xC7C0, { 0x000, 0x220, 0x230, 0x248, 0x2CC, 0x278, 0x648, 0x248, 0x240, 0x244, 0x63C, 0x000 } }, /* 抢 */
	{ 0xC7C1, { 0x218, 0x228, 0x620, 0x264, 0x704, 0x6D8, 0x2DC, 0x2DC, 0x240, 0x24C, 0x000, 0x000 } }, /* 橇 */
	{ 0xC7C2, { 0x000, 0x028, 0x4C8, 0x448, 0x6D8, 0x25C, 0x6E8, 0x2C8, 0x044, 0x254, 0x040, 0x000 } }, /* 锹 */
	{ 0xC7C3, { 0x000, 0x110, 0x7D0, 0x390, 0x690, 0x02C, 0x460, 0x758, 0x658, 0x458, 0x4A4, 0x000 } }, /* 敲 */
	{ 0xC7C4, { 0x210, 0x254, 0x210, 0x77C, 0x244, 0x27C, 0x244, 0x27C, 0x244, 0x244, 0x000, 0x000 } }, /* 悄 */
	{ 0xC7C5, { 0x000, 0x238, 0x220, 0x77C, 0x220, 0x348, 0x6EC, 0x228, 0x208, 0x248, 0x248, 0x000 } }, /* 桥 */
	{ 0xC7C6, { 0x000, 0x050, 0x67C, 0x0D0, 0x7F8, 0x050, 0x650, 0x07C, 0x600, 0x0A4, 0x020, 0x000 } }, /* 瞧 */
	{ 0xC7C7, { 0x000, 0x1F8, 0x040, 0x0C0, 0x0A0, 0x110, 0x21C, 0x010, 0x110, 0x110, 0x210, 0x000 } }, /* 乔 */
	{ 0xC7C8, { 0x000, 0x238, 0x220, 0x220, 0x670, 0x648, 0x284, 0x248, 0x248, 0x248, 0x288, 0x000 } }, /* 侨 */
	{ 0xC7C9, { 0x000, 0x000, 0x720, 0x220, 0x220, 0x23C, 0x204, 0x284, 0x604, 0x00C, 0x018, 0x000 } }, /* 巧 */
	{ 0xC7CA, { 0x000, 0x7A4, 0x300, 0x33C, 0x7A4, 0x4BC, 0x7A4, 0x33C, 0x224, 0x024, 0x000, 0x000 } }, /* 鞘 */
	{ 0xC7CB, { 0x038, 0x028, 0x620, 0x0E4, 0x20C, 0x6D8, 0x0DC, 0x0DC, 0x080, 0x44C, 0x000, 0x000 } }, /* 撬 */
	{ 0xC7CC, { 0x000, 0x000, 0x394, 0x21C, 0x33C, 0x594, 0x03C, 0x314, 0x224, 0x404, 0x0FC, 0x000 } }, /* 翘 */
	{ 0xC7CD, { 0x000, 0x210, 0x254, 0x210, 0x27C, 0x240, 0x27C, 0x240, 0xF7C, 0x040, 0x044, 0x000 } }, /* 峭 */
	{ 0xC7CE, { 0x000, 0x210, 0x294, 0x210, 0x6FC, 0x284, 0x2FC, 0x284, 0x2FC, 0x284, 0x28C, 0x000 } }, /* 俏 */
	{ 0xC7CF, { 0x000, 0x040, 0x7FC, 0x490, 0x30C, 0x03C, 0x320, 0x220, 0x204, 0x784, 0x018, 0x000 } }, /* 窍 */
	{ 0xC7D0, { 0x000, 0x000, 0x27C, 0x224, 0x3A4, 0x224, 0x224, 0x2A4, 0x344, 0x0C4, 0x088, 0x000 } }, /* 切 */
	{ 0xC7D1, { 0x080, 0x7FC, 0x080, 0x000, 0x79C, 0x224, 0x224, 0x224, 0x43C, 0x484, 0x000, 0x000 } }, /* 茄 */
	{ 0xC7D2, { 0x000, 0x000, 0x110, 0x110, 0x1F0, 0x110, 0x110, 0x1F0, 0x110, 0x110, 0x7FC, 0x000 } }, /* 且 */
	{ 0xC7D3, { 0x000, 0x200, 0x210, 0x37C, 0x600, 0x230, 0x220, 0x220, 0x248, 0x2FC, 0x200, 0x000 } }, /* 怯 */
	{ 0xC7D4, { 0x000, 0x040, 0x7FC, 0x404, 0x308, 0x200, 0x334, 0x224, 0x224, 0x364, 0x0C8, 0x000 } }, /* 窃 */
	{ 0xC7D5, { 0x000, 0x220, 0x220, 0x43C, 0x044, 0x210, 0x210, 0x210, 0x228, 0x348, 0x244, 0x000 } }, /* 钦 */
	{ 0xC7D6, { 0x000, 0x0F8, 0x204, 0x204, 0x640, 0x2FC, 0x200, 0x248, 0x230, 0x230, 0x2CC, 0x000 } }, /* 侵 */
	{ 0xC7D7, { 0x000, 0x040, 0x7FC, 0x110, 0x010, 0x464, 0x040, 0x3FC, 0x250, 0x648, 0x0C0, 0x000 } }, /* 亲 */
	{ 0xC7D8, { 0x000, 0x040, 0x3F8, 0x3F8, 0x080, 0x198, 0x36C, 0x440, 0x3F8, 0x150, 0x240, 0x000 } }, /* 秦 */
	{ 0xC7D9, { 0x000, 0x310, 0x7BC, 0x110, 0x440, 0x0A0, 0x65C, 0x040, 0x030, 0x060, 0x000, 0x000 } }, /* 琴 */
	{ 0xC7DA, { 0x090, 0x7D0, 0x398, 0x314, 0x554, 0x314, 0x794, 0x794, 0x3A4, 0x02C, 0x000, 0x000 } }, /* 勤 */
	{ 0xC7DB, { 0x000, 0x7FC, 0x000, 0x3F8, 0x200, 0x3FC, 0x210, 0x210, 0x410, 0x410, 0x000, 0x000 } }, /* 芹 */
	{ 0xC7DC, { 0x000, 0x020, 0x070, 0x6E8, 0x130, 0x2B4, 0x6FC, 0x430, 0x0A4, 0x0F4, 0x484, 0x000 } }, /* 擒 */
	{ 0xC7DD, { 0x000, 0x040, 0x1A0, 0x35C, 0x0A0, 0x2E8, 0x3F8, 0x040, 0x2A4, 0x1F4, 0x008, 0x000 } }, /* 禽 */
	{ 0xC7DE, { 0x000, 0x040, 0x7FC, 0x078, 0x678, 0x678, 0x200, 0x284, 0x658, 0x030, 0x2CC, 0x000 } }, /* 寝 */
	{ 0xC7DF, { 0x020, 0x210, 0x000, 0x400, 0x08C, 0x084, 0x300, 0x200, 0x424, 0x438, 0x000, 0x000 } }, /* 沁 */
	{ 0xC7E0, { 0x040, 0x3F8, 0x3F8, 0x040, 0x000, 0x3F8, 0x3F8, 0x208, 0x208, 0x218, 0x000, 0x000 } }, /* 青 */
	{ 0xC7E1, { 0x000, 0x200, 0x338, 0x210, 0x138, 0x564, 0x500, 0x110, 0x710, 0x110, 0x17C, 0x000 } }, /* 轻 */
	{ 0xC7E2, { 0x000, 0x200, 0x200, 0x5F0, 0x7F0, 0x008, 0x0C8, 0x368, 0x328, 0x08C, 0x7F4, 0x000 } }, /* 氢 */
	{ 0xC7E3, { 0x000, 0x200, 0x218, 0x610, 0x6A4, 0x224, 0x224, 0x234, 0x3B0, 0x214, 0x264, 0x000 } }, /* 倾 */
	{ 0xC7E4, { 0x240, 0x4A4, 0x4A4, 0x4A4, 0x4A4, 0x684, 0x684, 0x2EC, 0x680, 0x400, 0x000, 0x000 } }, /* 卿 */
	{ 0xC7E5, { 0x020, 0x2FC, 0x0F8, 0x420, 0x200, 0x0F8, 0x2F8, 0x288, 0x488, 0x488, 0x000, 0x000 } }, /* 清 */
	{ 0xC7E6, { 0x000, 0x290, 0x39C, 0x6B4, 0x758, 0x35C, 0x078, 0x040, 0x060, 0x7FC, 0x040, 0x000 } }, /* 擎 */
	{ 0xC7E7, { 0x010, 0x77C, 0x57C, 0x510, 0x700, 0x544, 0x57C, 0x744, 0x444, 0x04C, 0x000, 0x000 } }, /* 晴 */
	{ 0xC7E8, { 0x000, 0x300, 0x7F8, 0x1F8, 0x088, 0x3E8, 0x3E8, 0x3E8, 0x3E8, 0x3E4, 0x224, 0x000 } }, /* 氰 */
	{ 0xC7E9, { 0x210, 0x27C, 0x77C, 0x6FC, 0x200, 0x244, 0x27C, 0x24C, 0x244, 0x248, 0x000, 0x000 } }, /* 情 */
	{ 0xC7EA, { 0x000, 0x430, 0x420, 0x67C, 0x404, 0x414, 0x404, 0x624, 0x468, 0x084, 0x000, 0x000 } }, /* 顷 */
	{ 0xC7EB, { 0x000, 0x2FC, 0x07C, 0x030, 0x200, 0x24C, 0x278, 0x348, 0x240, 0x008, 0x000, 0x000 } }, /* 请 */
	{ 0xC7EC, { 0x000, 0x040, 0x3FC, 0x200, 0x220, 0x3FC, 0x020, 0x070, 0x450, 0x488, 0x104, 0x000 } }, /* 庆 */
	{ 0xC7ED, { 0x000, 0x000, 0x010, 0x200, 0x278, 0x744, 0x24C, 0x210, 0x310, 0x094, 0x030, 0x000 } }, /* 琼 */
	{ 0xC7EE, { 0x000, 0x040, 0x060, 0x404, 0x110, 0x60C, 0x0C0, 0x0CC, 0x080, 0x108, 0x618, 0x000 } }, /* 穷 */
	{ 0xC7EF, { 0x000, 0x190, 0x610, 0x010, 0x7D4, 0x250, 0x310, 0x6B0, 0x028, 0x04C, 0x084, 0x000 } }, /* 秋 */
	{ 0xC7F0, { 0x000, 0x008, 0x1E0, 0x200, 0x200, 0x3FC, 0x210, 0x210, 0x210, 0x330, 0x000, 0x000 } }, /* 丘 */
	{ 0xC7F1, { 0x000, 0x19C, 0x404, 0x404, 0x7C8, 0x488, 0x484, 0x480, 0x784, 0x000, 0x000, 0x000 } }, /* 邱 */
	{ 0xC7F2, { 0x008, 0x000, 0x27C, 0x200, 0x754, 0x238, 0x238, 0x344, 0x484, 0x020, 0x000, 0x000 } }, /* 球 */
	{ 0xC7F3, { 0x000, 0x040, 0x048, 0x7FC, 0x040, 0x248, 0x0F0, 0x1D0, 0x258, 0x44C, 0x080, 0x000 } }, /* 求 */
	{ 0xC7F4, { 0x3F8, 0x404, 0x444, 0x444, 0x444, 0x4B4, 0x514, 0x404, 0x7FC, 0x404, 0x000, 0x000 } }, /* 囚 */
	{ 0xC7F5, { 0x000, 0x110, 0x130, 0x0A0, 0x0A0, 0x2A8, 0x128, 0x008, 0x3F8, 0x208, 0x208, 0x000 } }, /* 酋 */
	{ 0xC7F6, { 0x000, 0x684, 0x094, 0x484, 0x2A4, 0x0B4, 0x2CC, 0x284, 0x484, 0x484, 0x000, 0x000 } }, /* 泅 */
	{ 0xC7F7, { 0x000, 0x000, 0x338, 0x108, 0x17C, 0x784, 0x104, 0x584, 0x704, 0x500, 0x07C, 0x000 } }, /* 趋 */
	{ 0xC7F8, { 0x000, 0x3FC, 0x400, 0x408, 0x490, 0x470, 0x430, 0x448, 0x588, 0x400, 0x7FC, 0x000 } }, /* 区 */
	{ 0xC7F9, { 0x000, 0x200, 0x224, 0x784, 0x6AC, 0x6A4, 0x784, 0x23C, 0x284, 0x684, 0x07C, 0x000 } }, /* 蛆 */
	{ 0xC7FA, { 0x000, 0x0A0, 0x0A0, 0x7FC, 0x4A4, 0x4A4, 0x7FC, 0x4A4, 0x4A4, 0x7FC, 0x404, 0x000 } }, /* 曲 */
	{ 0xC7FB, { 0x000, 0x000, 0x320, 0x484, 0x794, 0x488, 0x488, 0x794, 0x094, 0x280, 0x5BC, 0x000 } }, /* 躯 */
	{ 0xC7FC, { 0x000, 0x3F8, 0x204, 0x3FC, 0x220, 0x020, 0x0F8, 0x420, 0x524, 0x524, 0x1F4, 0x000 } }, /* 屈 */
	{ 0xC7FD, { 0x000, 0x160, 0x544, 0x554, 0x558, 0x7C8, 0x0D4, 0x6C0, 0x0C0, 0x13C, 0x000, 0x000 } }, /* 驱 */
	{ 0xC7FE, { 0x000, 0x27C, 0x080, 0x2C8, 0x0F8, 0x2C0, 0x440, 0x7FC, 0x0E0, 0x358, 0x444, 0x000 } }, /* 渠 */
	{ 0xC8A1, { 0x000, 0x6BC, 0x0A4, 0x384, 0x080, 0x398, 0x098, 0x3D8, 0x4A4, 0x0A0, 0x000, 0x000 } }, /* 取 */
	{ 0xC8A2, { 0x7C0, 0x294, 0x298, 0x298, 0x6E4, 0x080, 0x7FC, 0x1A0, 0x078, 0x304, 0x000, 0x000 } }, /* 娶 */
	{ 0xC8A3, { 0x10C, 0x590, 0x53C, 0x7A4, 0x03C, 0x698, 0x3AA, 0x49E, 0x582, 0x084, 0x000, 0x000 } }, /* 龋 */
	{ 0xC8A4, { 0x000, 0x200, 0x24C, 0x264, 0x254, 0x34C, 0x164, 0x55C, 0x668, 0x100, 0x0FC, 0x000 } }, /* 趣 */
	{ 0xC8A5, { 0x040, 0x040, 0x3F8, 0x040, 0x040, 0x7FC, 0x080, 0x110, 0x318, 0x304, 0x000, 0x000 } }, /* 去 */
	{ 0xC8A6, { 0x7FC, 0x404, 0x564, 0x4C4, 0x5F4, 0x5F4, 0x424, 0x494, 0x464, 0x404, 0x000, 0x000 } }, /* 圈 */
	{ 0xC8A7, { 0x280, 0x280, 0x6D0, 0x7E4, 0x22C, 0x7A4, 0x7A4, 0x790, 0x794, 0x420, 0x000, 0x000 } }, /* 颧 */
	{ 0xC8A8, { 0x000, 0x200, 0x27C, 0x744, 0x248, 0x308, 0x7A8, 0x630, 0x230, 0x248, 0x284, 0x000 } }, /* 权 */
	{ 0xC8A9, { 0x028, 0x33C, 0x300, 0x790, 0x7A8, 0x7FC, 0x490, 0x7B8, 0x490, 0x4BC, 0x000, 0x000 } }, /* 醛 */
	{ 0xC8AA, { 0x000, 0x000, 0x3F8, 0x208, 0x208, 0x208, 0x040, 0x768, 0x150, 0x258, 0x4C4, 0x000 } }, /* 泉 */
	{ 0xC8AB, { 0x000, 0x040, 0x0E0, 0x130, 0x20C, 0x5F4, 0x040, 0x3F8, 0x040, 0x040, 0x7FC, 0x000 } }, /* 全 */
	{ 0xC8AC, { 0x000, 0x000, 0x3FC, 0x220, 0x658, 0x28C, 0x678, 0x220, 0x230, 0x420, 0x4FC, 0x000 } }, /* 痊 */
	{ 0xC8AD, { 0x000, 0x040, 0x050, 0x3F8, 0x080, 0x110, 0x3FC, 0x3F0, 0x040, 0x040, 0x0C0, 0x000 } }, /* 拳 */
	{ 0xC8AE, { 0x040, 0x048, 0x040, 0x7FC, 0x0C0, 0x0E0, 0x0A0, 0x110, 0x208, 0x404, 0x000, 0x000 } }, /* 犬 */
	{ 0xC8AF, { 0x040, 0x150, 0x3F8, 0x080, 0x7FC, 0x110, 0x7FC, 0x090, 0x190, 0x330, 0x000, 0x000 } }, /* 券 */
	{ 0xC8B0, { 0x010, 0x010, 0x0BC, 0x094, 0x214, 0x114, 0x124, 0x2A4, 0x444, 0x048, 0x000, 0x000 } }, /* 劝 */
	{ 0xC8B1, { 0x010, 0x410, 0x7BC, 0x014, 0x794, 0x07C, 0x490, 0x4A8, 0x7E8, 0x044, 0x000, 0x000 } }, /* 缺 */
	{ 0xC8B2, { 0x000, 0x000, 0x200, 0x27C, 0x704, 0x204, 0x27C, 0x330, 0x230, 0x448, 0x484, 0x000 } }, /* 炔 */
	{ 0xC8B3, { 0x000, 0x020, 0x3FC, 0x2EC, 0x6A4, 0x200, 0x6FC, 0x2B4, 0x2A4, 0x4BC, 0x484, 0x000 } }, /* 瘸 */
	{ 0xC8B4, { 0x000, 0x100, 0x314, 0x114, 0x114, 0x7D4, 0x214, 0x294, 0x4D4, 0x650, 0x010, 0x000 } }, /* 却 */
	{ 0xC8B5, { 0x000, 0x010, 0x7BC, 0x224, 0x024, 0x7A0, 0x7BC, 0x480, 0x7B8, 0x484, 0x48C, 0x000 } }, /* 鹊 */
	{ 0xC8B6, { 0x200, 0x27C, 0x7A0, 0x240, 0x758, 0x6FC, 0x250, 0x27C, 0x27C, 0x240, 0x000, 0x000 } }, /* 榷 */
	{ 0xC8B7, { 0x000, 0x020, 0x778, 0x240, 0x27C, 0x754, 0x47C, 0x054, 0x354, 0x054, 0x094, 0x000 } }, /* 确 */
	{ 0xC8B8, { 0x000, 0x040, 0x35C, 0x060, 0x1C0, 0x7F8, 0x260, 0x220, 0x3F8, 0x260, 0x200, 0x000 } }, /* 雀 */
	{ 0xC8B9, { 0x000, 0x000, 0x134, 0x734, 0x124, 0x27C, 0x720, 0x23C, 0x264, 0x224, 0x224, 0x000 } }, /* 裙 */
	{ 0xC8BA, { 0x024, 0x288, 0x2BC, 0x280, 0x7BC, 0x000, 0x790, 0x298, 0x380, 0x280, 0x000, 0x000 } }, /* 群 */
	{ 0xC8BB, { 0x200, 0x218, 0x690, 0x5FC, 0x130, 0x328, 0x244, 0x000, 0x4A4, 0x484, 0x000, 0x000 } }, /* 然 */
	{ 0xC8BC, { 0x248, 0x24C, 0x2A8, 0x6FC, 0x208, 0x254, 0x294, 0x300, 0x494, 0x520, 0x000, 0x000 } }, /* 燃 */
	{ 0xC8BD, { 0x000, 0x040, 0x040, 0x248, 0x248, 0x3F8, 0x248, 0x7FC, 0x208, 0x208, 0x218, 0x000 } }, /* 冉 */
	{ 0xC8BE, { 0x000, 0x220, 0x070, 0x428, 0x048, 0x28C, 0x440, 0x7FC, 0x0E0, 0x358, 0x444, 0x000 } }, /* 染 */
	{ 0xC8BF, { 0x000, 0x7B8, 0x7B8, 0x7B8, 0x7B0, 0x7B0, 0x7B4, 0x2B4, 0x6DC, 0x240, 0x000, 0x000 } }, /* 瓤 */
	{ 0xC8C0, { 0x000, 0x020, 0x2FC, 0x2FC, 0x6FC, 0x0FC, 0x0F8, 0x2FC, 0x450, 0x148, 0x044, 0x000 } }, /* 壤 */
	{ 0xC8C1, { 0x000, 0x020, 0x200, 0x6FC, 0x2FC, 0x2F8, 0x678, 0x278, 0x250, 0x3C8, 0x444, 0x000 } }, /* 攘 */
	{ 0xC8C2, { 0x000, 0x020, 0x604, 0x2B4, 0x2FC, 0x2F8, 0x6F8, 0x658, 0x050, 0x1C8, 0x044, 0x000 } }, /* 嚷 */
	{ 0xC8C3, { 0x000, 0x000, 0x220, 0x020, 0x63C, 0x220, 0x220, 0x220, 0x220, 0x320, 0x2FC, 0x000 } }, /* 让 */
	{ 0xC8C4, { 0x220, 0x038, 0x560, 0x018, 0x078, 0x004, 0x07C, 0x320, 0x240, 0x08C, 0x000, 0x000 } }, /* 饶 */
	{ 0xC8C5, { 0x220, 0x228, 0x220, 0x27C, 0x230, 0x310, 0x650, 0x250, 0x294, 0x68C, 0x000, 0x000 } }, /* 扰 */
	{ 0xC8C6, { 0x200, 0x278, 0x428, 0x730, 0x2D4, 0x00C, 0x678, 0x050, 0x750, 0x08C, 0x000, 0x000 } }, /* 绕 */
	{ 0xC8C7, { 0x000, 0x100, 0x7FC, 0x040, 0x7FC, 0x1F0, 0x708, 0x1F8, 0x040, 0x504, 0x0F0, 0x000 } }, /* 惹 */
	{ 0xC8C8, { 0x220, 0x220, 0x778, 0x228, 0x768, 0x278, 0x244, 0x000, 0x424, 0x484, 0x000, 0x000 } }, /* 热 */
	{ 0xC8C9, { 0x000, 0x008, 0x3E0, 0x040, 0x040, 0x040, 0x040, 0x040, 0x040, 0x040, 0x000, 0x000 } }, /* 壬 */
	{ 0xC8CA, { 0x000, 0x100, 0x000, 0x2FC, 0x200, 0x600, 0x200, 0x200, 0x200, 0x2FC, 0x200, 0x000 } }, /* 仁 */
	{ 0xC8CB, { 0x000, 0x040, 0x040, 0x040, 0x040, 0x040, 0x0A0, 0x0A0, 0x110, 0x20C, 0x404, 0x000 } }, /* 人 */
	{ 0xC8CC, { 0x000, 0x000, 0x048, 0x048, 0x288, 0x188, 0x210, 0x148, 0x504, 0x500, 0x1F0, 0x000 } }, /* 忍 */
	{ 0xC8CD, { 0x200, 0x23C, 0x794, 0x214, 0x214, 0x7D4, 0x294, 0x2A4, 0x224, 0x240, 0x000, 0x000 } }, /* 韧 */
	{ 0xC8CE, { 0x000, 0x100, 0x278, 0x220, 0x600, 0x230, 0x230, 0x200, 0x200, 0x230, 0x200, 0x000 } }, /* 任 */
	{ 0xC8CF, { 0x220, 0x320, 0x020, 0x420, 0x230, 0x230, 0x210, 0x348, 0x28C, 0x104, 0x000, 0x000 } }, /* 认 */
	{ 0xC8D0, { 0x000, 0x7FC, 0x044, 0x244, 0x244, 0x244, 0x084, 0x184, 0x304, 0x418, 0x000, 0x000 } }, /* 刃 */
	{ 0xC8D1, { 0x000, 0x200, 0x278, 0x610, 0x410, 0x410, 0x510, 0x710, 0x310, 0x210, 0x43C, 0x000 } }, /* 妊 */
	{ 0xC8D2, { 0x200, 0x27C, 0x414, 0x754, 0x254, 0x004, 0x724, 0x024, 0x744, 0x088, 0x000, 0x000 } }, /* 纫 */
	{ 0xC8D3, { 0x200, 0x278, 0x728, 0x228, 0x20C, 0x340, 0x244, 0x244, 0x284, 0x68C, 0x000, 0x000 } }, /* 扔 */
	{ 0xC8D4, { 0x100, 0x178, 0x208, 0x248, 0x64C, 0x244, 0x244, 0x204, 0x284, 0x208, 0x000, 0x000 } }, /* 仍 */
	{ 0xC8D5, { 0x000, 0x1F8, 0x208, 0x208, 0x208, 0x3F8, 0x208, 0x208, 0x208, 0x3F8, 0x208, 0x000 } }, /* 日 */
	{ 0xC8D6, { 0x000, 0x008, 0x7FC, 0x000, 0x128, 0x7A8, 0x030, 0x230, 0x274, 0x48C, 0x000, 0x000 } }, /* 戎 */
	{ 0xC8D7, { 0x000, 0x100, 0x7FC, 0x100, 0x7FC, 0x110, 0x110, 0x110, 0x110, 0x7F8, 0x000, 0x000 } }, /* 茸 */
	{ 0xC8D8, { 0x000, 0x110, 0x7FC, 0x040, 0x7FC, 0x150, 0x2A8, 0x318, 0x7F4, 0x110, 0x110, 0x000 } }, /* 蓉 */
	{ 0xC8D9, { 0x000, 0x100, 0x7FC, 0x100, 0x7FC, 0x404, 0x040, 0x0E0, 0x150, 0x24C, 0x040, 0x000 } }, /* 荣 */
	{ 0xC8DA, { 0x000, 0x010, 0x010, 0x7BC, 0x4B4, 0x034, 0x7BC, 0x5B0, 0x794, 0x29C, 0x0A0, 0x000 } }, /* 融 */
	{ 0xC8DB, { 0x200, 0x2FC, 0x284, 0x64C, 0x230, 0x248, 0x2FC, 0x148, 0x448, 0x448, 0x000, 0x000 } }, /* 熔 */
	{ 0xC8DC, { 0x000, 0x020, 0x7FC, 0x104, 0x4C8, 0x0A0, 0x050, 0x1FC, 0x488, 0x488, 0x088, 0x000 } }, /* 溶 */
	{ 0xC8DD, { 0x000, 0x040, 0x040, 0x404, 0x110, 0x240, 0x1A0, 0x71C, 0x110, 0x110, 0x110, 0x000 } }, /* 容 */
	{ 0xC8DE, { 0x000, 0x010, 0x210, 0x5FC, 0x610, 0x254, 0x4D4, 0x648, 0x018, 0x6BE, 0x004, 0x000 } }, /* 绒 */
	{ 0xC8DF, { 0x000, 0x000, 0x7FC, 0x404, 0x0E0, 0x120, 0x100, 0x100, 0x100, 0x214, 0x400, 0x000 } }, /* 冗 */
	{ 0xC8E0, { 0x278, 0x208, 0x630, 0x234, 0x250, 0x600, 0x2FC, 0x278, 0x28C, 0x400, 0x000, 0x000 } }, /* 揉 */
	{ 0xC8E1, { 0x000, 0x3F8, 0x0B0, 0x0E0, 0x0E4, 0x320, 0x440, 0x7FC, 0x0E0, 0x35C, 0x440, 0x000 } }, /* 柔 */
	{ 0xC8E2, { 0x000, 0x040, 0x040, 0x7FC, 0x464, 0x594, 0x444, 0x4C4, 0x5B4, 0x404, 0x408, 0x000 } }, /* 肉 */
	{ 0xC8E3, { 0x000, 0x7FC, 0x000, 0x000, 0x7BC, 0x2A4, 0x4A4, 0x3A4, 0x1FC, 0x424, 0x000, 0x000 } }, /* 茹 */
	{ 0xC8E4, { 0x000, 0x278, 0x210, 0x7D4, 0x310, 0x300, 0x77C, 0x210, 0x36C, 0x7A4, 0x004, 0x000 } }, /* 蠕 */
	{ 0xC8E5, { 0x000, 0x2F8, 0x220, 0x324, 0x628, 0x208, 0x2FC, 0x220, 0x2D4, 0x254, 0x204, 0x000 } }, /* 儒 */
	{ 0xC8E6, { 0x07C, 0x110, 0x294, 0x210, 0x300, 0x27C, 0x230, 0x2AC, 0x2A4, 0x484, 0x000, 0x000 } }, /* 孺 */
	{ 0xC8E7, { 0x000, 0x100, 0x000, 0x7BC, 0x2A4, 0x2A4, 0x4A4, 0x3A4, 0x1BC, 0x224, 0x400, 0x000 } }, /* 如 */
	{ 0xC8E8, { 0x000, 0x200, 0x200, 0x3FC, 0x030, 0x59C, 0x010, 0x210, 0x110, 0x030, 0x000, 0x000 } }, /* 辱 */
	{ 0xC8E9, { 0x0D0, 0x410, 0x550, 0x050, 0x7D0, 0x090, 0x1D0, 0x710, 0x114, 0x10C, 0x000, 0x000 } }, /* 乳 */
	{ 0xC8EA, { 0x020, 0x220, 0x020, 0x4FC, 0x248, 0x048, 0x250, 0x230, 0x42C, 0x4C4, 0x000, 0x000 } }, /* 汝 */
	{ 0xC8EB, { 0x000, 0x000, 0x080, 0x040, 0x040, 0x0A0, 0x0A0, 0x110, 0x318, 0x60C, 0x000, 0x000 } }, /* 入 */
	{ 0xC8EC, { 0x27C, 0x280, 0x680, 0x2FC, 0x3A8, 0x7AC, 0x288, 0x2FC, 0x228, 0x308, 0x000, 0x000 } }, /* 褥 */
	{ 0xC8ED, { 0x000, 0x220, 0x220, 0x23C, 0x544, 0x510, 0x710, 0x110, 0x728, 0x16C, 0x144, 0x000 } }, /* 软 */
	{ 0xC8EE, { 0x700, 0x500, 0x500, 0x400, 0x57C, 0x520, 0x400, 0x740, 0x440, 0x48C, 0x000, 0x000 } }, /* 阮 */
	{ 0xC8EF, { 0x000, 0x020, 0x7FC, 0x000, 0x048, 0x410, 0x000, 0x198, 0x6E4, 0x240, 0x318, 0x000 } }, /* 蕊 */
	{ 0xC8F0, { 0x000, 0x714, 0x27C, 0x200, 0x6FC, 0x220, 0x2FC, 0x6A4, 0x0A4, 0x084, 0x000, 0x000 } }, /* 瑞 */
	{ 0xC8F1, { 0x000, 0x240, 0x228, 0x418, 0x044, 0x244, 0x278, 0x220, 0x200, 0x340, 0x28C, 0x000 } }, /* 锐 */
	{ 0xC8F2, { 0x000, 0x200, 0x07C, 0x404, 0x5F4, 0x444, 0x4F4, 0x444, 0x5F4, 0x404, 0x40C, 0x000 } }, /* 闰 */
	{ 0xC8F3, { 0x000, 0x080, 0x21C, 0x000, 0x470, 0x000, 0x070, 0x200, 0x478, 0x404, 0x404, 0x000 } }, /* 润 */
	{ 0xC8F4, { 0x110, 0x7FC, 0x110, 0x040, 0x7FC, 0x180, 0x3F8, 0x508, 0x108, 0x108, 0x000, 0x000 } }, /* 若 */
	{ 0xC8F5, { 0x3B8, 0x084, 0x3BC, 0x420, 0x7BC, 0x084, 0x294, 0x3B4, 0x484, 0x188, 0x000, 0x000 } }, /* 弱 */
	{ 0xC8F6, { 0x000, 0x088, 0x0E8, 0x6AC, 0x0F4, 0x214, 0x6A4, 0x0EC, 0x0A8, 0x0AC, 0x430, 0x000 } }, /* 撒 */
	{ 0xC8F7, { 0x000, 0x278, 0x010, 0x0FC, 0x494, 0x0D4, 0x2CC, 0x284, 0x4FC, 0x484, 0x000, 0x000 } }, /* 洒 */
	{ 0xC8F8, { 0x120, 0x7FC, 0x010, 0x57C, 0x520, 0x428, 0x540, 0x500, 0x480, 0x500, 0x000, 0x000 } }, /* 萨 */
	{ 0xC8F9, { 0x000, 0x554, 0x554, 0x754, 0x554, 0x510, 0x710, 0x564, 0x5A0, 0x338, 0x000, 0x000 } }, /* 腮 */
	{ 0xC8FA, { 0x000, 0x200, 0x734, 0x514, 0x7BC, 0x594, 0x798, 0x580, 0x06C, 0x1E0, 0x418, 0x000 } }, /* 鳃 */
	{ 0xC8FB, { 0x000, 0x040, 0x7FC, 0x1F4, 0x0A0, 0x1B0, 0x7FC, 0x150, 0x7F4, 0x040, 0x3F8, 0x000 } }, /* 塞 */
	{ 0xC8FC, { 0x000, 0x040, 0x534, 0x3F8, 0x1F8, 0x1B0, 0x110, 0x7FC, 0x150, 0x090, 0x308, 0x000 } }, /* 赛 */
	{ 0xC8FD, { 0x000, 0x3F8, 0x000, 0x000, 0x000, 0x000, 0x000, 0x000, 0x7FC, 0x000, 0x000, 0x000 } }, /* 三 */
	{ 0xC8FE, { 0x000, 0x080, 0x110, 0x3C8, 0x7FC, 0x110, 0x318, 0x404, 0x1F0, 0x000, 0x3F8, 0x000 } }, /* 叁 */
	{ 0xC9A1, { 0x000, 0x040, 0x0A0, 0x110, 0x24C, 0x140, 0x150, 0x050, 0x040, 0x040, 0x040, 0x000 } }, /* 伞 */
	{ 0xC9A2, { 0x290, 0x790, 0x2BC, 0x7E0, 0x020, 0x488, 0x798, 0x798, 0x49C, 0x4A4, 0x000, 0x000 } }, /* 散 */
	{ 0xC9A3, { 0x000, 0x000, 0x1B0, 0x0F0, 0x7B8, 0x2A8, 0x398, 0x440, 0x1F0, 0x358, 0x440, 0x000 } }, /* 桑 */
	{ 0xC9A4, { 0x078, 0x630, 0x478, 0x4EC, 0x4EC, 0x66C, 0x6B0, 0x478, 0x0CC, 0x000, 0x000, 0x000 } }, /* 嗓 */
	{ 0xC9A5, { 0x040, 0x7FC, 0x040, 0x350, 0x150, 0x3C8, 0x258, 0x230, 0x298, 0x304, 0x000, 0x000 } }, /* 丧 */
	{ 0xC9A6, { 0x2F8, 0x268, 0x750, 0x230, 0x36C, 0x6F0, 0x2A0, 0x2F8, 0x224, 0x6F4, 0x000, 0x000 } }, /* 搔 */
	{ 0xC9A7, { 0x078, 0x148, 0x528, 0x530, 0x5FC, 0x778, 0x154, 0x578, 0x114, 0x3FC, 0x000, 0x000 } }, /* 骚 */
	{ 0xC9A8, { 0x200, 0x27C, 0x784, 0x204, 0x33C, 0x304, 0x204, 0x204, 0x27C, 0x604, 0x000, 0x000 } }, /* 扫 */
	{ 0xC9A9, { 0x210, 0x254, 0x7D4, 0x154, 0x57C, 0x510, 0x748, 0x328, 0x430, 0x0CC, 0x000, 0x000 } }, /* 嫂 */
	{ 0xC9AA, { 0x000, 0x000, 0x010, 0x7B8, 0x010, 0x7BC, 0x010, 0x010, 0x564, 0x188, 0x6F0, 0x000 } }, /* 瑟 */
	{ 0xC9AB, { 0x000, 0x080, 0x1F0, 0x220, 0x7F8, 0x248, 0x248, 0x208, 0x200, 0x204, 0x1F8, 0x000 } }, /* 色 */
	{ 0xC9AC, { 0x000, 0x000, 0x224, 0x0A4, 0x4A4, 0x248, 0x000, 0x290, 0x090, 0x480, 0x1FC, 0x000 } }, /* 涩 */
	{ 0xC9AD, { 0x000, 0x040, 0x3F8, 0x0E0, 0x35C, 0x040, 0x7BC, 0x338, 0x3B8, 0x554, 0x110, 0x000 } }, /* 森 */
	{ 0xC9AE, { 0x000, 0x008, 0x238, 0x2BC, 0x6CC, 0x2B4, 0x200, 0x24C, 0x278, 0x244, 0x24C, 0x000 } }, /* 僧 */
	{ 0xC9AF, { 0x000, 0x7FC, 0x000, 0x220, 0x02C, 0x4A4, 0x0A8, 0x218, 0x430, 0x4C0, 0x000, 0x000 } }, /* 莎 */
	{ 0xC9B0, { 0x000, 0x010, 0x790, 0x254, 0x254, 0x750, 0x4D4, 0x004, 0x308, 0x010, 0x060, 0x000 } }, /* 砂 */
	{ 0xC9B1, { 0x000, 0x110, 0x0E0, 0x060, 0x118, 0x040, 0x7FC, 0x040, 0x148, 0x244, 0x0C0, 0x000 } }, /* 杀 */
	{ 0xC9B2, { 0x004, 0x384, 0x194, 0x254, 0x514, 0x7D4, 0x114, 0x554, 0x504, 0x30C, 0x000, 0x000 } }, /* 刹 */
	{ 0xC9B3, { 0x020, 0x220, 0x0AC, 0x0A4, 0x6A0, 0x0A4, 0x208, 0x410, 0x460, 0x5C0, 0x000, 0x000 } }, /* 沙 */
	{ 0xC9B4, { 0x210, 0x210, 0x510, 0x754, 0x250, 0x654, 0x604, 0x008, 0x610, 0x060, 0x000, 0x000 } }, /* 纱 */
	{ 0xC9B5, { 0x000, 0x220, 0x2FC, 0x6B4, 0x6C4, 0x2F8, 0x284, 0x278, 0x2E8, 0x230, 0x2CC, 0x000 } }, /* 傻 */
	{ 0xC9B6, { 0x000, 0x020, 0x630, 0x548, 0x5F4, 0x510, 0x530, 0x530, 0x548, 0x448, 0x078, 0x000 } }, /* 啥 */
	{ 0xC9B7, { 0x000, 0x210, 0x390, 0x4AC, 0x7E8, 0x098, 0x098, 0x7BC, 0x000, 0x4A4, 0x4A4, 0x000 } }, /* 煞 */
	{ 0xC9B8, { 0x000, 0x210, 0x3FC, 0x408, 0x17C, 0x510, 0x57C, 0x554, 0x554, 0x254, 0x610, 0x000 } }, /* 筛 */
	{ 0xC9B9, { 0x0FC, 0x630, 0x020, 0x0FC, 0x6A4, 0x0A4, 0x0CC, 0x684, 0x0FC, 0x084, 0x000, 0x000 } }, /* 晒 */
	{ 0xC9BA, { 0x048, 0x6B4, 0x0B4, 0x4B4, 0x6FC, 0x0B4, 0x0B4, 0x6B4, 0x174, 0x120, 0x000, 0x000 } }, /* 珊 */
	{ 0xC9BB, { 0x000, 0x100, 0x7FC, 0x110, 0x040, 0x07C, 0x040, 0x208, 0x208, 0x208, 0x208, 0x000 } }, /* 苫 */
	{ 0xC9BC, { 0x000, 0x000, 0x008, 0x790, 0x224, 0x308, 0x790, 0x424, 0x00C, 0x030, 0x060, 0x000 } }, /* 杉 */
	{ 0xC9BD, { 0x000, 0x040, 0x040, 0x040, 0x444, 0x444, 0x444, 0x444, 0x444, 0x7FC, 0x004, 0x000 } }, /* 山 */
	{ 0xC9BE, { 0x240, 0x52C, 0x52C, 0x52C, 0x7FC, 0x52C, 0x5AC, 0x5A4, 0x5A4, 0x224, 0x000, 0x000 } }, /* 删 */
	{ 0xC9BF, { 0x000, 0x210, 0x27C, 0x204, 0x77C, 0x240, 0x294, 0x2DC, 0x594, 0x494, 0x024, 0x000 } }, /* 煽 */
	{ 0xC9C0, { 0x000, 0x100, 0x108, 0x710, 0x120, 0x388, 0x710, 0x6A0, 0x20C, 0x210, 0x260, 0x000 } }, /* 衫 */
	{ 0xC9C1, { 0x000, 0x200, 0x17C, 0x404, 0x444, 0x444, 0x4E4, 0x494, 0x514, 0x404, 0x40C, 0x000 } }, /* 闪 */
	{ 0xC9C2, { 0x000, 0x530, 0x420, 0x608, 0x448, 0x5FC, 0x530, 0x450, 0x4C8, 0x504, 0x000, 0x000 } }, /* 陕 */
	{ 0xC9C3, { 0x000, 0x220, 0x200, 0x6FC, 0x2B4, 0x2B4, 0x678, 0x2FC, 0x27C, 0x278, 0x4FC, 0x000 } }, /* 擅 */
	{ 0xC9C4, { 0x000, 0x020, 0x748, 0x17C, 0x364, 0x37C, 0x33C, 0x71C, 0x400, 0x5A4, 0x0BC, 0x000 } }, /* 赡 */
	{ 0xC9C5, { 0x000, 0x028, 0x57C, 0x530, 0x710, 0x57C, 0x558, 0x500, 0x57C, 0x544, 0x17C, 0x000 } }, /* 膳 */
	{ 0xC9C6, { 0x000, 0x110, 0x7FC, 0x040, 0x040, 0x3F8, 0x150, 0x404, 0x3F8, 0x208, 0x3F8, 0x000 } }, /* 善 */
	{ 0xC9C7, { 0x000, 0x000, 0x210, 0x010, 0x094, 0x694, 0x094, 0x294, 0x294, 0x4FC, 0x404, 0x000 } }, /* 汕 */
	{ 0xC9C8, { 0x000, 0x040, 0x3FC, 0x204, 0x3FC, 0x1DC, 0x044, 0x454, 0x4CC, 0x554, 0x4CC, 0x000 } }, /* 扇 */
	{ 0xC9C9, { 0x000, 0x228, 0x27C, 0x410, 0x710, 0x27C, 0x058, 0x644, 0x07C, 0x744, 0x07C, 0x000 } }, /* 缮 */
	{ 0xC9CA, { 0x000, 0x020, 0x0FC, 0x048, 0x6FC, 0x084, 0x0CC, 0x0F4, 0x6B4, 0x084, 0x084, 0x000 } }, /* 墒 */
	{ 0xC9CB, { 0x040, 0x240, 0x2FC, 0x6A0, 0x620, 0x2FC, 0x224, 0x244, 0x244, 0x288, 0x000, 0x000 } }, /* 伤 */
	{ 0xC9CC, { 0x040, 0x7FC, 0x100, 0x3F8, 0x000, 0x090, 0x0E0, 0x0A0, 0x0E0, 0x008, 0x000, 0x000 } }, /* 商 */
	{ 0xC9CD, { 0x048, 0x150, 0x404, 0x5F0, 0x110, 0x000, 0x248, 0x248, 0x090, 0x70C, 0x000, 0x000 } }, /* 赏 */
	{ 0xC9CE, { 0x000, 0x020, 0x720, 0x1C6, 0x190, 0x7A8, 0x1A8, 0x1A8, 0x7B8, 0x580, 0x084, 0x000 } }, /* 晌 */
	{ 0xC9CF, { 0x000, 0x000, 0x040, 0x040, 0x078, 0x040, 0x040, 0x040, 0x040, 0x0C0, 0x000, 0x000 } }, /* 上 */
	{ 0xC9D0, { 0x000, 0x040, 0x248, 0x150, 0x7FC, 0x404, 0x4E4, 0x514, 0x5B4, 0x404, 0x408, 0x000 } }, /* 尚 */
	{ 0xC9D1, { 0x000, 0x048, 0x150, 0x404, 0x1F0, 0x1F0, 0x040, 0x0E8, 0x128, 0x558, 0x184, 0x000 } }, /* 裳 */
	{ 0xC9D2, { 0x210, 0x254, 0x710, 0x27C, 0x244, 0x77C, 0x244, 0x244, 0x244, 0x24C, 0x000, 0x000 } }, /* 梢 */
	{ 0xC9D3, { 0x210, 0x254, 0x750, 0x27C, 0x244, 0x67C, 0x244, 0x27C, 0x244, 0x44C, 0x000, 0x000 } }, /* 捎 */
	{ 0xC9D4, { 0x000, 0x110, 0x654, 0x210, 0x77C, 0x244, 0x37C, 0x644, 0x27C, 0x244, 0x24C, 0x000 } }, /* 稍 */
	{ 0xC9D5, { 0x000, 0x200, 0x2F8, 0x228, 0x330, 0x2D4, 0x208, 0x2FC, 0x550, 0x450, 0x08C, 0x000 } }, /* 烧 */
	{ 0xC9D6, { 0x000, 0x7FC, 0x020, 0x100, 0x3F8, 0x408, 0x108, 0x088, 0x008, 0x038, 0x000, 0x000 } }, /* 芍 */
	{ 0xC9D7, { 0x100, 0x100, 0x3FC, 0x204, 0x404, 0x084, 0x044, 0x000, 0x008, 0x018, 0x000, 0x000 } }, /* 勺 */
	{ 0xC9D8, { 0x000, 0x000, 0x794, 0x094, 0x204, 0x7EC, 0x000, 0x4A4, 0x7A4, 0x4A4, 0x4A4, 0x000 } }, /* 韶 */
	{ 0xC9D9, { 0x000, 0x040, 0x040, 0x150, 0x24C, 0x444, 0x448, 0x058, 0x020, 0x0C0, 0x700, 0x000 } }, /* 少 */
	{ 0xC9DA, { 0x010, 0x694, 0x510, 0x17C, 0x104, 0x17C, 0x704, 0x444, 0x004, 0x08C, 0x000, 0x000 } }, /* 哨 */
	{ 0xC9DB, { 0x000, 0x354, 0x244, 0x200, 0x488, 0x384, 0x440, 0x444, 0x7C8, 0x440, 0x000, 0x000 } }, /* 邵 */
	{ 0xC9DC, { 0x200, 0x234, 0x4A4, 0x724, 0x24C, 0x200, 0x744, 0x044, 0x764, 0x044, 0x000, 0x000 } }, /* 绍 */
	{ 0xC9DD, { 0x000, 0x040, 0x7FC, 0x110, 0x6EC, 0x050, 0x060, 0x1F8, 0x708, 0x108, 0x1F8, 0x000 } }, /* 奢 */
	{ 0xC9DE, { 0x000, 0x010, 0x730, 0x428, 0x6E4, 0x600, 0x67C, 0x610, 0x254, 0x554, 0x410, 0x000 } }, /* 赊 */
	{ 0xC9DF, { 0x000, 0x210, 0x210, 0x7C4, 0x6C0, 0x6A0, 0x7AC, 0x6B0, 0x2A0, 0x7A0, 0x01C, 0x000 } }, /* 蛇 */
	{ 0xC9E0, { 0x000, 0x008, 0x3C0, 0x040, 0x7FC, 0x040, 0x3F8, 0x208, 0x208, 0x3F8, 0x208, 0x000 } }, /* 舌 */
	{ 0xC9E1, { 0x000, 0x040, 0x0A0, 0x110, 0x6EC, 0x040, 0x3F8, 0x040, 0x318, 0x208, 0x3F8, 0x000 } }, /* 舍 */
	{ 0xC9E2, { 0x110, 0x110, 0x13C, 0x120, 0x2E8, 0x688, 0x6D8, 0x218, 0x01C, 0x520, 0x000, 0x000 } }, /* 赦 */
	{ 0xC9E3, { 0x2FC, 0x248, 0x748, 0x278, 0x2FC, 0x608, 0x2D4, 0x2D0, 0x248, 0x4B4, 0x000, 0x000 } }, /* 摄 */
	{ 0xC9E4, { 0x000, 0x008, 0x388, 0x448, 0x7FC, 0x788, 0x428, 0x788, 0x108, 0x208, 0x498, 0x000 } }, /* 射 */
	{ 0xC9E5, { 0x2FC, 0x248, 0x748, 0x678, 0xAFC, 0x208, 0x254, 0x2D4, 0x2C8, 0x334, 0x000, 0x000 } }, /* 慑 */
	{ 0xC9E6, { 0x000, 0x210, 0x010, 0x480, 0x2FC, 0x000, 0x284, 0x298, 0x430, 0x4C0, 0x000, 0x000 } }, /* 涉 */
	{ 0xC9E7, { 0x000, 0x210, 0x010, 0x010, 0x17C, 0x210, 0x310, 0x690, 0x210, 0x210, 0x200, 0x000 } }, /* 社 */
	{ 0xC9E8, { 0x000, 0x250, 0x000, 0x48C, 0x288, 0x2C8, 0x248, 0x330, 0x230, 0x08C, 0x000, 0x000 } }, /* 设 */
	{ 0xC9E9, { 0x000, 0x010, 0x710, 0x254, 0x254, 0x77C, 0x654, 0x27C, 0x350, 0x210, 0x010, 0x000 } }, /* 砷 */
	{ 0xC9EA, { 0x000, 0x040, 0x040, 0x64C, 0x444, 0x7FC, 0x444, 0x7FC, 0x444, 0x040, 0x040, 0x000 } }, /* 申 */
	{ 0xC9EB, { 0x000, 0x010, 0x610, 0x5D4, 0x514, 0x57C, 0x514, 0x77C, 0x010, 0x010, 0x010, 0x000 } }, /* 呻 */
	{ 0xC9EC, { 0x000, 0x000, 0x210, 0x2B4, 0x684, 0x6FC, 0x284, 0x2FC, 0x280, 0x200, 0x200, 0x000 } }, /* 伸 */
	{ 0xC9ED, { 0x000, 0x080, 0x1F8, 0x108, 0x108, 0x1FC, 0x108, 0x7F8, 0x068, 0x188, 0x618, 0x000 } }, /* 身 */
	{ 0xC9EE, { 0x000, 0x384, 0x040, 0x488, 0x020, 0x0FC, 0x270, 0x268, 0x4A4, 0x420, 0x000, 0x000 } }, /* 深 */
	{ 0xC9EF, { 0x200, 0x240, 0x600, 0x500, 0x57C, 0x530, 0x72C, 0x3A8, 0x6B4, 0x424, 0x000, 0x000 } }, /* 娠 */
	{ 0xC9F0, { 0x000, 0x010, 0x210, 0x47C, 0x714, 0x27C, 0x214, 0x77C, 0x010, 0x610, 0x010, 0x000 } }, /* 绅 */
	{ 0xC9F1, { 0x210, 0x010, 0x754, 0x154, 0x27C, 0x754, 0x27C, 0x254, 0x210, 0x210, 0x000, 0x000 } }, /* 神 */
	{ 0xC9F2, { 0x000, 0x020, 0x220, 0x0FC, 0x0A4, 0x620, 0x030, 0x230, 0x250, 0x4D0, 0x49C, 0x000 } }, /* 沈 */
	{ 0xC9F3, { 0x000, 0x040, 0x7FC, 0x404, 0x040, 0x248, 0x3F8, 0x248, 0x3F8, 0x040, 0x040, 0x000 } }, /* 审 */
	{ 0xC9F4, { 0x000, 0x210, 0x2FC, 0x790, 0x57C, 0x554, 0x57C, 0x654, 0x37C, 0x410, 0x010, 0x000 } }, /* 婶 */
	{ 0xC9F5, { 0x000, 0x110, 0x7FC, 0x110, 0x110, 0x1F0, 0x110, 0x7FC, 0x290, 0x200, 0x3F8, 0x000 } }, /* 甚 */
	{ 0xC9F6, { 0x000, 0x568, 0x528, 0x538, 0x04C, 0x3F8, 0x3F8, 0x208, 0x208, 0x218, 0x000, 0x000 } }, /* 肾 */
	{ 0xC9F7, { 0x200, 0x2FC, 0x278, 0x348, 0x248, 0x248, 0x248, 0x2FC, 0x248, 0x284, 0x000, 0x000 } }, /* 慎 */
	{ 0xC9F8, { 0x000, 0x040, 0x6D8, 0x020, 0x5FC, 0x450, 0x124, 0x2D0, 0x06C, 0x4B0, 0x4C0, 0x000 } }, /* 渗 */
	{ 0xC9F9, { 0x040, 0x7FC, 0x040, 0x000, 0x3F8, 0x240, 0x268, 0x200, 0x400, 0x400, 0x000, 0x000 } }, /* 声 */
	{ 0xC9FA, { 0x000, 0x040, 0x240, 0x240, 0x440, 0x440, 0x3F0, 0x040, 0x040, 0x040, 0x000, 0x000 } }, /* 生 */
	{ 0xC9FB, { 0x03C, 0x454, 0x77C, 0x654, 0x27C, 0x300, 0x07C, 0x324, 0x624, 0x04C, 0x000, 0x000 } }, /* 甥 */
	{ 0xC9FC, { 0x010, 0x250, 0x77C, 0x750, 0x010, 0x37C, 0x610, 0x010, 0x07C, 0x200, 0x000, 0x000 } }, /* 牲 */
	{ 0xC9FD, { 0x000, 0x050, 0x390, 0x090, 0x090, 0xFFE, 0x110, 0x110, 0x310, 0x610, 0x410, 0x000 } }, /* 升 */
	{ 0xC9FE, { 0x278, 0x040, 0x578, 0x730, 0x2F4, 0x0FC, 0x684, 0x0FC, 0x300, 0x01C, 0x000, 0x000 } }, /* 绳 */
	{ 0xCAA1, { 0x040, 0x148, 0x254, 0x060, 0x1F8, 0x608, 0x1F8, 0x108, 0x008, 0x1F8, 0x000, 0x000 } }, /* 省 */
	{ 0xCAA2, { 0x000, 0x028, 0x06C, 0x420, 0x7A8, 0x490, 0x5BC, 0x04C, 0x2A8, 0x2A8, 0x7FC, 0x000 } }, /* 盛 */
	{ 0xCAA3, { 0x000, 0x044, 0x104, 0x7E4, 0x004, 0x664, 0x244, 0x184, 0x3C4, 0x404, 0x00C, 0x000 } }, /* 剩 */
	{ 0xCAA4, { 0x000, 0x010, 0x550, 0x450, 0x7D0, 0x490, 0x778, 0x510, 0x410, 0x510, 0x17C, 0x000 } }, /* 胜 */
	{ 0xCAA5, { 0x000, 0x000, 0x110, 0x090, 0x0E0, 0x1BC, 0x440, 0x3F8, 0x040, 0x040, 0x7FC, 0x000 } }, /* 圣 */
	{ 0xCAA6, { 0x100, 0x510, 0x510, 0x57C, 0x554, 0x554, 0x554, 0x254, 0x210, 0x410, 0x000, 0x000 } }, /* 师 */
	{ 0xCAA7, { 0x040, 0x240, 0x240, 0x240, 0x440, 0x7FC, 0x0C0, 0x0A0, 0x318, 0x604, 0x000, 0x000 } }, /* 失 */
	{ 0xCAA8, { 0x040, 0x648, 0x648, 0x27C, 0x26C, 0x36C, 0x56C, 0x26C, 0x288, 0x488, 0x000, 0x000 } }, /* 狮 */
	{ 0xCAA9, { 0x000, 0x220, 0x07C, 0x740, 0x090, 0x35C, 0x1D4, 0x554, 0x550, 0x544, 0x03C, 0x000 } }, /* 施 */
	{ 0xCAAA, { 0x000, 0x0F8, 0x284, 0x0FC, 0x084, 0x4FC, 0x000, 0x354, 0x4D4, 0x450, 0x1FC, 0x000 } }, /* 湿 */
	{ 0xCAAB, { 0x000, 0x020, 0x2F8, 0x020, 0x430, 0x208, 0x2FC, 0x208, 0x248, 0x308, 0x018, 0x000 } }, /* 诗 */
	{ 0xCAAC, { 0x000, 0x000, 0x20C, 0x204, 0x204, 0x3FC, 0x200, 0x200, 0x000, 0x400, 0x400, 0x000 } }, /* 尸 */
	{ 0xCAAD, { 0x000, 0x010, 0x3C0, 0x000, 0x7C0, 0x400, 0x7C0, 0x028, 0x1EC, 0x404, 0x000, 0x000 } }, /* 虱 */
	{ 0xCAAE, { 0x000, 0x040, 0x040, 0x040, 0x040, 0x7FC, 0x040, 0x040, 0x040, 0x040, 0x040, 0x000 } }, /* 十 */
	{ 0xCAAF, { 0x000, 0x000, 0x0C0, 0x080, 0x080, 0x1F8, 0x300, 0x500, 0x100, 0x1F8, 0x100, 0x000 } }, /* 石 */
	{ 0xCAB0, { 0x220, 0x230, 0x248, 0x24C, 0x2B8, 0x300, 0x648, 0x240, 0x278, 0x640, 0x000, 0x000 } }, /* 拾 */
	{ 0xCAB1, { 0x000, 0x008, 0x708, 0x57C, 0x508, 0x708, 0x528, 0x508, 0x508, 0x408, 0x018, 0x000 } }, /* 时 */
	{ 0xCAB2, { 0x100, 0x120, 0x220, 0x230, 0x630, 0x220, 0x220, 0x220, 0x220, 0x220, 0x000, 0x000 } }, /* 什 */
	{ 0xCAB3, { 0x000, 0x040, 0x0A0, 0x150, 0x7FC, 0x110, 0x110, 0x1F0, 0x008, 0x130, 0x308, 0x000 } }, /* 食 */
	{ 0xCAB4, { 0x010, 0x210, 0x7FC, 0x554, 0x214, 0x254, 0x274, 0x310, 0x214, 0x2E4, 0x000, 0x000 } }, /* 蚀 */
	{ 0xCAB5, { 0x000, 0x040, 0x3F8, 0x404, 0x120, 0x0A0, 0x120, 0x7FC, 0x040, 0x098, 0x704, 0x000 } }, /* 实 */
	{ 0xCAB6, { 0x000, 0x200, 0x2CC, 0x004, 0x604, 0x204, 0x278, 0x200, 0x348, 0x284, 0x084, 0x000 } }, /* 识 */
	{ 0xCAB7, { 0x000, 0x040, 0x040, 0x248, 0x040, 0x248, 0x040, 0x140, 0x1C0, 0x1E0, 0x60C, 0x000 } }, /* 史 */
	{ 0xCAB8, { 0x100, 0x100, 0x240, 0x240, 0x040, 0x7FC, 0x060, 0x0B0, 0x118, 0x604, 0x000, 0x000 } }, /* 矢 */
	{ 0xCAB9, { 0x000, 0x220, 0x2FC, 0x620, 0x6FC, 0x6A4, 0x2FC, 0x2A0, 0x260, 0x270, 0x28C, 0x000 } }, /* 使 */
	{ 0xCABA, { 0x000, 0x3F8, 0x008, 0x3F8, 0x000, 0x0A8, 0x5FC, 0x470, 0x4B0, 0x52C, 0x020, 0x000 } }, /* 屎 */
	{ 0xCABB, { 0x010, 0x110, 0x554, 0x554, 0x57C, 0x390, 0x090, 0x430, 0x038, 0x344, 0x000, 0x000 } }, /* 驶 */
	{ 0xCABC, { 0x220, 0x220, 0x748, 0x5CC, 0x500, 0x538, 0x744, 0x344, 0x27C, 0x444, 0x000, 0x000 } }, /* 始 */
	{ 0xCABD, { 0x020, 0x028, 0x7FC, 0x020, 0x020, 0x120, 0x100, 0x110, 0x38C, 0x00C, 0x000, 0x000 } }, /* 式 */
	{ 0xCABE, { 0x000, 0x3F8, 0x000, 0x000, 0x444, 0x040, 0x248, 0x248, 0x444, 0x0C0, 0x000, 0x000 } }, /* 示 */
	{ 0xCABF, { 0x000, 0x040, 0x040, 0x040, 0x040, 0x7FC, 0x040, 0x040, 0x040, 0x040, 0x3F8, 0x000 } }, /* 士 */
	{ 0xCAC0, { 0x000, 0x090, 0x290, 0x290, 0x7FC, 0x290, 0x290, 0x2D0, 0x200, 0x200, 0x3FC, 0x000 } }, /* 世 */
	{ 0xCAC1, { 0x000, 0x200, 0x210, 0x77C, 0x210, 0x37C, 0x754, 0x254, 0x254, 0x250, 0x210, 0x000 } }, /* 柿 */
	{ 0xCAC2, { 0x040, 0x7FC, 0x3F8, 0x248, 0x040, 0x3F8, 0x7FC, 0x048, 0x048, 0x0C0, 0x000, 0x000 } }, /* 事 */
	{ 0xCAC3, { 0x210, 0x210, 0x2FC, 0x210, 0x270, 0x650, 0x240, 0x248, 0x2EE, 0x404, 0x000, 0x000 } }, /* 拭 */
	{ 0xCAC4, { 0x000, 0x23C, 0x340, 0x77C, 0x208, 0x248, 0x3F8, 0x3F8, 0x000, 0x208, 0x3F8, 0x000 } }, /* 誓 */
	{ 0xCAC5, { 0x000, 0x09C, 0x490, 0x1C0, 0x09C, 0x6E8, 0x0A8, 0x0A8, 0x2A8, 0x700, 0x0FC, 0x000 } }, /* 逝 */
	{ 0xCAC6, { 0x020, 0x778, 0x128, 0x768, 0x04C, 0x204, 0x7F8, 0x088, 0x108, 0x630, 0x000, 0x000 } }, /* 势 */
	{ 0xCAC7, { 0x1F0, 0x208, 0x3F8, 0x318, 0x000, 0x7FC, 0x040, 0x378, 0x3C0, 0x47C, 0x000, 0x000 } }, /* 是 */
	{ 0xCAC8, { 0x020, 0x678, 0x2FC, 0x260, 0x2F0, 0x67C, 0x678, 0x044, 0x044, 0x07C, 0x000, 0x000 } }, /* 嗜 */
	{ 0xCAC9, { 0x000, 0x008, 0x6EC, 0x2D4, 0x200, 0x2FC, 0x200, 0x688, 0x2EC, 0x000, 0x0FC, 0x000 } }, /* 噬 */
	{ 0xCACA, { 0x000, 0x008, 0x420, 0x020, 0x0FC, 0x620, 0x288, 0x280, 0x2F8, 0x300, 0x4FC, 0x000 } }, /* 适 */
	{ 0xCACB, { 0x000, 0x120, 0x120, 0x220, 0x6B4, 0x620, 0x220, 0x220, 0x220, 0x230, 0x200, 0x000 } }, /* 仕 */
	{ 0xCACC, { 0x200, 0x230, 0x230, 0x630, 0x208, 0x208, 0x208, 0x248, 0x208, 0x218, 0x000, 0x000 } }, /* 侍 */
	{ 0xCACD, { 0x000, 0x1B8, 0x228, 0x4A8, 0x618, 0x744, 0x310, 0x690, 0x47C, 0x010, 0x010, 0x000 } }, /* 释 */
	{ 0xCACE, { 0x200, 0x640, 0x57C, 0x090, 0x07C, 0x254, 0x254, 0x354, 0x254, 0x010, 0x000, 0x000 } }, /* 饰 */
	{ 0xCACF, { 0x008, 0x7C0, 0x440, 0x040, 0x3FC, 0x000, 0x020, 0x020, 0x714, 0x008, 0x000, 0x000 } }, /* 氏 */
	{ 0xCAD0, { 0x000, 0x040, 0x040, 0x7FC, 0x040, 0x3F8, 0x248, 0x248, 0x248, 0x258, 0x040, 0x000 } }, /* 市 */
	{ 0xCAD1, { 0x000, 0x200, 0x27C, 0x310, 0x6B0, 0x208, 0x27C, 0x208, 0x248, 0x208, 0x218, 0x000 } }, /* 恃 */
	{ 0xCAD2, { 0x000, 0x040, 0x7FC, 0x404, 0x3F8, 0x090, 0x3F8, 0x040, 0x3F8, 0x040, 0x7FC, 0x000 } }, /* 室 */
	{ 0xCAD3, { 0x200, 0x248, 0x740, 0x050, 0x240, 0x760, 0x230, 0x230, 0x250, 0x28C, 0x000, 0x000 } }, /* 视 */
	{ 0xCAD4, { 0x010, 0x614, 0x0FC, 0x010, 0x2D0, 0x250, 0x250, 0x340, 0x2CC, 0x004, 0x000, 0x000 } }, /* 试 */
	{ 0xCAD5, { 0x000, 0x120, 0x120, 0x57C, 0x548, 0x5A8, 0x528, 0x730, 0x110, 0x128, 0x1C4, 0x000 } }, /* 收 */
	{ 0xCAD6, { 0x000, 0x3F0, 0x040, 0x3F8, 0x040, 0x040, 0x060, 0x040, 0x040, 0x0C0, 0x000, 0x000 } }, /* 手 */
	{ 0xCAD7, { 0x000, 0x110, 0x100, 0x7FC, 0x040, 0x3F8, 0x3F8, 0x208, 0x3F8, 0x208, 0x318, 0x000 } }, /* 首 */
	{ 0xCAD8, { 0x000, 0x040, 0x040, 0x404, 0x404, 0x7FC, 0x030, 0x200, 0x100, 0x000, 0x060, 0x000 } }, /* 守 */
	{ 0xCAD9, { 0x000, 0x040, 0x7F8, 0x080, 0x3F8, 0x7FC, 0x110, 0x3FC, 0x610, 0x090, 0x030, 0x000 } }, /* 寿 */
	{ 0xCADA, { 0x23C, 0x200, 0x628, 0x268, 0x284, 0x678, 0x248, 0x230, 0x230, 0x4CC, 0x000, 0x000 } }, /* 授 */
	{ 0xCADB, { 0x000, 0x120, 0x3FC, 0x260, 0x660, 0x3F8, 0x260, 0x200, 0x3F8, 0x208, 0x3F8, 0x000 } }, /* 售 */
	{ 0xCADC, { 0x018, 0x348, 0x258, 0x110, 0x404, 0x5F0, 0x190, 0x0A0, 0x0E0, 0x71C, 0x000, 0x000 } }, /* 受 */
	{ 0xCADD, { 0x000, 0x020, 0x3FC, 0x2EC, 0x6A4, 0x2A4, 0x6FC, 0x2B0, 0x048, 0x430, 0x5FC, 0x000 } }, /* 瘦 */
	{ 0xCADE, { 0x000, 0x110, 0x3F8, 0x248, 0x3F8, 0x248, 0x000, 0x404, 0x3F8, 0x208, 0x208, 0x000 } }, /* 兽 */
	{ 0xCADF, { 0x120, 0x7FC, 0x000, 0x77C, 0x028, 0x57C, 0x408, 0x468, 0x728, 0x0AC, 0x000, 0x000 } }, /* 蔬 */
	{ 0xCAE0, { 0x000, 0x200, 0x27C, 0x744, 0x260, 0x258, 0x758, 0x654, 0x264, 0x240, 0x200, 0x000 } }, /* 枢 */
	{ 0xCAE1, { 0x000, 0x220, 0x2FC, 0x720, 0x248, 0x6E4, 0x708, 0xA28, 0x2A8, 0x2A8, 0x32C, 0x000 } }, /* 梳 */
	{ 0xCAE2, { 0x010, 0x750, 0x27C, 0x390, 0x510, 0x538, 0x238, 0x258, 0x494, 0x010, 0x000, 0x000 } }, /* 殊 */
	{ 0xCAE3, { 0x000, 0x278, 0x208, 0x730, 0x210, 0x27C, 0x614, 0x210, 0x210, 0x210, 0x630, 0x000 } }, /* 抒 */
	{ 0xCAE4, { 0x000, 0x220, 0x610, 0x65C, 0x484, 0x6E4, 0x6AC, 0x2AC, 0x7EC, 0x2A4, 0x2A4, 0x000 } }, /* 输 */
	{ 0xCAE5, { 0x000, 0x038, 0x1A4, 0x020, 0x7E0, 0x108, 0x598, 0x550, 0x128, 0x244, 0x000, 0x000 } }, /* 叔 */
	{ 0xCAE6, { 0x000, 0x100, 0x288, 0x408, 0x310, 0x33C, 0x114, 0x390, 0x490, 0x790, 0x430, 0x000 } }, /* 舒 */
	{ 0xCAE7, { 0x000, 0x29C, 0x0D4, 0x094, 0x5D4, 0x090, 0x3B8, 0x5A8, 0x49C, 0x0A4, 0x000, 0x000 } }, /* 淑 */
	{ 0xCAE8, { 0x020, 0x37C, 0x220, 0x248, 0x774, 0x648, 0x648, 0x748, 0x688, 0x08C, 0x000, 0x000 } }, /* 疏 */
	{ 0xCAE9, { 0x000, 0x080, 0x088, 0x3F0, 0x080, 0x090, 0x7FC, 0x084, 0x084, 0x088, 0x080, 0x000 } }, /* 书 */
	{ 0xCAEA, { 0x010, 0x47C, 0x690, 0x684, 0x630, 0x650, 0x27C, 0x310, 0x424, 0x044, 0x000, 0x000 } }, /* 赎 */
	{ 0xCAEB, { 0x000, 0x7A0, 0x038, 0x4A8, 0x728, 0x7A8, 0x138, 0x788, 0x044, 0x284, 0x000, 0x000 } }, /* 孰 */
	{ 0xCAEC, { 0x000, 0x100, 0x780, 0x7B8, 0x788, 0x728, 0x138, 0x744, 0x240, 0x424, 0x484, 0x000 } }, /* 熟 */
	{ 0xCAED, { 0x000, 0x1A0, 0x0A0, 0x3F8, 0x3F8, 0x3E8, 0x0F0, 0x0E0, 0x708, 0x108, 0x1F8, 0x000 } }, /* 薯 */
	{ 0xCAEE, { 0x3F8, 0x3F8, 0x3F8, 0x040, 0x0F8, 0x7FC, 0x1F8, 0x708, 0x108, 0x108, 0x000, 0x000 } }, /* 暑 */
	{ 0xCAEF, { 0x000, 0x0FC, 0x6B4, 0x0FC, 0x674, 0x028, 0x0FC, 0x67C, 0x1C4, 0x044, 0x07C, 0x000 } }, /* 曙 */
	{ 0xCAF0, { 0x3F8, 0x2A8, 0x3F8, 0x0C8, 0x050, 0x7FC, 0x1F8, 0x708, 0x108, 0x1F8, 0x000, 0x000 } }, /* 署 */
	{ 0xCAF1, { 0x3F8, 0x0A4, 0x3F8, 0x100, 0x604, 0x3F4, 0x2D4, 0x2A4, 0x3F4, 0x00C, 0x000, 0x000 } }, /* 蜀 */
	{ 0xCAF2, { 0x000, 0x3F8, 0x040, 0x7FC, 0x1D0, 0x6EC, 0x118, 0x754, 0x160, 0x358, 0x0C0, 0x000 } }, /* 黍 */
	{ 0xCAF3, { 0x338, 0x408, 0x7B8, 0x408, 0x000, 0x528, 0x428, 0x408, 0x76C, 0x444, 0x000, 0x000 } }, /* 鼠 */
	{ 0xCAF4, { 0x3F8, 0x200, 0x3F8, 0x3F8, 0x2F8, 0x128, 0x060, 0x57C, 0x57C, 0x104, 0x000, 0x000 } }, /* 属 */
	{ 0xCAF5, { 0x000, 0x040, 0x048, 0x040, 0x4E4, 0x0E0, 0x150, 0x358, 0x64C, 0x440, 0x040, 0x000 } }, /* 术 */
	{ 0xCAF6, { 0x000, 0x028, 0x220, 0x0FC, 0x020, 0x660, 0x268, 0x2A4, 0x220, 0x700, 0x0FC, 0x000 } }, /* 述 */
	{ 0xCAF7, { 0x200, 0x200, 0x63C, 0x204, 0x6D0, 0x750, 0x6E8, 0x2A0, 0x300, 0x208, 0x000, 0x000 } }, /* 树 */
	{ 0xCAF8, { 0x000, 0x040, 0x7FC, 0x040, 0x3F8, 0x240, 0x3F8, 0x0E0, 0x150, 0x64C, 0x040, 0x000 } }, /* 束 */
	{ 0xCAF9, { 0x040, 0x048, 0x3FC, 0x200, 0x228, 0x328, 0x2B0, 0x030, 0x452, 0x48C, 0x000, 0x000 } }, /* 戍 */
	{ 0xCAFA, { 0x000, 0x578, 0x548, 0x528, 0x530, 0x54C, 0x040, 0x7F8, 0x110, 0x110, 0x7FC, 0x000 } }, /* 竖 */
	{ 0xCAFB, { 0x000, 0x7BC, 0x508, 0x598, 0x7BC, 0x788, 0x108, 0x450, 0x3F8, 0x040, 0x7FC, 0x000 } }, /* 墅 */
	{ 0xCAFC, { 0x000, 0x040, 0x3FC, 0x200, 0x090, 0x1FC, 0x000, 0x470, 0x400, 0x554, 0x140, 0x000 } }, /* 庶 */
	{ 0xCAFD, { 0x100, 0x100, 0x7FC, 0x320, 0x560, 0x368, 0x298, 0x298, 0x198, 0x664, 0x000, 0x000 } }, /* 数 */
	{ 0xCAFE, { 0x088, 0x7E8, 0x09C, 0x1F4, 0x5A8, 0x1C8, 0x2C8, 0x5A8, 0x794, 0x0A0, 0x000, 0x000 } }, /* 漱 */
	{ 0xCBA1, { 0x000, 0x100, 0x7BC, 0x2A4, 0x2A4, 0x1A4, 0x200, 0x440, 0x50C, 0x514, 0x0F0, 0x000 } }, /* 恕 */
	{ 0xCBA2, { 0x3C4, 0x004, 0x264, 0x004, 0x484, 0x7E4, 0x6A4, 0x4A4, 0x2C4, 0x08C, 0x000, 0x000 } }, /* 刷 */
	{ 0xCBA3, { 0x000, 0x040, 0x3F8, 0x2A0, 0x2A8, 0x080, 0x7FC, 0x110, 0x0F0, 0x78C, 0x000, 0x000 } }, /* 耍 */
	{ 0xCBA4, { 0x200, 0x2FC, 0x620, 0x2F4, 0x320, 0x6BC, 0x200, 0x2FC, 0x200, 0x400, 0x000, 0x000 } }, /* 摔 */
	{ 0xCBA5, { 0x000, 0x040, 0x7FC, 0x1F0, 0x208, 0x7FC, 0x3F8, 0x088, 0x130, 0x718, 0x184, 0x000 } }, /* 衰 */
	{ 0xCBA6, { 0x000, 0x3F8, 0x248, 0x248, 0x248, 0x240, 0x3F8, 0x248, 0x048, 0x444, 0x03C, 0x000 } }, /* 甩 */
	{ 0xCBA7, { 0x110, 0x110, 0x57C, 0x554, 0x554, 0x554, 0x554, 0x254, 0x210, 0x410, 0x000, 0x000 } }, /* 帅 */
	{ 0xCBA8, { 0x000, 0x200, 0x230, 0x748, 0x2C4, 0x238, 0x710, 0x278, 0x210, 0x210, 0x200, 0x000 } }, /* 栓 */
	{ 0xCBA9, { 0x000, 0x220, 0x230, 0x248, 0x2C4, 0x278, 0x300, 0x278, 0x200, 0x210, 0x4FC, 0x000 } }, /* 拴 */
	{ 0xCBAA, { 0x3F8, 0x7FC, 0x554, 0x158, 0x000, 0x344, 0x37C, 0x3FC, 0x444, 0x044, 0x000, 0x000 } }, /* 霜 */
	{ 0xCBAB, { 0x000, 0x7FC, 0x0A0, 0x4A8, 0x328, 0x128, 0x190, 0x210, 0x468, 0x0C4, 0x000, 0x000 } }, /* 双 */
	{ 0xCBAC, { 0x000, 0x040, 0x7FC, 0x048, 0x358, 0x750, 0x158, 0x3D8, 0x4A0, 0x118, 0x604, 0x000 } }, /* 爽 */
	{ 0xCBAD, { 0x000, 0x050, 0x240, 0x0FC, 0x590, 0x3FC, 0x090, 0x0FC, 0x390, 0x2FC, 0x080, 0x000 } }, /* 谁 */
	{ 0xCBAE, { 0x040, 0x040, 0x040, 0x748, 0x170, 0x140, 0x250, 0x44C, 0x444, 0x0C0, 0x000, 0x000 } }, /* 水 */
	{ 0xCBAF, { 0x000, 0x000, 0x730, 0x5FC, 0x658, 0x558, 0x7FC, 0x440, 0x7FC, 0x500, 0x07C, 0x000 } }, /* 睡 */
	{ 0xCBB0, { 0x000, 0x148, 0x608, 0x27C, 0x744, 0x244, 0x37C, 0x628, 0x228, 0x248, 0x28C, 0x000 } }, /* 税 */
	{ 0xCBB1, { 0x020, 0x640, 0x448, 0x5DC, 0x404, 0x450, 0x650, 0x450, 0x090, 0x10C, 0x000, 0x000 } }, /* 吮 */
	{ 0xCBB2, { 0x00C, 0xA04, 0x054, 0x6FE, 0x000, 0x6FC, 0x0A0, 0x75C, 0x84C, 0x080, 0x000, 0x000 } }, /* 瞬 */
	{ 0xCBB3, { 0x000, 0x490, 0x490, 0x4C4, 0x494, 0x494, 0x4D4, 0x490, 0x4A4, 0x064, 0x000, 0x000 } }, /* 顺 */
	{ 0xCBB4, { 0x018, 0x208, 0x240, 0x7FC, 0x414, 0x3B8, 0x6D0, 0x17C, 0x110, 0x610, 0x000, 0x000 } }, /* 舜 */
	{ 0xCBB5, { 0x008, 0x248, 0x058, 0x684, 0x280, 0x2F8, 0x250, 0x350, 0x250, 0x18C, 0x000, 0x000 } }, /* 说 */
	{ 0xCBB6, { 0x07C, 0x210, 0x210, 0x244, 0x654, 0x454, 0x054, 0x314, 0x02C, 0x044, 0x000, 0x000 } }, /* 硕 */
	{ 0xCBB7, { 0x080, 0x224, 0x7A4, 0x13C, 0x524, 0x5A4, 0x7A4, 0x224, 0x224, 0x44C, 0x000, 0x000 } }, /* 朔 */
	{ 0xCBB8, { 0x20C, 0x240, 0x350, 0x350, 0x27C, 0x210, 0x258, 0x154, 0x494, 0x430, 0x000, 0x000 } }, /* 烁 */
	{ 0xCBB9, { 0x084, 0x6B0, 0x2A0, 0x3A0, 0x2BC, 0x2A0, 0x7E0, 0x0A0, 0x4C0, 0x040, 0x000, 0x000 } }, /* 斯 */
	{ 0xCBBA, { 0x000, 0x5F8, 0x6B0, 0x0D0, 0x2D4, 0x6D4, 0x1F4, 0x014, 0x534, 0x424, 0x000, 0x000 } }, /* 撕 */
	{ 0xCBBB, { 0x080, 0x6F8, 0x2B0, 0x2D0, 0x29C, 0x2D4, 0x6F4, 0x654, 0x0B4, 0x124, 0x000, 0x000 } }, /* 嘶 */
	{ 0xCBBC, { 0x000, 0x3F8, 0x248, 0x248, 0x248, 0x248, 0x000, 0x040, 0x504, 0x508, 0x0F0, 0x000 } }, /* 思 */
	{ 0xCBBD, { 0x180, 0x710, 0x110, 0x790, 0x320, 0x3A8, 0x720, 0x544, 0x17C, 0x100, 0x000, 0x000 } }, /* 私 */
	{ 0xCBBE, { 0x000, 0x004, 0x004, 0x004, 0x004, 0x224, 0x224, 0x3E4, 0x204, 0x008, 0x000, 0x000 } }, /* 司 */
	{ 0xCBBF, { 0x000, 0x100, 0x110, 0x200, 0x6A8, 0x538, 0x010, 0x2BC, 0x600, 0x000, 0x7FC, 0x000 } }, /* 丝 */
	{ 0xCBC0, { 0x000, 0x000, 0x7F8, 0x020, 0x3A0, 0x2B8, 0x6A0, 0x1A0, 0x120, 0x224, 0x418, 0x000 } }, /* 死 */
	{ 0xCBC1, { 0x010, 0x67C, 0x714, 0x43C, 0x714, 0x710, 0x23C, 0x510, 0x790, 0x010, 0x000, 0x000 } }, /* 肆 */
	{ 0xCBC2, { 0x000, 0x040, 0x3F8, 0x040, 0x7FC, 0x000, 0x010, 0x010, 0x210, 0x110, 0x030, 0x000 } }, /* 寺 */
	{ 0xCBC3, { 0x300, 0x484, 0x4B8, 0x000, 0x7B8, 0x368, 0x7A8, 0x328, 0x300, 0x084, 0x000, 0x000 } }, /* 嗣 */
	{ 0xCBC4, { 0x000, 0x000, 0x7FC, 0x4A4, 0x4A4, 0x4A4, 0x524, 0x404, 0x404, 0x7FC, 0x404, 0x000 } }, /* 四 */
	{ 0xCBC5, { 0x000, 0x200, 0x204, 0x204, 0x6F4, 0x204, 0x294, 0x294, 0x2F4, 0x204, 0x20C, 0x000 } }, /* 伺 */
	{ 0xCBC6, { 0x200, 0x228, 0x2A8, 0x688, 0x688, 0x288, 0x2C8, 0x298, 0x224, 0x240, 0x000, 0x000 } }, /* 似 */
	{ 0xCBC7, { 0x200, 0x27C, 0x704, 0x574, 0x204, 0x254, 0x214, 0x274, 0x304, 0x00C, 0x000, 0x000 } }, /* 饲 */
	{ 0xCBC8, { 0x000, 0x000, 0x7F8, 0x408, 0x408, 0x7F8, 0x408, 0x400, 0x400, 0x604, 0x3F8, 0x000 } }, /* 巳 */
	{ 0xCBC9, { 0x200, 0x200, 0x348, 0x24C, 0x384, 0x720, 0x628, 0x248, 0x25C, 0x244, 0x000, 0x000 } }, /* 松 */
	{ 0xCBCA, { 0x000, 0x330, 0x2E8, 0x444, 0x3F8, 0x1F0, 0x110, 0x110, 0x7FC, 0x010, 0x000, 0x000 } }, /* 耸 */
	{ 0xCBCB, { 0x000, 0x000, 0x220, 0x230, 0x3B0, 0x44C, 0x400, 0x140, 0x504, 0x500, 0x0F0, 0x000 } }, /* 怂 */
	{ 0xCBCC, { 0x03C, 0x290, 0x4B0, 0x464, 0x214, 0x214, 0x294, 0x790, 0x42C, 0x040, 0x000, 0x000 } }, /* 颂 */
	{ 0xCBCD, { 0x000, 0x000, 0x250, 0x2FC, 0x020, 0x620, 0x220, 0x250, 0x288, 0x600, 0x4FC, 0x000 } }, /* 送 */
	{ 0xCBCE, { 0x040, 0x040, 0x404, 0x444, 0x040, 0x0E4, 0x0E0, 0x150, 0x64C, 0x040, 0x000, 0x000 } }, /* 宋 */
	{ 0xCBCF, { 0x000, 0x050, 0x248, 0x048, 0x484, 0x2A0, 0x220, 0x220, 0x348, 0x248, 0x044, 0x000 } }, /* 讼 */
	{ 0xCBD0, { 0x4F8, 0x208, 0x030, 0x4B4, 0x294, 0x2B4, 0x294, 0x3B4, 0x294, 0x084, 0x000, 0x000 } }, /* 诵 */
	{ 0xCBD1, { 0x200, 0x284, 0x7CC, 0x284, 0x2FC, 0x630, 0x248, 0x228, 0x230, 0x4CC, 0x000, 0x000 } }, /* 搜 */
	{ 0xCBD2, { 0x000, 0x210, 0x754, 0x4D4, 0x6D4, 0x4FC, 0x790, 0x6AC, 0x6A8, 0x490, 0x16C, 0x000 } }, /* 艘 */
	{ 0xCBD3, { 0x048, 0x068, 0x6EC, 0x0F4, 0x754, 0x4C4, 0x0E8, 0x0C8, 0x0EC, 0x410, 0x000, 0x000 } }, /* 擞 */
	{ 0xCBD4, { 0x000, 0x008, 0x6C8, 0x25C, 0x3F4, 0x328, 0x2E8, 0x6C8, 0x2A8, 0x114, 0x020, 0x000 } }, /* 嗽 */
	{ 0xCBD5, { 0x110, 0x7FC, 0x110, 0x040, 0x7F0, 0x090, 0x294, 0x490, 0x110, 0x230, 0x000, 0x000 } }, /* 苏 */
	{ 0xCBD6, { 0x000, 0x798, 0x310, 0x710, 0x7FC, 0x798, 0x5B8, 0x4B4, 0x4D4, 0x790, 0x010, 0x000 } }, /* 酥 */
	{ 0xCBD7, { 0x000, 0x248, 0x2C4, 0x2B0, 0x610, 0x648, 0x2CC, 0x248, 0x248, 0x248, 0x248, 0x000 } }, /* 俗 */
	{ 0xCBD8, { 0x000, 0x040, 0x3F8, 0x3F8, 0x040, 0x090, 0x1E0, 0x0C8, 0x340, 0x348, 0x0C0, 0x000 } }, /* 素 */
	{ 0xCBD9, { 0x000, 0x020, 0x5FC, 0x020, 0x0A4, 0x6A4, 0x270, 0x268, 0x2A4, 0x600, 0x4FC, 0x000 } }, /* 速 */
	{ 0xCBDA, { 0x7FC, 0x0A0, 0x3FC, 0x0A4, 0x3F8, 0x148, 0x7FC, 0x0E0, 0x358, 0x444, 0x000, 0x000 } }, /* 粟 */
	{ 0xCBDB, { 0x2FC, 0x250, 0x6FC, 0x694, 0x6FC, 0x2A8, 0x2FC, 0x270, 0x2E8, 0x224, 0x000, 0x000 } }, /* 僳 */
	{ 0xCBDC, { 0x000, 0x080, 0x294, 0x11C, 0x544, 0x7FC, 0x224, 0x440, 0x3F8, 0x040, 0x7FC, 0x000 } }, /* 塑 */
	{ 0xCBDD, { 0x000, 0x020, 0x2D4, 0x1F4, 0x41C, 0x134, 0x134, 0x1FC, 0x494, 0x4A4, 0x124, 0x000 } }, /* 溯 */
	{ 0xCBDE, { 0x000, 0x040, 0x7FC, 0x404, 0x2FC, 0x220, 0x6FC, 0x284, 0x2FC, 0x284, 0x2CC, 0x000 } }, /* 宿 */
	{ 0xCBDF, { 0x00C, 0x240, 0x000, 0x47C, 0x240, 0x230, 0x218, 0x38C, 0x280, 0x000, 0x000, 0x000 } }, /* 诉 */
	{ 0xCBE0, { 0x040, 0x3F8, 0x048, 0x7FC, 0x048, 0x040, 0x244, 0x354, 0x554, 0x444, 0x000, 0x000 } }, /* 肃 */
	{ 0xCBE1, { 0x000, 0x010, 0x720, 0x33C, 0x780, 0x5E4, 0x5B8, 0x4A0, 0x798, 0x798, 0x024, 0x000 } }, /* 酸 */
	{ 0xCBE2, { 0x000, 0x7FC, 0x000, 0x7B8, 0x000, 0x7BC, 0x190, 0x554, 0x150, 0x210, 0x000, 0x000 } }, /* 蒜 */
	{ 0xCBE3, { 0x000, 0x230, 0x7FC, 0x148, 0x308, 0x308, 0x3F8, 0x3F8, 0x594, 0x110, 0x210, 0x000 } }, /* 算 */
	{ 0xCBE4, { 0x000, 0x208, 0x208, 0x040, 0x3F8, 0x040, 0x248, 0x048, 0x04C, 0x784, 0x000, 0x000 } }, /* 虽 */
	{ 0xCBE5, { 0x020, 0x7FC, 0x240, 0x290, 0x27C, 0x17C, 0x17C, 0x244, 0x044, 0x84C, 0x000, 0x000 } }, /* 隋 */
	{ 0xCBE6, { 0x000, 0x010, 0x4BC, 0x2A0, 0x63C, 0x6A4, 0x124, 0x53C, 0x624, 0x0C0, 0x01C, 0x000 } }, /* 随 */
	{ 0xCBE7, { 0x20C, 0x000, 0x544, 0x748, 0x220, 0x4FC, 0x648, 0x070, 0x738, 0x0C4, 0x000, 0x000 } }, /* 绥 */
	{ 0xCBE8, { 0x000, 0x710, 0x4FC, 0x67C, 0x728, 0x880, 0x754, 0x754, 0x55C, 0x544, 0x5BC, 0x000 } }, /* 髓 */
	{ 0xCBE9, { 0x000, 0x010, 0x27C, 0x200, 0x408, 0x76C, 0x500, 0x110, 0x310, 0x110, 0x010, 0x000 } }, /* 碎 */
	{ 0xCBEA, { 0x040, 0x444, 0x7FC, 0x080, 0x080, 0x108, 0x288, 0x050, 0x060, 0x700, 0x000, 0x000 } }, /* 岁 */
	{ 0xCBEB, { 0x000, 0x330, 0x230, 0x2FC, 0x7FC, 0x2B4, 0x734, 0x6FC, 0x210, 0x2C4, 0x238, 0x000 } }, /* 穗 */
	{ 0xCBEC, { 0x000, 0x048, 0x458, 0x020, 0x0E0, 0x638, 0x298, 0x254, 0x290, 0x620, 0x4FC, 0x000 } }, /* 遂 */
	{ 0xCBED, { 0x000, 0x028, 0x688, 0x610, 0x674, 0x6B8, 0x498, 0x5AC, 0x698, 0x480, 0x13C, 0x000 } }, /* 隧 */
	{ 0xCBEE, { 0x040, 0x3F8, 0x044, 0x7FC, 0x000, 0x000, 0x7FC, 0x040, 0x24C, 0x4C0, 0x000, 0x000 } }, /* 祟 */
	{ 0xCBEF, { 0x000, 0x010, 0x110, 0x210, 0x258, 0x354, 0x614, 0x294, 0x294, 0x210, 0x620, 0x000 } }, /* 孙 */
	{ 0xCBF0, { 0x000, 0x278, 0x244, 0x778, 0x200, 0x244, 0x614, 0x214, 0x220, 0x228, 0x4C4, 0x000 } }, /* 损 */
	{ 0xCBF1, { 0x000, 0x210, 0x7BC, 0x528, 0x3E8, 0x088, 0x7FC, 0x088, 0x3C8, 0x100, 0x600, 0x000 } }, /* 笋 */
	{ 0xCBF2, { 0x000, 0x110, 0x170, 0x140, 0x000, 0x208, 0x7FC, 0x3F8, 0x128, 0x718, 0x184, 0x000 } }, /* 蓑 */
	{ 0xCBF3, { 0x220, 0x208, 0x77C, 0x208, 0x344, 0x738, 0x268, 0x228, 0x230, 0x2C4, 0x000, 0x000 } }, /* 梭 */
	{ 0xCBF4, { 0x000, 0x020, 0x748, 0x0FC, 0x048, 0x1E4, 0x178, 0x648, 0x028, 0x030, 0x0CC, 0x000 } }, /* 唆 */
	{ 0xCBF5, { 0x000, 0x210, 0x0FC, 0x480, 0x65C, 0x280, 0x09C, 0x604, 0x01C, 0x714, 0x014, 0x000 } }, /* 缩 */
	{ 0xCBF6, { 0x010, 0x754, 0x210, 0x27C, 0x744, 0x254, 0x254, 0x320, 0x028, 0x0C4, 0x000, 0x000 } }, /* 琐 */
	{ 0xCBF7, { 0x040, 0x3F8, 0x040, 0x484, 0x1B0, 0x3C0, 0x198, 0x040, 0x248, 0x4C4, 0x000, 0x000 } }, /* 索 */
	{ 0xCBF8, { 0x210, 0x254, 0x410, 0x47C, 0x244, 0x254, 0x254, 0x210, 0x328, 0x244, 0x000, 0x000 } }, /* 锁 */
	{ 0xCBF9, { 0x000, 0x338, 0x020, 0x3A0, 0x0AC, 0x088, 0x708, 0x448, 0x448, 0x088, 0x000, 0x000 } }, /* 所 */
	{ 0xCBFA, { 0x278, 0x244, 0x244, 0x278, 0x200, 0x224, 0x2A8, 0x66C, 0x030, 0x064, 0x000, 0x000 } }, /* 塌 */
	{ 0xCBFB, { 0x000, 0x000, 0x220, 0x2A0, 0x6BC, 0x7A4, 0x2A4, 0x2B8, 0x280, 0x284, 0x278, 0x000 } }, /* 他 */
	{ 0xCBFC, { 0x000, 0x040, 0x040, 0x404, 0x504, 0x118, 0x160, 0x100, 0x100, 0x104, 0x0F8, 0x000 } }, /* 它 */
	{ 0xCBFD, { 0x010, 0x210, 0x450, 0x75C, 0x5D4, 0x554, 0x65C, 0x350, 0x744, 0x43C, 0x000, 0x000 } }, /* 她 */
	{ 0xCBFE, { 0x048, 0x2FC, 0x248, 0x730, 0x248, 0x2FC, 0x200, 0x6C8, 0x088, 0x0C8, 0x000, 0x000 } }, /* 塔 */
	{ 0xCCA1, { 0x000, 0x080, 0x6DC, 0x4A8, 0x1DC, 0x3B0, 0x7D8, 0x298, 0x388, 0x394, 0x490, 0x000 } }, /* 獭 */
	{ 0xCCA2, { 0x200, 0x280, 0x638, 0x210, 0x298, 0x618, 0x204, 0x224, 0x2C0, 0x43C, 0x000, 0x000 } }, /* 挞 */
	{ 0xCCA3, { 0x77C, 0x544, 0x544, 0x77C, 0x200, 0x724, 0x66C, 0x66C, 0x724, 0x064, 0x000, 0x000 } }, /* 蹋 */
	{ 0xCCA4, { 0x010, 0x514, 0x558, 0x758, 0x2B4, 0x500, 0x444, 0x47C, 0x744, 0x044, 0x000, 0x000 } }, /* 踏 */
	{ 0xCCA5, { 0x000, 0x520, 0x408, 0x7CC, 0x4E4, 0x700, 0x544, 0x444, 0x44C, 0x144, 0x000, 0x000 } }, /* 胎 */
	{ 0xCCA6, { 0x000, 0x110, 0x7FC, 0x190, 0x190, 0x318, 0x704, 0x3F8, 0x208, 0x208, 0x208, 0x000 } }, /* 苔 */
	{ 0xCCA7, { 0x000, 0x220, 0x220, 0x748, 0x27C, 0x200, 0x600, 0x244, 0x244, 0x27C, 0x444, 0x000 } }, /* 抬 */
	{ 0xCCA8, { 0x000, 0x080, 0x080, 0x118, 0x278, 0x204, 0x000, 0x208, 0x208, 0x208, 0x208, 0x000 } }, /* 台 */
	{ 0xCCA9, { 0x040, 0x3F8, 0x0C0, 0x080, 0x7FC, 0x258, 0x554, 0x070, 0x358, 0x040, 0x000, 0x000 } }, /* 泰 */
	{ 0xCCAA, { 0x000, 0x010, 0x310, 0x310, 0x7FC, 0x790, 0x798, 0x488, 0x7A0, 0x4B4, 0x4C0, 0x000 } }, /* 酞 */
	{ 0xCCAB, { 0x000, 0x040, 0x040, 0x040, 0x7FC, 0x040, 0x0A0, 0x0A0, 0x110, 0x28C, 0x404, 0x000 } }, /* 太 */
	{ 0xCCAC, { 0x000, 0x040, 0x0C0, 0x0A0, 0x110, 0x398, 0x404, 0x040, 0x504, 0x514, 0x0F0, 0x000 } }, /* 态 */
	{ 0xCCAD, { 0x020, 0x220, 0x020, 0x0FC, 0x620, 0x030, 0x250, 0x248, 0x4E4, 0x520, 0x000, 0x000 } }, /* 汰 */
	{ 0xCCAE, { 0x278, 0x248, 0x240, 0x750, 0x240, 0x2FC, 0x340, 0x680, 0x080, 0x118, 0x000, 0x000 } }, /* 坍 */
	{ 0xCCAF, { 0x010, 0x090, 0x67C, 0x460, 0x3FC, 0x680, 0x09C, 0x140, 0x318, 0x400, 0x000, 0x000 } }, /* 摊 */
	{ 0xCCB0, { 0x000, 0x0C0, 0x0A0, 0x358, 0x7F4, 0x020, 0x3F8, 0x208, 0x248, 0x090, 0x308, 0x000 } }, /* 贪 */
	{ 0xCCB1, { 0x000, 0x020, 0x3FC, 0x208, 0x6BC, 0x228, 0x3FC, 0x2A8, 0x2BC, 0x368, 0x530, 0x000 } }, /* 瘫 */
	{ 0xCCB2, { 0x008, 0x7A8, 0x0BC, 0x1A8, 0x5FC, 0x0A8, 0x5BC, 0x568, 0x63C, 0x020, 0x000, 0x000 } }, /* 滩 */
	{ 0xCCB3, { 0x000, 0x200, 0x278, 0x200, 0x700, 0x2FC, 0x220, 0x220, 0x348, 0x44C, 0x044, 0x000 } }, /* 坛 */
	{ 0xCCB4, { 0x000, 0x2FC, 0x6FC, 0x2B4, 0x684, 0x700, 0x24C, 0x27C, 0x278, 0x2FC, 0x000, 0x000 } }, /* 檀 */
	{ 0xCCB5, { 0x000, 0x020, 0x3FC, 0x220, 0x6A8, 0x278, 0x684, 0x220, 0x2B8, 0x458, 0x584, 0x000 } }, /* 痰 */
	{ 0xCCB6, { 0x5FC, 0x250, 0x154, 0x1FC, 0x400, 0x084, 0x284, 0x0F8, 0x5FC, 0x020, 0x000, 0x000 } }, /* 潭 */
	{ 0xCCB7, { 0x0FC, 0x410, 0x0FC, 0x0F4, 0x400, 0x084, 0x084, 0x3F8, 0x3FC, 0x000, 0x000, 0x000 } }, /* 谭 */
	{ 0xCCB8, { 0x000, 0x020, 0x2A4, 0x030, 0x04C, 0x680, 0x220, 0x2B0, 0x330, 0x248, 0x084, 0x000 } }, /* 谈 */
	{ 0xCCB9, { 0x000, 0x200, 0x244, 0x204, 0x74C, 0x244, 0x204, 0x24C, 0x600, 0x000, 0x0FC, 0x000 } }, /* 坦 */
	{ 0xCCBA, { 0x000, 0x010, 0x750, 0x230, 0x22C, 0x610, 0x258, 0x730, 0x268, 0x200, 0x3FC, 0x000 } }, /* 毯 */
	{ 0xCCBB, { 0x200, 0x17C, 0x744, 0x104, 0x26C, 0x704, 0x6FC, 0x200, 0x200, 0x200, 0x000, 0x000 } }, /* 袒 */
	{ 0xCCBC, { 0x000, 0x014, 0x654, 0x07C, 0x620, 0x57C, 0x550, 0x174, 0x390, 0x028, 0x044, 0x000 } }, /* 碳 */
	{ 0xCCBD, { 0x200, 0x284, 0x748, 0x28C, 0x200, 0x6FC, 0x670, 0x248, 0x284, 0x400, 0x000, 0x000 } }, /* 探 */
	{ 0xCCBE, { 0x000, 0x77C, 0x540, 0x548, 0x508, 0x528, 0x730, 0x530, 0x048, 0x184, 0x000, 0x000 } }, /* 叹 */
	{ 0xCCBF, { 0x000, 0x040, 0x044, 0x3F8, 0x100, 0x100, 0x120, 0x2A8, 0x460, 0x4D8, 0x104, 0x000 } }, /* 炭 */
	{ 0xCCC0, { 0x000, 0x218, 0x010, 0x420, 0x27C, 0x054, 0x254, 0x3A4, 0x464, 0x48C, 0x000, 0x000 } }, /* 汤 */
	{ 0xCCC1, { 0x000, 0x010, 0x2FC, 0x290, 0x794, 0x2FC, 0x2BC, 0x290, 0x6C4, 0x17C, 0x144, 0x000 } }, /* 塘 */
	{ 0xCCC2, { 0x000, 0x000, 0x0FC, 0x690, 0x094, 0x0FC, 0x6BC, 0x490, 0x0FC, 0x144, 0x744, 0x000 } }, /* 搪 */
	{ 0xCCC3, { 0x000, 0x048, 0x048, 0x7FC, 0x400, 0x3F8, 0x308, 0x040, 0x3F8, 0x040, 0x7FC, 0x000 } }, /* 堂 */
	{ 0xCCC4, { 0x248, 0x050, 0x7FC, 0x404, 0x010, 0x1F0, 0x040, 0x1E0, 0x358, 0x444, 0x000, 0x000 } }, /* 棠 */
	{ 0xCCC5, { 0x000, 0x010, 0x558, 0x5FC, 0x784, 0x548, 0x578, 0x510, 0x578, 0x510, 0x07C, 0x000 } }, /* 膛 */
	{ 0xCCC6, { 0x040, 0x3FC, 0x060, 0x068, 0x3FC, 0x0F8, 0x400, 0x5F8, 0x508, 0x108, 0x000, 0x000 } }, /* 唐 */
	{ 0xCCC7, { 0x000, 0x210, 0x2FC, 0x710, 0x254, 0x27C, 0x33C, 0x690, 0x2BC, 0x2A4, 0x324, 0x000 } }, /* 糖 */
	{ 0xCCC8, { 0x000, 0x200, 0x2A4, 0x268, 0x630, 0x284, 0x2B4, 0x284, 0x2B4, 0x284, 0x28C, 0x000 } }, /* 倘 */
	{ 0xCCC9, { 0x210, 0x754, 0x514, 0x51C, 0x740, 0x458, 0x768, 0x278, 0x440, 0x144, 0x000, 0x000 } }, /* 躺 */
	{ 0xCCCA, { 0x020, 0x2A4, 0x028, 0x4B8, 0x284, 0x0B4, 0x2D4, 0x0F4, 0x484, 0x08C, 0x000, 0x000 } }, /* 淌 */
	{ 0xCCCB, { 0x000, 0x010, 0x354, 0x310, 0x07C, 0x7C4, 0x16C, 0x57C, 0x544, 0x744, 0x0FC, 0x000 } }, /* 趟 */
	{ 0xCCCC, { 0x000, 0x278, 0x010, 0x47C, 0x054, 0x294, 0x42C, 0x040, 0x2C0, 0x1B0, 0x60C, 0x000 } }, /* 烫 */
	{ 0xCCCD, { 0x040, 0x240, 0x6C4, 0x274, 0x224, 0x6FC, 0x224, 0x22C, 0x274, 0x40C, 0x000, 0x000 } }, /* 掏 */
	{ 0xCCCE, { 0x020, 0x2FC, 0x000, 0x0F8, 0x040, 0x048, 0x27C, 0x488, 0x528, 0x018, 0x000, 0x000 } }, /* 涛 */
	{ 0xCCCF, { 0x00C, 0x680, 0x024, 0x084, 0x400, 0x08C, 0x284, 0x484, 0x484, 0x084, 0x000, 0x000 } }, /* 滔 */
	{ 0xCCD0, { 0x000, 0x220, 0x278, 0x568, 0x630, 0x238, 0x410, 0x67C, 0x010, 0x654, 0x0B0, 0x000 } }, /* 绦 */
	{ 0xCCD1, { 0x000, 0x7FC, 0x200, 0x704, 0x5E4, 0x284, 0x7F4, 0x284, 0x3E4, 0x008, 0x000, 0x000 } }, /* 萄 */
	{ 0xCCD2, { 0x000, 0x220, 0x220, 0x2A4, 0x268, 0x220, 0x768, 0x6A4, 0x240, 0x244, 0x28C, 0x000 } }, /* 桃 */
	{ 0xCCD3, { 0x000, 0x000, 0x454, 0x0D8, 0x050, 0x658, 0x350, 0x250, 0x29C, 0x700, 0x07C, 0x000 } }, /* 逃 */
	{ 0xCCD4, { 0x000, 0x080, 0x2FC, 0x104, 0x474, 0x0A4, 0x1FC, 0x024, 0x4A4, 0x4F4, 0x00C, 0x000 } }, /* 淘 */
	{ 0xCCD5, { 0x000, 0x040, 0x740, 0x284, 0x244, 0x6A4, 0x2F4, 0x124, 0x7A4, 0x074, 0x00C, 0x000 } }, /* 陶 */
	{ 0xCCD6, { 0x000, 0x008, 0x208, 0x088, 0x608, 0x208, 0x248, 0x208, 0x308, 0x308, 0x018, 0x000 } }, /* 讨 */
	{ 0xCCD7, { 0x000, 0x040, 0x7FC, 0x090, 0x3F8, 0x5F4, 0x100, 0x100, 0x7FC, 0x118, 0x3F8, 0x000 } }, /* 套 */
	{ 0xCCD8, { 0x010, 0x07C, 0x610, 0x710, 0x008, 0x308, 0x608, 0x008, 0x008, 0x018, 0x000, 0x000 } }, /* 特 */
	{ 0xCCD9, { 0x000, 0x110, 0x1B0, 0x000, 0x578, 0x720, 0x5FC, 0x744, 0x518, 0x578, 0x020, 0x000 } }, /* 藤 */
	{ 0xCCDA, { 0x000, 0x528, 0x57C, 0x7FC, 0x548, 0x57C, 0x548, 0x53C, 0x574, 0x30C, 0x000, 0x000 } }, /* 腾 */
	{ 0xCCDB, { 0x020, 0x3FC, 0x240, 0x6D8, 0x3F0, 0x630, 0x2CC, 0x210, 0x460, 0x418, 0x000, 0x000 } }, /* 疼 */
	{ 0xCCDC, { 0x000, 0x248, 0x350, 0x080, 0x5FC, 0x3F8, 0x7F4, 0x000, 0x000, 0x208, 0x3F8, 0x000 } }, /* 誊 */
	{ 0xCCDD, { 0x000, 0x248, 0x210, 0x234, 0x234, 0x630, 0x7F0, 0x224, 0x244, 0x28C, 0x200, 0x000 } }, /* 梯 */
	{ 0xCCDE, { 0x384, 0x444, 0x7D4, 0x454, 0x214, 0x7F4, 0x2B4, 0x504, 0x344, 0x6CC, 0x000, 0x000 } }, /* 剔 */
	{ 0xCCDF, { 0x37C, 0x544, 0x444, 0x77C, 0x220, 0x77C, 0x628, 0x650, 0x734, 0x06C, 0x000, 0x000 } }, /* 踢 */
	{ 0xCCE0, { 0x000, 0x248, 0x210, 0x43C, 0x014, 0x270, 0x750, 0x234, 0x234, 0x35C, 0x090, 0x000 } }, /* 锑 */
	{ 0xCCE1, { 0x278, 0x244, 0x77C, 0x27C, 0x200, 0x6FC, 0x210, 0x218, 0x2F0, 0x51C, 0x000, 0x000 } }, /* 提 */
	{ 0xCCE2, { 0x000, 0x490, 0x790, 0x484, 0x014, 0x794, 0x510, 0x528, 0x720, 0x0FC, 0x000, 0x000 } }, /* 题 */
	{ 0xCCE3, { 0x000, 0x010, 0x57C, 0x528, 0x77C, 0x210, 0x77C, 0x654, 0x654, 0x750, 0x010, 0x000 } }, /* 蹄 */
	{ 0xCCE4, { 0x000, 0x010, 0x6FC, 0x848, 0x078, 0x092, 0x030, 0x694, 0x894, 0x094, 0x010, 0x000 } }, /* 啼 */
	{ 0xCCE5, { 0x000, 0x020, 0x220, 0x2FC, 0x670, 0x670, 0x2A8, 0x2A4, 0x378, 0x220, 0x220, 0x000 } }, /* 体 */
	{ 0xCCE6, { 0x000, 0x110, 0x7B8, 0x110, 0x338, 0x2A8, 0x5F0, 0x008, 0x1F8, 0x108, 0x110, 0x000 } }, /* 替 */
	{ 0xCCE7, { 0x000, 0x020, 0x630, 0x3FC, 0x2F8, 0x278, 0x278, 0x6FC, 0x034, 0x0E0, 0x11C, 0x000 } }, /* 嚏 */
	{ 0xCCE8, { 0x278, 0x244, 0x37C, 0x24C, 0x240, 0x27C, 0x22C, 0x254, 0x224, 0x24C, 0x000, 0x000 } }, /* 惕 */
	{ 0xCCE9, { 0x000, 0x048, 0x450, 0x2FC, 0x024, 0x4FC, 0x0A0, 0x274, 0x464, 0x4A4, 0x120, 0x000 } }, /* 涕 */
	{ 0xCCEA, { 0x000, 0x284, 0x294, 0x154, 0x154, 0x514, 0x514, 0x354, 0x354, 0x544, 0x10C, 0x000 } }, /* 剃 */
	{ 0xCCEB, { 0x3F8, 0x404, 0x7FC, 0x400, 0x508, 0x7FC, 0x508, 0x538, 0x500, 0x0FC, 0x000, 0x000 } }, /* 屉 */
	{ 0xCCEC, { 0x000, 0x000, 0x040, 0x040, 0x040, 0x7FC, 0x060, 0x0A0, 0x110, 0x30C, 0x404, 0x000 } }, /* 天 */
	{ 0xCCED, { 0x0F8, 0x220, 0x1FC, 0x450, 0x288, 0x124, 0x2B0, 0x0B4, 0x524, 0x040, 0x000, 0x000 } }, /* 添 */
	{ 0xCCEE, { 0x020, 0x2FC, 0x278, 0x748, 0x248, 0x248, 0x248, 0x6FC, 0x048, 0x084, 0x000, 0x000 } }, /* 填 */
	{ 0xCCEF, { 0x000, 0x7FC, 0x444, 0x444, 0x7FC, 0x444, 0x444, 0x444, 0x7FC, 0x404, 0x000, 0x000 } }, /* 田 */
	{ 0xCCF0, { 0x000, 0x620, 0x27C, 0x7A0, 0x220, 0x338, 0x4A0, 0x4A0, 0x7B8, 0x420, 0x000, 0x000 } }, /* 甜 */
	{ 0xCCF1, { 0x000, 0x20C, 0x270, 0x310, 0x7FC, 0x210, 0x27C, 0x244, 0x244, 0x27C, 0x244, 0x000 } }, /* 恬 */
	{ 0xCCF2, { 0x300, 0x200, 0x220, 0x778, 0x248, 0x2A4, 0x574, 0x56C, 0x728, 0x520, 0x000, 0x000 } }, /* 舔 */
	{ 0xCCF3, { 0x020, 0x738, 0x524, 0x724, 0x57C, 0x524, 0x7FC, 0x500, 0x544, 0x380, 0x000, 0x000 } }, /* 腆 */
	{ 0xCCF4, { 0x210, 0x210, 0x694, 0x2D8, 0x210, 0x658, 0x2D4, 0x250, 0x250, 0x48C, 0x000, 0x000 } }, /* 挑 */
	{ 0xCCF5, { 0x000, 0x100, 0x1F8, 0x290, 0x060, 0x1B8, 0x444, 0x3F8, 0x140, 0x248, 0x0C0, 0x000 } }, /* 条 */
	{ 0xCCF6, { 0x000, 0x000, 0x26C, 0x244, 0x0C8, 0x600, 0x2FC, 0x284, 0x2FC, 0x700, 0x47C, 0x000 } }, /* 迢 */
	{ 0xCCF7, { 0x050, 0x650, 0x1D4, 0x6D0, 0x050, 0x658, 0x1D4, 0x650, 0x490, 0x18C, 0x000, 0x000 } }, /* 眺 */
	{ 0xCCF8, { 0x020, 0x520, 0x5A4, 0x768, 0x020, 0x568, 0x4A4, 0x400, 0x740, 0x08C, 0x000, 0x000 } }, /* 跳 */
	{ 0xCCF9, { 0x010, 0x490, 0x49C, 0x490, 0x690, 0x6FC, 0x6C4, 0x244, 0x4FC, 0x444, 0x000, 0x000 } }, /* 贴 */
	{ 0xCCFA, { 0x210, 0x250, 0x47C, 0x450, 0x210, 0x2FC, 0x230, 0x228, 0x344, 0x084, 0x000, 0x000 } }, /* 铁 */
	{ 0xCCFB, { 0x000, 0x210, 0x210, 0x79C, 0x290, 0x290, 0x2FC, 0x2C4, 0x344, 0x27C, 0x244, 0x000 } }, /* 帖 */
	{ 0xCCFC, { 0x000, 0x000, 0x3FC, 0x200, 0x3FC, 0x220, 0x220, 0x020, 0x420, 0x420, 0x060, 0x000 } }, /* 厅 */
	{ 0xCCFD, { 0x00C, 0x740, 0x540, 0x540, 0x548, 0x548, 0x748, 0x448, 0x088, 0x008, 0x000, 0x000 } }, /* 听 */
	{ 0xCCFE, { 0x200, 0x208, 0x290, 0x738, 0x2C4, 0x200, 0x310, 0x390, 0x410, 0x47C, 0x000, 0x000 } }, /* 烃 */
	{ 0xCDA1, { 0x400, 0x2FC, 0x010, 0x410, 0x210, 0x010, 0x110, 0x210, 0x610, 0x430, 0x000, 0x000 } }, /* 汀 */
	{ 0xCDA2, { 0x000, 0x000, 0x770, 0x210, 0x210, 0x370, 0x110, 0x710, 0x2FC, 0x780, 0x43C, 0x000 } }, /* 廷 */
	{ 0xCDA3, { 0x000, 0x220, 0x2FC, 0x678, 0x688, 0x200, 0x3FC, 0x278, 0x200, 0x200, 0x220, 0x000 } }, /* 停 */
	{ 0xCDA4, { 0x000, 0x040, 0x7FC, 0x1F0, 0x010, 0x1F0, 0x7FC, 0x000, 0x040, 0x040, 0x0C0, 0x000 } }, /* 亭 */
	{ 0xCDA5, { 0x000, 0x3FC, 0x200, 0x2B0, 0x090, 0x1BC, 0x410, 0x5BC, 0x580, 0x13C, 0x000, 0x000 } }, /* 庭 */
	{ 0xCDA6, { 0x000, 0x0F8, 0x608, 0x088, 0x2DC, 0x648, 0x148, 0x0BC, 0x0C0, 0x51C, 0x000, 0x000 } }, /* 挺 */
	{ 0xCDA7, { 0x000, 0x204, 0x748, 0x508, 0x748, 0x57C, 0x728, 0x5A8, 0x75C, 0x560, 0x19C, 0x000 } }, /* 艇 */
	{ 0xCDA8, { 0x0F8, 0x618, 0x030, 0x0A4, 0x4FC, 0x024, 0x0FC, 0x024, 0x700, 0x4FC, 0x000, 0x000 } }, /* 通 */
	{ 0xCDA9, { 0x000, 0x200, 0x244, 0x704, 0x204, 0x634, 0x72C, 0x22C, 0x214, 0x204, 0x204, 0x000 } }, /* 桐 */
	{ 0xCDAA, { 0x7BC, 0x300, 0x798, 0x780, 0x798, 0x598, 0x498, 0x798, 0x780, 0x404, 0x000, 0x000 } }, /* 酮 */
	{ 0xCDAB, { 0x000, 0x010, 0x67C, 0x068, 0x600, 0x074, 0x67C, 0x274, 0x210, 0x630, 0x0FC, 0x000 } }, /* 瞳 */
	{ 0xCDAC, { 0x000, 0x404, 0x404, 0x404, 0x404, 0x4A4, 0x404, 0x4E4, 0x404, 0x40C, 0x000, 0x000 } }, /* 同 */
	{ 0xCDAD, { 0x200, 0x244, 0x404, 0x404, 0x234, 0x224, 0x224, 0x234, 0x304, 0x20C, 0x000, 0x000 } }, /* 铜 */
	{ 0xCDAE, { 0x000, 0x488, 0x490, 0x5A0, 0x48C, 0x7D8, 0x4A0, 0x48C, 0x498, 0x0A0, 0x000, 0x000 } }, /* 彤 */
	{ 0xCDAF, { 0x000, 0x040, 0x3F8, 0x110, 0x3F8, 0x248, 0x3F8, 0x3F8, 0x040, 0x040, 0x7FC, 0x000 } }, /* 童 */
	{ 0xCDB0, { 0x000, 0x200, 0x20C, 0x730, 0x2FC, 0x294, 0x7FC, 0x294, 0x2F4, 0x294, 0x204, 0x000 } }, /* 桶 */
	{ 0xCDB1, { 0x27C, 0x20C, 0x730, 0x2FC, 0x294, 0x6FC, 0x294, 0x2FC, 0x294, 0x484, 0x000, 0x000 } }, /* 捅 */
	{ 0xCDB2, { 0x000, 0x210, 0x7BC, 0x528, 0x3FC, 0x004, 0x004, 0x0F4, 0x094, 0x0E4, 0x008, 0x000 } }, /* 筒 */
	{ 0xCDB3, { 0x000, 0x200, 0x210, 0x520, 0x720, 0x24C, 0x07C, 0x730, 0x010, 0x750, 0x08C, 0x000 } }, /* 统 */
	{ 0xCDB4, { 0x000, 0x020, 0x1FC, 0x2F8, 0x608, 0x030, 0x2B4, 0x6FC, 0x2B4, 0x2B4, 0x48C, 0x000 } }, /* 痛 */
	{ 0xCDB5, { 0x000, 0x220, 0x250, 0x6DC, 0x700, 0x4E4, 0x0B4, 0x0B4, 0x0F4, 0x0A4, 0x2C8, 0x000 } }, /* 偷 */
	{ 0xCDB6, { 0x230, 0x248, 0x748, 0x24C, 0x240, 0x748, 0x208, 0x230, 0x230, 0x6C4, 0x000, 0x000 } }, /* 投 */
	{ 0xCDB7, { 0x020, 0x120, 0x0A0, 0x620, 0x120, 0x7FC, 0x040, 0x050, 0x188, 0x604, 0x000, 0x000 } }, /* 头 */
	{ 0xCDB8, { 0x000, 0x018, 0x420, 0x0FC, 0x070, 0x6A4, 0x070, 0x04C, 0x288, 0x780, 0x07C, 0x000 } }, /* 透 */
	{ 0xCDB9, { 0x000, 0x1E0, 0x110, 0x110, 0x110, 0x404, 0x404, 0x404, 0x404, 0x7FC, 0x404, 0x000 } }, /* 凸 */
	{ 0xCDBA, { 0x000, 0x0F8, 0x040, 0x7FC, 0x0E0, 0x150, 0x444, 0x0E0, 0x120, 0x124, 0x61C, 0x000 } }, /* 秃 */
	{ 0xCDBB, { 0x000, 0x040, 0x7FC, 0x400, 0x318, 0x450, 0x0D8, 0x0E0, 0x0A0, 0x118, 0x604, 0x000 } }, /* 突 */
	{ 0xCDBC, { 0x3FC, 0x484, 0x4F4, 0x5A4, 0x464, 0x594, 0x464, 0x4C4, 0x424, 0x404, 0x000, 0x000 } }, /* 图 */
	{ 0xCDBD, { 0x000, 0x000, 0x230, 0x430, 0x230, 0x230, 0x600, 0x29C, 0x2C0, 0x2B0, 0x20C, 0x000 } }, /* 徒 */
	{ 0xCDBE, { 0x000, 0x020, 0x450, 0x08C, 0x170, 0x420, 0x020, 0x0A8, 0x124, 0x700, 0x0FC, 0x000 } }, /* 途 */
	{ 0xCDBF, { 0x000, 0x020, 0x670, 0x050, 0x0CC, 0x520, 0x020, 0x220, 0x0A8, 0x4A4, 0x560, 0x000 } }, /* 涂 */
	{ 0xCDC0, { 0x3F8, 0x204, 0x3F8, 0x0F4, 0x078, 0x5FC, 0x4F8, 0x584, 0x484, 0x0FC, 0x000, 0x000 } }, /* 屠 */
	{ 0xCDC1, { 0x000, 0x040, 0x040, 0x040, 0x040, 0x040, 0x040, 0x040, 0x040, 0x040, 0x000, 0x000 } }, /* 土 */
	{ 0xCDC2, { 0x000, 0x010, 0x010, 0x510, 0x57C, 0x510, 0x510, 0x510, 0x510, 0x410, 0x000, 0x000 } }, /* 吐 */
	{ 0xCDC3, { 0x100, 0x3F0, 0x220, 0x7F8, 0x248, 0x3F8, 0x060, 0x0A8, 0x120, 0x63C, 0x000, 0x000 } }, /* 兔 */
	{ 0xCDC4, { 0x020, 0x2A4, 0x0FC, 0x000, 0x020, 0x020, 0x0D4, 0x414, 0x454, 0x404, 0x000, 0x000 } }, /* 湍 */
	{ 0xCDC5, { 0x000, 0x7FC, 0x424, 0x424, 0x5F4, 0x464, 0x4A4, 0x524, 0x464, 0x7FC, 0x404, 0x000 } }, /* 团 */
	{ 0xCDC6, { 0x250, 0x240, 0x77C, 0x2D0, 0x27C, 0x350, 0x27C, 0x250, 0x27C, 0x440, 0x000, 0x000 } }, /* 推 */
	{ 0xCDC7, { 0x100, 0x310, 0x390, 0x324, 0x6B4, 0x334, 0x334, 0x414, 0x58C, 0x464, 0x000, 0x000 } }, /* 颓 */
	{ 0xCDC8, { 0x018, 0x544, 0x55C, 0x704, 0x55C, 0x544, 0x54C, 0x554, 0x540, 0x19C, 0x000, 0x000 } }, /* 腿 */
	{ 0xCDC9, { 0x000, 0x208, 0x228, 0x77C, 0x244, 0x244, 0x738, 0x228, 0x2A8, 0x648, 0x04C, 0x000 } }, /* 蜕 */
	{ 0xCDCA, { 0x000, 0x21C, 0x044, 0x01C, 0x204, 0x258, 0x74C, 0x34C, 0x274, 0x240, 0x29C, 0x000 } }, /* 褪 */
	{ 0xCDCB, { 0x0F8, 0x288, 0x0F8, 0x088, 0x680, 0x2A8, 0x298, 0x2CC, 0x780, 0x4FC, 0x000, 0x000 } }, /* 退 */
	{ 0xCDCC, { 0x3F8, 0x040, 0x0C0, 0x0B0, 0x190, 0x31C, 0x718, 0x108, 0x1F8, 0x108, 0x000, 0x000 } }, /* 吞 */
	{ 0xCDCD, { 0x000, 0x040, 0x0C0, 0x0C0, 0x048, 0x248, 0x2C8, 0x0C8, 0x040, 0x044, 0x07C, 0x000 } }, /* 屯 */
	{ 0xCDCE, { 0x000, 0x654, 0x524, 0x5D4, 0x5D8, 0x234, 0x3F8, 0x3F8, 0x3F8, 0x208, 0x000, 0x000 } }, /* 臀 */
	{ 0xCDCF, { 0x000, 0x240, 0x240, 0x7C0, 0x290, 0x25C, 0x6F4, 0x254, 0x250, 0x240, 0x47C, 0x000 } }, /* 拖 */
	{ 0xCDD0, { 0x200, 0x278, 0x220, 0x720, 0x23C, 0x3F0, 0x620, 0x220, 0x226, 0x61C, 0x000, 0x000 } }, /* 托 */
	{ 0xCDD1, { 0x048, 0x528, 0x578, 0x744, 0x544, 0x57C, 0x520, 0x520, 0x548, 0x1CC, 0x000, 0x000 } }, /* 脱 */
	{ 0xCDD2, { 0x210, 0x790, 0x4C4, 0x4C0, 0x520, 0x438, 0x0A0, 0x3A0, 0x0A4, 0x198, 0x000, 0x000 } }, /* 鸵 */
	{ 0xCDD3, { 0x000, 0x010, 0x510, 0x584, 0x400, 0x520, 0x538, 0x520, 0x520, 0x420, 0x43C, 0x000 } }, /* 陀 */
	{ 0xCDD4, { 0x000, 0x010, 0x710, 0x110, 0x57C, 0x510, 0x790, 0x0A8, 0x6A8, 0x0C4, 0x140, 0x000 } }, /* 驮 */
	{ 0xCDD5, { 0x000, 0x010, 0x710, 0x544, 0x540, 0x520, 0x7B8, 0x0A0, 0x6A0, 0x0A4, 0x11C, 0x000 } }, /* 驼 */
	{ 0xCDD6, { 0x008, 0x0C8, 0x7DC, 0x2D0, 0x6FC, 0x7D4, 0x494, 0x0DC, 0x094, 0x094, 0x000, 0x000 } }, /* 椭 */
	{ 0xCDD7, { 0x000, 0x03C, 0x000, 0x248, 0x108, 0x080, 0x7FC, 0x110, 0x1E0, 0x0F0, 0x70C, 0x000 } }, /* 妥 */
	{ 0xCDD8, { 0x200, 0x230, 0x220, 0x220, 0x27C, 0x644, 0x2C4, 0x284, 0x23C, 0x604, 0x000, 0x000 } }, /* 拓 */
	{ 0xCDD9, { 0x000, 0x03C, 0x610, 0x1FC, 0x058, 0x058, 0x07C, 0x640, 0x1FC, 0x010, 0x0FC, 0x000 } }, /* 唾 */
	{ 0xCDDA, { 0x000, 0x210, 0x2FC, 0x780, 0x248, 0x200, 0x678, 0x210, 0x220, 0x240, 0x47C, 0x000 } }, /* 挖 */
	{ 0xCDDB, { 0x000, 0x010, 0x630, 0x530, 0x510, 0x5FC, 0x510, 0x77C, 0x510, 0x030, 0x000, 0x000 } }, /* 哇 */
	{ 0xCDDC, { 0x000, 0x210, 0x210, 0x710, 0x210, 0x2FC, 0x710, 0x23C, 0x290, 0x790, 0x07C, 0x000 } }, /* 蛙 */
	{ 0xCDDD, { 0x000, 0x000, 0x230, 0x030, 0x420, 0x0FC, 0x020, 0x2FC, 0x020, 0x420, 0x4FC, 0x000 } }, /* 洼 */
	{ 0xCDDE, { 0x210, 0x210, 0x610, 0x510, 0x57C, 0x510, 0x77C, 0x310, 0x410, 0x47C, 0x000, 0x000 } }, /* 娃 */
	{ 0xCDDF, { 0x000, 0x000, 0x7FC, 0x100, 0x1F0, 0x110, 0x090, 0x250, 0x210, 0x3D4, 0x01C, 0x000 } }, /* 瓦 */
	{ 0xCDE0, { 0x210, 0x110, 0x77C, 0x110, 0x27C, 0x730, 0x638, 0x25C, 0x294, 0x210, 0x000, 0x000 } }, /* 袜 */
	{ 0xCDE1, { 0x000, 0x000, 0x0C0, 0x0D0, 0x348, 0x404, 0x3F8, 0x040, 0x078, 0x240, 0x7FC, 0x000 } }, /* 歪 */
	{ 0xCDE2, { 0x000, 0x020, 0x220, 0x3A0, 0x430, 0x4A8, 0x1A4, 0x120, 0x220, 0x620, 0x020, 0x000 } }, /* 外 */
	{ 0xCDE3, { 0x000, 0x010, 0x07C, 0x000, 0x548, 0x534, 0x0B4, 0x57C, 0x050, 0x750, 0x08C, 0x000 } }, /* 豌 */
	{ 0xCDE4, { 0x040, 0x7FC, 0x2A8, 0x4A4, 0x0A0, 0x008, 0x3F8, 0x3F8, 0x008, 0x038, 0x000, 0x000 } }, /* 弯 */
	{ 0xCDE5, { 0x000, 0x020, 0x7FC, 0x050, 0x154, 0x6F8, 0x008, 0x2F8, 0x2F8, 0x400, 0x418, 0x000 } }, /* 湾 */
	{ 0xCDE6, { 0x000, 0x700, 0x200, 0x2FC, 0x750, 0x250, 0x250, 0x350, 0x492, 0x08C, 0x000, 0x000 } }, /* 玩 */
	{ 0xCDE7, { 0x000, 0x010, 0x010, 0x744, 0x154, 0x154, 0x554, 0x594, 0x528, 0x044, 0x000, 0x000 } }, /* 顽 */
	{ 0xCDE8, { 0x080, 0x080, 0x080, 0x090, 0x090, 0x190, 0x0D0, 0x110, 0x214, 0x41C, 0x000, 0x000 } }, /* 丸 */
	{ 0xCDE9, { 0x000, 0x210, 0x27C, 0x384, 0x238, 0x200, 0x27C, 0x320, 0x040, 0x440, 0x48C, 0x000 } }, /* 烷 */
	{ 0xCDEA, { 0x000, 0x040, 0x7FC, 0x404, 0x1F0, 0x000, 0x7FC, 0x120, 0x120, 0x324, 0x63C, 0x000 } }, /* 完 */
	{ 0xCDEB, { 0x000, 0x010, 0x77C, 0x200, 0x040, 0x77C, 0x5A4, 0x16C, 0x300, 0x440, 0x08C, 0x000 } }, /* 碗 */
	{ 0xCDEC, { 0x000, 0x278, 0x680, 0x27C, 0x284, 0x6FC, 0x230, 0x230, 0x250, 0x58C, 0x000, 0x000 } }, /* 挽 */
	{ 0xCDED, { 0x000, 0x000, 0x778, 0x590, 0x57C, 0x784, 0x5FC, 0x520, 0x730, 0x450, 0x08C, 0x000 } }, /* 晚 */
	{ 0xCDEE, { 0x000, 0x000, 0x67C, 0x584, 0x178, 0x500, 0x5FC, 0x110, 0x550, 0x450, 0x08C, 0x000 } }, /* 皖 */
	{ 0xCDEF, { 0x000, 0x020, 0x2FC, 0x384, 0x740, 0x2F4, 0x2B4, 0x254, 0x250, 0x294, 0x28C, 0x000 } }, /* 惋 */
	{ 0xCDF0, { 0x000, 0x040, 0x040, 0x404, 0x100, 0x3A8, 0x2A8, 0x5A8, 0x120, 0x224, 0x43C, 0x000 } }, /* 宛 */
	{ 0xCDF1, { 0x000, 0x000, 0x0FC, 0x484, 0x540, 0x5F4, 0x4B4, 0x674, 0x250, 0x550, 0x48C, 0x000 } }, /* 婉 */
	{ 0xCDF2, { 0x000, 0x7FC, 0x080, 0x080, 0x098, 0x108, 0x108, 0x308, 0x200, 0x430, 0x000, 0x000 } }, /* 万 */
	{ 0xCDF3, { 0x010, 0x57C, 0x580, 0x740, 0x57C, 0x5B4, 0x774, 0x530, 0x550, 0x38C, 0x000, 0x000 } }, /* 腕 */
	{ 0xCDF4, { 0x000, 0x2FC, 0x020, 0x420, 0x230, 0x030, 0x220, 0x220, 0x420, 0x400, 0x000, 0x000 } }, /* 汪 */
	{ 0xCDF5, { 0x000, 0x7FC, 0x040, 0x040, 0x040, 0x040, 0x040, 0x040, 0x040, 0x7FC, 0x000, 0x000 } }, /* 王 */
	{ 0xCDF6, { 0x000, 0x040, 0x040, 0x7FC, 0x200, 0x200, 0x200, 0x200, 0x200, 0x3F8, 0x000, 0x000 } }, /* 亡 */
	{ 0xCDF7, { 0x000, 0x200, 0x27C, 0x210, 0x210, 0x27C, 0x710, 0x610, 0x210, 0x210, 0x200, 0x000 } }, /* 枉 */
	{ 0xCDF8, { 0x000, 0x404, 0x404, 0x5B4, 0x5B4, 0x494, 0x5B4, 0x644, 0x404, 0x40C, 0x000, 0x000 } }, /* 网 */
	{ 0xCDF9, { 0x000, 0x220, 0x200, 0x4FC, 0x220, 0x220, 0x678, 0x220, 0x220, 0x220, 0x2FC, 0x000 } }, /* 往 */
	{ 0xCDFA, { 0x000, 0x000, 0x730, 0x510, 0x510, 0x778, 0x510, 0x510, 0x710, 0x410, 0x0FC, 0x000 } }, /* 旺 */
	{ 0xCDFB, { 0x000, 0x038, 0x7A4, 0x024, 0x23C, 0x244, 0x048, 0x040, 0x3F8, 0x040, 0x7FC, 0x000 } }, /* 望 */
	{ 0xCDFC, { 0x000, 0x040, 0x040, 0x7FC, 0x000, 0x100, 0x040, 0x040, 0x504, 0x510, 0x0F0, 0x000 } }, /* 忘 */
	{ 0xCDFD, { 0x040, 0x7FC, 0x200, 0x200, 0x080, 0x0C0, 0x110, 0x1A0, 0x070, 0x70C, 0x000, 0x000 } }, /* 妄 */
	{ 0xCDFE, { 0x028, 0x020, 0x3FC, 0x1C0, 0x094, 0x7D8, 0x558, 0x4D8, 0x5BC, 0x024, 0x000, 0x000 } }, /* 威 */
	{ 0xCEA1, { 0x000, 0x040, 0x3FC, 0x100, 0x27C, 0x7F8, 0x4D4, 0x238, 0x7BC, 0x348, 0x6CC, 0x000 } }, /* 巍 */
	{ 0xCEA2, { 0x200, 0x520, 0x13C, 0x214, 0x5F4, 0x410, 0x058, 0x168, 0x15C, 0x024, 0x000, 0x000 } }, /* 微 */
	{ 0xCEA3, { 0x000, 0x100, 0x1F0, 0x610, 0x7FC, 0x200, 0x298, 0x288, 0x290, 0x484, 0x4FC, 0x000 } }, /* 危 */
	{ 0xCEA4, { 0x000, 0x000, 0x040, 0x0C0, 0x040, 0x3F8, 0x040, 0x7FC, 0x004, 0x00C, 0x000, 0x000 } }, /* 韦 */
	{ 0xCEA5, { 0x020, 0x4FC, 0x020, 0x0FC, 0x620, 0x2FC, 0x224, 0x22C, 0x620, 0x4FC, 0x000, 0x000 } }, /* 违 */
	{ 0xCEA6, { 0x000, 0x220, 0x278, 0x200, 0x2FC, 0x680, 0x7A4, 0x2A4, 0x2A8, 0x2A4, 0x31C, 0x000 } }, /* 桅 */
	{ 0xCEA7, { 0x3F8, 0x444, 0x5F4, 0x444, 0x444, 0x5F4, 0x454, 0x454, 0x444, 0x404, 0x000, 0x000 } }, /* 围 */
	{ 0xCEA8, { 0x000, 0x050, 0x740, 0x558, 0x5D0, 0x5FC, 0x550, 0x57C, 0x550, 0x47C, 0x040, 0x000 } }, /* 唯 */
	{ 0xCEA9, { 0x000, 0x250, 0x240, 0x37C, 0x6D0, 0x2FC, 0x250, 0x27C, 0x250, 0x27C, 0x240, 0x000 } }, /* 惟 */
	{ 0xCEAA, { 0x040, 0x340, 0x140, 0x7FC, 0x084, 0x084, 0x0B4, 0x104, 0x208, 0x418, 0x000, 0x000 } }, /* 为 */
	{ 0xCEAB, { 0x000, 0x008, 0x520, 0x128, 0x1A8, 0x4FC, 0x128, 0x3BC, 0x428, 0x5BC, 0x020, 0x000 } }, /* 潍 */
	{ 0xCEAC, { 0x000, 0x250, 0x440, 0x57C, 0x6D0, 0x2F8, 0x050, 0x77C, 0x050, 0x77C, 0x040, 0x000 } }, /* 维 */
	{ 0xCEAD, { 0x100, 0x7FC, 0x140, 0x7FC, 0x040, 0x3F8, 0x7F8, 0x044, 0x048, 0x040, 0x000, 0x000 } }, /* 苇 */
	{ 0xCEAE, { 0x000, 0x0A0, 0x1B0, 0x3F0, 0x040, 0x1F0, 0x64C, 0x484, 0x110, 0x0E0, 0x78C, 0x000 } }, /* 萎 */
	{ 0xCEAF, { 0x038, 0x040, 0x7FC, 0x0D0, 0x64C, 0x080, 0x7FC, 0x1A0, 0x070, 0x70C, 0x000, 0x000 } }, /* 委 */
	{ 0xCEB0, { 0x000, 0x000, 0x220, 0x2FC, 0x630, 0x630, 0x220, 0x234, 0x224, 0x224, 0x220, 0x000 } }, /* 伟 */
	{ 0xCEB1, { 0x220, 0x2A0, 0x220, 0x6FC, 0x624, 0x224, 0x254, 0x244, 0x284, 0x298, 0x000, 0x000 } }, /* 伪 */
	{ 0xCEB2, { 0x3F8, 0x008, 0x3F8, 0x000, 0x5E0, 0x478, 0x440, 0x5F8, 0x404, 0x43C, 0x000, 0x000 } }, /* 尾 */
	{ 0xCEB3, { 0x000, 0x200, 0x430, 0x530, 0x630, 0x230, 0x430, 0x634, 0x004, 0x704, 0x000, 0x000 } }, /* 纬 */
	{ 0xCEB4, { 0x000, 0x040, 0x040, 0x3F8, 0x040, 0x7FC, 0x0E0, 0x170, 0x258, 0x444, 0x040, 0x000 } }, /* 未 */
	{ 0xCEB5, { 0x000, 0x110, 0x7FC, 0x000, 0x040, 0x3DC, 0x180, 0x410, 0x480, 0x6C0, 0x188, 0x000 } }, /* 蔚 */
	{ 0xCEB6, { 0x000, 0x720, 0x530, 0x500, 0x5FC, 0x530, 0x778, 0x5C8, 0x084, 0x020, 0x000, 0x000 } }, /* 味 */
	{ 0xCEB7, { 0x3F8, 0x248, 0x3F8, 0x248, 0x3F8, 0x7FC, 0x240, 0x250, 0x2B0, 0x30C, 0x000, 0x000 } }, /* 畏 */
	{ 0xCEB8, { 0x000, 0x444, 0x7FC, 0x64C, 0x000, 0x3F8, 0x3F8, 0x208, 0x208, 0x218, 0x000, 0x000 } }, /* 胃 */
	{ 0xCEB9, { 0x07C, 0x614, 0x57C, 0x514, 0x57C, 0x5FC, 0x740, 0x558, 0x068, 0x044, 0x000, 0x000 } }, /* 喂 */
	{ 0xCEBA, { 0x000, 0x100, 0x23C, 0x7D4, 0x37C, 0x4D4, 0x238, 0x7AC, 0x32C, 0x3C0, 0x48C, 0x000 } }, /* 魏 */
	{ 0xCEBB, { 0x020, 0x220, 0x2FC, 0x600, 0x608, 0x248, 0x240, 0x250, 0x2FC, 0x200, 0x000, 0x000 } }, /* 位 */
	{ 0xCEBC, { 0x0FC, 0x2A4, 0x0FC, 0x4FC, 0x200, 0x084, 0x2FC, 0x084, 0x484, 0x488, 0x000, 0x000 } }, /* 渭 */
	{ 0xCEBD, { 0x0FC, 0x294, 0x0FC, 0x6FC, 0x200, 0x2C4, 0x27C, 0x3C4, 0x244, 0x08C, 0x000, 0x000 } }, /* 谓 */
	{ 0xCEBE, { 0x000, 0x440, 0x7CC, 0x40C, 0x5C0, 0x410, 0x490, 0x6C0, 0x280, 0x188, 0x000, 0x000 } }, /* 尉 */
	{ 0xCEBF, { 0x000, 0x3C8, 0x04C, 0x208, 0x408, 0x5C8, 0x6C8, 0x108, 0x148, 0x504, 0x1F0, 0x000 } }, /* 慰 */
	{ 0xCEC0, { 0x000, 0x000, 0x7F8, 0x088, 0x088, 0x088, 0x088, 0x098, 0x080, 0x080, 0x7FC, 0x000 } }, /* 卫 */
	{ 0xCEC1, { 0x000, 0x020, 0x3FC, 0x2F8, 0x688, 0x2F8, 0x6F8, 0x200, 0x254, 0x454, 0x5FC, 0x000 } }, /* 瘟 */
	{ 0xCEC2, { 0x000, 0x000, 0x288, 0x0F8, 0x488, 0x0F8, 0x000, 0x1D4, 0x554, 0x554, 0x1FC, 0x000 } }, /* 温 */
	{ 0xCEC3, { 0x000, 0x210, 0x210, 0x7FC, 0x6A8, 0x6A8, 0x7A8, 0x2B0, 0x290, 0x668, 0x0C4, 0x000 } }, /* 蚊 */
	{ 0xCEC4, { 0x000, 0x080, 0x040, 0x7FC, 0x110, 0x110, 0x120, 0x0A0, 0x0C0, 0x1B0, 0x60C, 0x000 } }, /* 文 */
	{ 0xCEC5, { 0x200, 0x204, 0x404, 0x5B4, 0x4E4, 0x404, 0x4A4, 0x5F4, 0x404, 0x40C, 0x000, 0x000 } }, /* 闻 */
	{ 0xCEC6, { 0x200, 0x200, 0x4FC, 0x748, 0x248, 0x640, 0x630, 0x030, 0x678, 0x084, 0x000, 0x000 } }, /* 纹 */
	{ 0xCEC7, { 0x000, 0x040, 0x640, 0x1FC, 0x1A4, 0x114, 0x154, 0x794, 0x124, 0x044, 0x098, 0x000 } }, /* 吻 */
	{ 0xCEC8, { 0x000, 0x120, 0x678, 0x2D8, 0x70C, 0x27C, 0x704, 0x678, 0x294, 0x284, 0x238, 0x000 } }, /* 稳 */
	{ 0xCEC9, { 0x040, 0x7FC, 0x0A0, 0x0E0, 0x69C, 0x1E0, 0x090, 0x348, 0x258, 0x4C4, 0x000, 0x000 } }, /* 紊 */
	{ 0xCECA, { 0x200, 0x204, 0x404, 0x4E4, 0x504, 0x504, 0x5E4, 0x404, 0x404, 0x40C, 0x000, 0x000 } }, /* 问 */
	{ 0xCECB, { 0x000, 0x040, 0x688, 0x224, 0x278, 0x200, 0x2EC, 0x684, 0x064, 0x124, 0x04C, 0x000 } }, /* 嗡 */
	{ 0xCECC, { 0x000, 0x110, 0x218, 0x48C, 0x1F0, 0x000, 0x7BC, 0x084, 0x084, 0x7B4, 0x08C, 0x000 } }, /* 翁 */
	{ 0xCECD, { 0x000, 0x120, 0x218, 0x484, 0x1F0, 0x100, 0x300, 0x1F0, 0x290, 0x250, 0x31C, 0x000 } }, /* 瓮 */
	{ 0xCECE, { 0x000, 0x000, 0x280, 0x73C, 0x200, 0x280, 0x610, 0x200, 0x208, 0x2C0, 0x41C, 0x000 } }, /* 挝 */
	{ 0xCECF, { 0x000, 0x23C, 0x204, 0x7A4, 0x690, 0x6BC, 0x7D0, 0x258, 0x268, 0x6C0, 0x044, 0x000 } }, /* 蜗 */
	{ 0xCED0, { 0x078, 0x284, 0x0CC, 0x430, 0x0FC, 0x0A4, 0x2B4, 0x2CC, 0x484, 0x48C, 0x000, 0x000 } }, /* 涡 */
	{ 0xCED1, { 0x000, 0x040, 0x7FC, 0x118, 0x3F8, 0x208, 0x1F8, 0x3FC, 0x444, 0x594, 0x40C, 0x000 } }, /* 窝 */
	{ 0xCED2, { 0x020, 0x7A8, 0x120, 0x7FC, 0x120, 0x124, 0x728, 0x110, 0x170, 0x20C, 0x000, 0x000 } }, /* 我 */
	{ 0xCED3, { 0x000, 0x110, 0x798, 0x124, 0x4C0, 0x7A8, 0x488, 0x388, 0x378, 0x108, 0x008, 0x000 } }, /* 斡 */
	{ 0xCED4, { 0x000, 0x010, 0x590, 0x510, 0x598, 0x454, 0x454, 0x590, 0x510, 0x590, 0x010, 0x000 } }, /* 卧 */
	{ 0xCED5, { 0x000, 0x07C, 0x084, 0x6FC, 0x0BC, 0x2A0, 0x6BC, 0x080, 0x03C, 0x310, 0x57C, 0x000 } }, /* 握 */
	{ 0xCED6, { 0x008, 0x2E0, 0x020, 0x420, 0x0FC, 0x030, 0x230, 0x250, 0x4C8, 0x584, 0x000, 0x000 } }, /* 沃 */
	{ 0xCED7, { 0x000, 0x000, 0x040, 0x040, 0x248, 0x258, 0x358, 0x4E4, 0x040, 0x040, 0x7FC, 0x000 } }, /* 巫 */
	{ 0xCED8, { 0x020, 0x77C, 0x944, 0x944, 0x948, 0x940, 0xF04, 0x8F8, 0x004, 0x00C, 0x000, 0x000 } }, /* 呜 */
	{ 0xCED9, { 0x010, 0x230, 0x424, 0x404, 0x208, 0x220, 0x204, 0x274, 0x304, 0x20C, 0x000, 0x000 } }, /* 钨 */
	{ 0xCEDA, { 0x000, 0x080, 0x1F0, 0x210, 0x210, 0x220, 0x3FC, 0x004, 0x7F4, 0x004, 0x018, 0x000 } }, /* 乌 */
	{ 0xCEDB, { 0x000, 0x2FC, 0x000, 0x4FC, 0x240, 0x040, 0x20C, 0x204, 0x400, 0x418, 0x000, 0x000 } }, /* 污 */
	{ 0xCEDC, { 0x000, 0x000, 0x2FC, 0x000, 0x484, 0x288, 0x2CC, 0x378, 0x200, 0x330, 0x000, 0x000 } }, /* 诬 */
	{ 0xCEDD, { 0x000, 0x000, 0x200, 0x3F8, 0x200, 0x250, 0x2D8, 0x020, 0x5F8, 0x420, 0x1FC, 0x000 } }, /* 屋 */
	{ 0xCEDE, { 0x000, 0x3F8, 0x000, 0x000, 0x7FC, 0x0A0, 0x0A0, 0x120, 0x324, 0x41C, 0x000, 0x000 } }, /* 无 */
	{ 0xCEDF, { 0x000, 0x7FC, 0x000, 0x3F8, 0x040, 0x7FC, 0x0A0, 0x0A0, 0x124, 0x63C, 0x000, 0x000 } }, /* 芜 */
	{ 0xCEE0, { 0x000, 0x200, 0x220, 0x778, 0x228, 0x628, 0x700, 0x27C, 0x244, 0x244, 0x244, 0x000 } }, /* 梧 */
	{ 0xCEE1, { 0x3F8, 0x040, 0x3F0, 0x088, 0x098, 0x000, 0x3F8, 0x208, 0x308, 0x208, 0x000, 0x000 } }, /* 吾 */
	{ 0xCEE2, { 0x000, 0x308, 0x208, 0x1F0, 0x3F8, 0x040, 0x7FC, 0x0E0, 0x190, 0x60C, 0x000, 0x000 } }, /* 吴 */
	{ 0xCEE3, { 0x000, 0x368, 0x248, 0x248, 0x64C, 0x248, 0x248, 0x0DC, 0x088, 0x210, 0x000, 0x000 } }, /* 毋 */
	{ 0xCEE4, { 0x020, 0x3A8, 0x020, 0x7FC, 0x020, 0x080, 0x090, 0x010, 0x7CC, 0x404, 0x000, 0x000 } }, /* 武 */
	{ 0xCEE5, { 0x000, 0x3FC, 0x000, 0x080, 0x3F0, 0x080, 0x080, 0x080, 0x7FC, 0x000, 0x000, 0x000 } }, /* 五 */
	{ 0xCEE6, { 0x200, 0x220, 0x778, 0x228, 0x228, 0x600, 0x278, 0x244, 0x24C, 0x644, 0x000, 0x000 } }, /* 捂 */
	{ 0xCEE7, { 0x000, 0x100, 0x100, 0x3F8, 0x240, 0x040, 0x7FC, 0x040, 0x040, 0x040, 0x040, 0x000 } }, /* 午 */
	{ 0xCEE8, { 0x000, 0x100, 0x3F8, 0x4A8, 0x3F8, 0x3A8, 0x200, 0x3BC, 0x680, 0x13C, 0x600, 0x000 } }, /* 舞 */
	{ 0xCEE9, { 0x000, 0x100, 0x27C, 0x220, 0x620, 0x6F8, 0x248, 0x248, 0x248, 0x248, 0x200, 0x000 } }, /* 伍 */
	{ 0xCEEA, { 0x000, 0x240, 0x2FC, 0x280, 0x6F8, 0x6A0, 0x3FC, 0x2A8, 0x288, 0x27C, 0x208, 0x000 } }, /* 侮 */
	{ 0xCEEB, { 0x000, 0x210, 0x238, 0x244, 0x744, 0x248, 0x240, 0x304, 0x674, 0x004, 0x00C, 0x000 } }, /* 坞 */
	{ 0xCEEC, { 0x000, 0x050, 0x048, 0x3FC, 0x240, 0x248, 0x210, 0x230, 0x020, 0x4D4, 0x40C, 0x000 } }, /* 戊 */
	{ 0xCEED, { 0x3F8, 0x7FC, 0x554, 0x158, 0x100, 0x3B0, 0x0E0, 0x258, 0x088, 0x310, 0x000, 0x000 } }, /* 雾 */
	{ 0xCEEE, { 0x07C, 0x720, 0x178, 0x520, 0x52C, 0x100, 0x578, 0x744, 0x04C, 0x044, 0x000, 0x000 } }, /* 晤 */
	{ 0xCEEF, { 0x000, 0x120, 0x120, 0x77C, 0x5AC, 0x12C, 0x18C, 0x754, 0x114, 0x124, 0x148, 0x000 } }, /* 物 */
	{ 0xCEF0, { 0x000, 0x100, 0x100, 0x3FC, 0x494, 0x4A4, 0x124, 0x224, 0x044, 0x088, 0x118, 0x000 } }, /* 勿 */
	{ 0xCEF1, { 0x080, 0x1F8, 0x290, 0x060, 0x1F0, 0x644, 0x3F8, 0x088, 0x188, 0x610, 0x000, 0x000 } }, /* 务 */
	{ 0xCEF2, { 0x000, 0x27C, 0x220, 0x378, 0x728, 0x26C, 0x200, 0x278, 0x244, 0x27C, 0x244, 0x000 } }, /* 悟 */
	{ 0xCEF3, { 0x000, 0x288, 0x088, 0x400, 0x2FC, 0x220, 0x2FC, 0x230, 0x248, 0x184, 0x000, 0x000 } }, /* 误 */
	{ 0xCEF4, { 0x100, 0x1B0, 0x110, 0x130, 0x000, 0x1F0, 0x200, 0x1F0, 0x310, 0x310, 0x000, 0x000 } }, /* 昔 */
	{ 0xCEF5, { 0x7BC, 0x524, 0x7A4, 0x6BC, 0x7A0, 0x520, 0x79C, 0x000, 0x424, 0x484, 0x000, 0x000 } }, /* 熙 */
	{ 0xCEF6, { 0x000, 0x000, 0x230, 0x700, 0x220, 0x328, 0x688, 0x648, 0x248, 0x248, 0x288, 0x000 } }, /* 析 */
	{ 0xCEF7, { 0x000, 0x000, 0x4A0, 0x0A0, 0x3F8, 0x0A0, 0x0A0, 0x338, 0x200, 0x3F8, 0x200, 0x000 } }, /* 西 */
	{ 0xCEF8, { 0x000, 0x728, 0x020, 0x67C, 0x524, 0x524, 0x56C, 0x544, 0x744, 0x044, 0x000, 0x000 } }, /* 硒 */
	{ 0xCEF9, { 0x000, 0x010, 0x790, 0x23C, 0x224, 0x7C4, 0x694, 0x288, 0x388, 0x230, 0x060, 0x000 } }, /* 矽 */
	{ 0xCEFA, { 0x000, 0x000, 0x658, 0x050, 0x0DC, 0x6D4, 0x0F4, 0x1D4, 0x654, 0x064, 0x064, 0x000 } }, /* 晰 */
	{ 0xCEFB, { 0x020, 0x6B0, 0x078, 0x078, 0x0C4, 0x248, 0x6FC, 0x078, 0x084, 0x084, 0x000, 0x000 } }, /* 嘻 */
	{ 0xCEFC, { 0x000, 0x748, 0x548, 0x54C, 0x564, 0x560, 0x748, 0x598, 0x098, 0x164, 0x000, 0x000 } }, /* 吸 */
	{ 0xCEFD, { 0x000, 0x238, 0x744, 0x47C, 0x77C, 0x200, 0x77C, 0x2A8, 0x254, 0x324, 0x04C, 0x000 } }, /* 锡 */
	{ 0xCEFE, { 0x200, 0x238, 0x620, 0x7FC, 0x224, 0x324, 0x64C, 0x244, 0x27C, 0x204, 0x000, 0x000 } }, /* 牺 */
	{ 0xCFA1, { 0x000, 0x348, 0x238, 0x26C, 0x720, 0x27C, 0x750, 0x6FC, 0x2D4, 0x254, 0x210, 0x000 } }, /* 稀 */
	{ 0xCFA2, { 0x000, 0x080, 0x3F8, 0x208, 0x208, 0x3F8, 0x3F8, 0x000, 0x544, 0x504, 0x0F0, 0x000 } }, /* 息 */
	{ 0xCFA3, { 0x000, 0x110, 0x0E0, 0x398, 0x088, 0x7FC, 0x140, 0x768, 0x100, 0x108, 0x000, 0x000 } }, /* 希 */
	{ 0xCFA4, { 0x000, 0x018, 0x340, 0x150, 0x7FC, 0x150, 0x64C, 0x000, 0x108, 0x514, 0x4F0, 0x000 } }, /* 悉 */
	{ 0xCFA5, { 0x000, 0x010, 0x77C, 0x530, 0x744, 0x530, 0x544, 0x550, 0x518, 0x554, 0x120, 0x000 } }, /* 膝 */
	{ 0xCFA6, { 0x080, 0x080, 0x1FC, 0x100, 0x208, 0x0C8, 0x030, 0x020, 0x0C0, 0x600, 0x000, 0x000 } }, /* 夕 */
	{ 0xCFA7, { 0x000, 0x228, 0x268, 0x328, 0x228, 0x200, 0x278, 0x244, 0x27C, 0x24C, 0x240, 0x000 } }, /* 惜 */
	{ 0xCFA8, { 0x000, 0x220, 0x278, 0x278, 0x348, 0x248, 0x278, 0x210, 0x184, 0x484, 0x038, 0x000 } }, /* 熄 */
	{ 0xCFA9, { 0x000, 0x248, 0x238, 0x7EC, 0x720, 0x2FC, 0x250, 0x2FC, 0x154, 0x454, 0x010, 0x000 } }, /* 烯 */
	{ 0xCFAA, { 0x000, 0x03C, 0x2A0, 0x088, 0x448, 0x0F0, 0x0CC, 0x020, 0x5FC, 0x450, 0x58C, 0x000 } }, /* 溪 */
	{ 0xCFAB, { 0x020, 0x320, 0x07C, 0x444, 0x284, 0x034, 0x218, 0x210, 0x420, 0x4C0, 0x000, 0x000 } }, /* 汐 */
	{ 0xCFAC, { 0x3FC, 0x204, 0x3A0, 0x0A8, 0x0A8, 0x4A0, 0x5F8, 0x420, 0x420, 0x020, 0x000, 0x000 } }, /* 犀 */
	{ 0xCFAD, { 0x008, 0x2C8, 0x6AC, 0x2B4, 0x6F4, 0x754, 0x688, 0x2E8, 0x2A8, 0x274, 0x000, 0x000 } }, /* 檄 */
	{ 0xCFAE, { 0x000, 0x090, 0x7FC, 0x028, 0x160, 0x6BC, 0x040, 0x0C0, 0x128, 0x710, 0x184, 0x000 } }, /* 袭 */
	{ 0xCFAF, { 0x000, 0x040, 0x7FC, 0x480, 0x5FC, 0x490, 0x420, 0x5FC, 0x524, 0x524, 0x028, 0x000 } }, /* 席 */
	{ 0xCFB0, { 0x000, 0x3F8, 0x008, 0x188, 0x048, 0x008, 0x068, 0x308, 0x008, 0x038, 0x000, 0x000 } }, /* 习 */
	{ 0xCFB1, { 0x000, 0x000, 0x27C, 0x644, 0x544, 0x57C, 0x57C, 0x700, 0x3F4, 0x2A4, 0x438, 0x000 } }, /* 媳 */
	{ 0xCFB2, { 0x000, 0x040, 0x444, 0x3F8, 0x3F8, 0x208, 0x110, 0x7FC, 0x1F0, 0x208, 0x3F8, 0x000 } }, /* 喜 */
	{ 0xCFB3, { 0x210, 0x450, 0x77C, 0x090, 0x210, 0x238, 0x220, 0x200, 0x340, 0x08C, 0x000, 0x000 } }, /* 铣 */
	{ 0xCFB4, { 0x000, 0x280, 0x0FC, 0x000, 0x630, 0x050, 0x250, 0x250, 0x490, 0x50C, 0x000, 0x000 } }, /* 洗 */
	{ 0xCFB5, { 0x018, 0x2C0, 0x090, 0x3E0, 0x088, 0x3BC, 0x040, 0x248, 0x444, 0x0C0, 0x000, 0x000 } }, /* 系 */
	{ 0xCFB6, { 0x000, 0x010, 0x554, 0x490, 0x67C, 0x544, 0x544, 0x57C, 0x410, 0x494, 0x420, 0x000 } }, /* 隙 */
	{ 0xCFB7, { 0x020, 0x728, 0x120, 0x13C, 0x520, 0x328, 0x310, 0x310, 0x438, 0x04C, 0x000, 0x000 } }, /* 戏 */
	{ 0xCFB8, { 0x000, 0x200, 0x27C, 0x454, 0x754, 0x254, 0x254, 0x754, 0x054, 0x77C, 0x040, 0x000 } }, /* 细 */
	{ 0xCFB9, { 0x000, 0x000, 0x7FC, 0x190, 0x738, 0x178, 0x730, 0x110, 0x57C, 0x444, 0x044, 0x000 } }, /* 瞎 */
	{ 0xCFBA, { 0x000, 0x200, 0x27C, 0x790, 0x290, 0x298, 0x794, 0x214, 0x290, 0x790, 0x010, 0x000 } }, /* 虾 */
	{ 0xCFBB, { 0x000, 0x7FC, 0x400, 0x5F8, 0x548, 0x5F8, 0x568, 0x460, 0x400, 0x400, 0x7FC, 0x000 } }, /* 匣 */
	{ 0xCFBC, { 0x3F8, 0x040, 0x75C, 0x358, 0x000, 0x48C, 0x3B8, 0x3B8, 0x398, 0x46C, 0x000, 0x000 } }, /* 霞 */
	{ 0xCFBD, { 0x000, 0x210, 0x27C, 0x690, 0x410, 0x678, 0x77C, 0x010, 0x77C, 0x244, 0x244, 0x000 } }, /* 辖 */
	{ 0xCFBE, { 0x048, 0x7A4, 0x5A4, 0x5C0, 0x780, 0x594, 0x5D4, 0x788, 0x488, 0x0B4, 0x000, 0x000 } }, /* 暇 */
	{ 0xCFBF, { 0x000, 0x010, 0x27C, 0x210, 0x650, 0x210, 0x2FC, 0x210, 0x728, 0x048, 0x084, 0x000 } }, /* 峡 */
	{ 0xCFC0, { 0x220, 0x220, 0x220, 0x6A8, 0x6A8, 0x2FC, 0x230, 0x250, 0x2C8, 0x284, 0x000, 0x000 } }, /* 侠 */
	{ 0xCFC1, { 0x000, 0x730, 0x230, 0x600, 0x200, 0x3FC, 0x530, 0x128, 0x248, 0x684, 0x000, 0x000 } }, /* 狭 */
	{ 0xCFC2, { 0x000, 0x000, 0x7FC, 0x040, 0x040, 0x050, 0x058, 0x048, 0x040, 0x040, 0x040, 0x000 } }, /* 下 */
	{ 0xCFC3, { 0x3FC, 0x5FC, 0x460, 0x588, 0x5F8, 0x5F8, 0x4C0, 0x4F8, 0x470, 0x1FC, 0x000, 0x000 } }, /* 厦 */
	{ 0xCFC4, { 0x7FC, 0x0C0, 0x208, 0x208, 0x3F8, 0x3F8, 0x1F0, 0x790, 0x0E0, 0x71C, 0x000, 0x000 } }, /* 夏 */
	{ 0xCFC5, { 0x000, 0xF30, 0x920, 0x920, 0x928, 0x924, 0xF24, 0x920, 0x020, 0x020, 0x000, 0x000 } }, /* 吓 */
	{ 0xCFC6, { 0x000, 0x0D0, 0x69C, 0x284, 0x2C8, 0x648, 0x058, 0x158, 0x154, 0x420, 0x000, 0x000 } }, /* 掀 */
	{ 0xCFC7, { 0x000, 0x000, 0x4D0, 0x69C, 0x0F4, 0x288, 0x288, 0x288, 0x298, 0x314, 0x020, 0x000 } }, /* 锨 */
	{ 0xCFC8, { 0x040, 0x240, 0x3F8, 0x440, 0x040, 0x1A0, 0x120, 0x120, 0x224, 0x41C, 0x000, 0x000 } }, /* 先 */
	{ 0xCFC9, { 0x000, 0x100, 0x200, 0x200, 0x284, 0x684, 0x284, 0x284, 0x284, 0x2FC, 0x204, 0x000 } }, /* 仙 */
	{ 0xCFCA, { 0x000, 0x208, 0x728, 0x57C, 0x790, 0x490, 0x790, 0x590, 0x07C, 0x390, 0x010, 0x000 } }, /* 鲜 */
	{ 0xCFCB, { 0x200, 0x278, 0x490, 0x510, 0x210, 0x218, 0x710, 0x010, 0x790, 0x010, 0x000, 0x000 } }, /* 纤 */
	{ 0xCFCC, { 0x028, 0x020, 0x3FC, 0x000, 0x004, 0x1D8, 0x558, 0x550, 0x428, 0x444, 0x000, 0x000 } }, /* 咸 */
	{ 0xCFCD, { 0x000, 0x078, 0x508, 0x530, 0x538, 0x044, 0x3F8, 0x248, 0x208, 0x090, 0x608, 0x000 } }, /* 贤 */
	{ 0xCFCE, { 0x000, 0x200, 0x48C, 0x500, 0x200, 0x244, 0x4E4, 0x044, 0x064, 0x044, 0x008, 0x000 } }, /* 衔 */
	{ 0xCFCF, { 0x210, 0x310, 0x4BC, 0x490, 0x4A4, 0x7B8, 0x490, 0x484, 0x4BC, 0x100, 0x000, 0x000 } }, /* 舷 */
	{ 0xCFD0, { 0x000, 0x200, 0x004, 0x444, 0x554, 0x4C4, 0x4C4, 0x554, 0x544, 0x444, 0x408, 0x000 } }, /* 闲 */
	{ 0xCFD1, { 0x404, 0x2B8, 0x088, 0x4A8, 0x1AC, 0x028, 0x1A8, 0x5BC, 0x480, 0x53C, 0x000, 0x000 } }, /* 涎 */
	{ 0xCFD2, { 0x000, 0x010, 0x110, 0x120, 0x720, 0x448, 0x670, 0x110, 0x124, 0x14C, 0x204, 0x000 } }, /* 弦 */
	{ 0xCFD3, { 0x000, 0x040, 0x0FC, 0x610, 0x57C, 0x5FC, 0x454, 0x678, 0x358, 0x494, 0x410, 0x000 } }, /* 嫌 */
	{ 0xCFD4, { 0x000, 0x000, 0x208, 0x3F8, 0x208, 0x3F8, 0x0A0, 0x4A4, 0x2A8, 0x0A0, 0x7FC, 0x000 } }, /* 显 */
	{ 0xCFD5, { 0x000, 0x020, 0x530, 0x448, 0x6CC, 0x600, 0x528, 0x528, 0x648, 0x400, 0x4FC, 0x000 } }, /* 险 */
	{ 0xCFD6, { 0x000, 0x744, 0x254, 0x254, 0x754, 0x254, 0x210, 0x330, 0x450, 0x08C, 0x000, 0x000 } }, /* 现 */
	{ 0xCFD7, { 0x100, 0x104, 0x100, 0x7FC, 0x448, 0x7D8, 0x558, 0x7D0, 0x564, 0x464, 0x000, 0x000 } }, /* 献 */
	{ 0xCFD8, { 0x000, 0x308, 0x318, 0x208, 0x3F8, 0x208, 0x7FC, 0x090, 0x118, 0x3C8, 0x000, 0x000 } }, /* 县 */
	{ 0xCFD9, { 0x000, 0x000, 0x77C, 0x544, 0x744, 0x57C, 0x510, 0x778, 0x558, 0x5D4, 0x130, 0x000 } }, /* 腺 */
	{ 0xCFDA, { 0x020, 0x438, 0x748, 0x548, 0x200, 0x244, 0x244, 0x344, 0x244, 0x07C, 0x000, 0x000 } }, /* 馅 */
	{ 0xCFDB, { 0x000, 0x000, 0x3FC, 0x040, 0x040, 0x7FC, 0x040, 0x2E8, 0x020, 0x650, 0x184, 0x000 } }, /* 羡 */
	{ 0xCFDC, { 0x000, 0x040, 0x7F8, 0x444, 0x140, 0x240, 0x040, 0x0A0, 0x020, 0x124, 0x618, 0x000 } }, /* 宪 */
	{ 0xCFDD, { 0x020, 0x73C, 0x148, 0x208, 0x22C, 0x140, 0x14C, 0x344, 0x044, 0x044, 0x000, 0x000 } }, /* 陷 */
	{ 0xCFDE, { 0x000, 0x338, 0x544, 0x578, 0x444, 0x578, 0x554, 0x558, 0x748, 0x46C, 0x440, 0x000 } }, /* 限 */
	{ 0xCFDF, { 0x220, 0x228, 0x52C, 0x7E0, 0x22C, 0x060, 0x728, 0x010, 0x678, 0x08C, 0x000, 0x000 } }, /* 线 */
	{ 0xCFE0, { 0x200, 0x244, 0x7C4, 0x27C, 0x344, 0x7C4, 0x644, 0x244, 0x27C, 0x244, 0x000, 0x000 } }, /* 相 */
	{ 0xCFE1, { 0x000, 0x400, 0x4BC, 0x5A4, 0x4BC, 0x5A4, 0x5FC, 0x6A4, 0x4BC, 0x0A4, 0x000, 0x000 } }, /* 厢 */
	{ 0xCFE2, { 0x000, 0x210, 0x200, 0x46C, 0x46C, 0x27C, 0x77C, 0x27C, 0x370, 0x2E8, 0x024, 0x000 } }, /* 镶 */
	{ 0xCFE3, { 0x000, 0x038, 0x240, 0x7FC, 0x1E0, 0x258, 0x3FC, 0x200, 0x3F0, 0x210, 0x210, 0x000 } }, /* 香 */
	{ 0xCFE4, { 0x000, 0x210, 0x3BC, 0x528, 0x27C, 0x744, 0x27C, 0x3C4, 0x644, 0x27C, 0x244, 0x000 } }, /* 箱 */
	{ 0xCFE5, { 0x000, 0x040, 0x000, 0x3B8, 0x3B8, 0x7FC, 0x3F8, 0x5B4, 0x188, 0x730, 0x18C, 0x000 } }, /* 襄 */
	{ 0xCFE6, { 0x080, 0x294, 0x1D4, 0x49C, 0x094, 0x1D4, 0x594, 0x494, 0x49C, 0x094, 0x000, 0x000 } }, /* 湘 */
	{ 0xCFE7, { 0x000, 0x080, 0x080, 0x110, 0x3E0, 0x040, 0x188, 0x3F0, 0x030, 0x0C0, 0x700, 0x000 } }, /* 乡 */
	{ 0xCFE8, { 0x500, 0x124, 0x724, 0x26C, 0x76C, 0x224, 0x77C, 0x224, 0x424, 0x464, 0x000, 0x000 } }, /* 翔 */
	{ 0xCFE9, { 0x000, 0x208, 0x028, 0x77C, 0x110, 0x210, 0x310, 0x610, 0x27C, 0x210, 0x210, 0x000 } }, /* 祥 */
	{ 0xCFEA, { 0x000, 0x048, 0x200, 0x0FC, 0x400, 0x234, 0x230, 0x200, 0x2FC, 0x200, 0x000, 0x000 } }, /* 详 */
	{ 0xCFEB, { 0x000, 0x238, 0x344, 0x27C, 0x344, 0x6C4, 0x27C, 0x000, 0x22C, 0x404, 0x4F0, 0x000 } }, /* 想 */
	{ 0xCFEC, { 0x000, 0x020, 0x660, 0x584, 0x584, 0x5B4, 0x5A4, 0x5A4, 0x584, 0x084, 0x08C, 0x000 } }, /* 响 */
	{ 0xCFED, { 0x000, 0x040, 0x7FC, 0x1F0, 0x208, 0x000, 0x3F8, 0x020, 0x7FC, 0x040, 0x0C0, 0x000 } }, /* 享 */
	{ 0xCFEE, { 0x000, 0x730, 0x220, 0x24C, 0x244, 0x254, 0x344, 0x420, 0x048, 0x084, 0x000, 0x000 } }, /* 项 */
	{ 0xCFEF, { 0x000, 0x000, 0x1B0, 0x0A0, 0x7FC, 0x110, 0x3F8, 0x714, 0x1F0, 0x108, 0x1F8, 0x000 } }, /* 巷 */
	{ 0xCFF0, { 0x000, 0x220, 0x258, 0x6FC, 0x294, 0x67C, 0x664, 0x238, 0x2B4, 0x254, 0x230, 0x000 } }, /* 橡 */
	{ 0xCFF1, { 0x000, 0x240, 0x2F0, 0x3F8, 0x6A4, 0x6FC, 0x2E8, 0x278, 0x2B8, 0x2D4, 0x220, 0x000 } }, /* 像 */
	{ 0xCFF2, { 0x000, 0x080, 0x080, 0x7FC, 0x404, 0x4F4, 0x414, 0x494, 0x404, 0x404, 0x40C, 0x000 } }, /* 向 */
	{ 0xCFF3, { 0x000, 0x100, 0x3F0, 0x7F8, 0x248, 0x3F8, 0x388, 0x0F0, 0x670, 0x12C, 0x4C0, 0x000 } }, /* 象 */
	{ 0xCFF4, { 0x100, 0x7FC, 0x040, 0x248, 0x7FC, 0x3F8, 0x040, 0x348, 0x548, 0x448, 0x000, 0x000 } }, /* 萧 */
	{ 0xCFF5, { 0x000, 0x010, 0x7D4, 0x210, 0x23C, 0x744, 0x67C, 0x244, 0x37C, 0x244, 0x04C, 0x000 } }, /* 硝 */
	{ 0xCFF6, { 0x3F8, 0x7FC, 0x554, 0x010, 0x040, 0x150, 0x208, 0x208, 0x3F8, 0x218, 0x000, 0x000 } }, /* 霄 */
	{ 0xCFF7, { 0x104, 0x544, 0x114, 0x7D4, 0x454, 0x7D4, 0x454, 0x7C4, 0x444, 0x4CC, 0x000, 0x000 } }, /* 削 */
	{ 0xCFF8, { 0x000, 0x000, 0x674, 0x428, 0x0FC, 0x030, 0x078, 0x790, 0x0FC, 0x010, 0x020, 0x000 } }, /* 哮 */
	{ 0xCFF9, { 0x3B8, 0x2AC, 0x000, 0x040, 0x3F8, 0x2C8, 0x30C, 0x7B8, 0x2A4, 0x2AC, 0x000, 0x000 } }, /* 嚣 */
	{ 0xCFFA, { 0x000, 0x210, 0x254, 0x714, 0x43C, 0x244, 0x27C, 0x244, 0x27C, 0x344, 0x24C, 0x000 } }, /* 销 */
	{ 0xCFFB, { 0x010, 0x294, 0x010, 0x0FC, 0x684, 0x0FC, 0x284, 0x2FC, 0x484, 0x48C, 0x000, 0x000 } }, /* 消 */
	{ 0xCFFC, { 0x000, 0x040, 0x7FC, 0x444, 0x150, 0x3F8, 0x208, 0x3F8, 0x208, 0x208, 0x218, 0x000 } }, /* 宵 */
	{ 0xCFFD, { 0x000, 0x048, 0x230, 0x0CC, 0x420, 0x260, 0x07C, 0x1FC, 0x444, 0x47C, 0x448, 0x000 } }, /* 淆 */
	{ 0xCFFE, { 0x000, 0x000, 0x778, 0x128, 0x530, 0x75C, 0x10C, 0x578, 0x550, 0x050, 0x08C, 0x000 } }, /* 晓 */
	{ 0xD0A1, { 0x040, 0x040, 0x040, 0x250, 0x248, 0x248, 0x444, 0x040, 0x040, 0x0C0, 0x000, 0x000 } }, /* 小 */
	{ 0xD0A2, { 0x040, 0x3F8, 0x050, 0x7FC, 0x0C0, 0x138, 0x420, 0x3FC, 0x040, 0x0C0, 0x000, 0x000 } }, /* 孝 */
	{ 0xD0A3, { 0x000, 0x210, 0x210, 0x700, 0x228, 0x244, 0x708, 0x628, 0x230, 0x238, 0x2C4, 0x000 } }, /* 校 */
	{ 0xD0A4, { 0x000, 0x040, 0x248, 0x040, 0x3F8, 0x208, 0x3F8, 0x208, 0x208, 0x208, 0x218, 0x000 } }, /* 肖 */
	{ 0xD0A5, { 0x000, 0x000, 0x67C, 0x414, 0x434, 0x47C, 0x410, 0x6FC, 0x4DC, 0x014, 0x100, 0x000 } }, /* 啸 */
	{ 0xD0A6, { 0x200, 0x3BC, 0x508, 0x000, 0x3F0, 0x040, 0x7FC, 0x0A0, 0x190, 0x60C, 0x000, 0x000 } }, /* 笑 */
	{ 0xD0A7, { 0x000, 0x010, 0x100, 0x03C, 0x2A0, 0x4E8, 0x008, 0x318, 0x390, 0x638, 0x044, 0x000 } }, /* 效 */
	{ 0xD0A8, { 0x240, 0x26C, 0x248, 0x248, 0x2F4, 0x710, 0x230, 0x230, 0x268, 0x284, 0x000, 0x000 } }, /* 楔 */
	{ 0xD0A9, { 0x000, 0x020, 0x120, 0x1A8, 0x120, 0x120, 0x7BC, 0x000, 0x318, 0x000, 0x7FC, 0x000 } }, /* 些 */
	{ 0xD0AA, { 0x000, 0x010, 0x490, 0x7BC, 0x4A4, 0x210, 0x7D0, 0x558, 0x658, 0x764, 0x080, 0x000 } }, /* 歇 */
	{ 0xD0AB, { 0x238, 0x244, 0x77C, 0x664, 0x620, 0x77C, 0x254, 0x2AC, 0x7B4, 0x004, 0x000, 0x000 } }, /* 蝎 */
	{ 0xD0AC, { 0x000, 0x790, 0x298, 0x310, 0x7BC, 0x480, 0x7BC, 0x790, 0x010, 0x000, 0x000, 0x000 } }, /* 鞋 */
	{ 0xD0AD, { 0x000, 0x020, 0x220, 0x278, 0x728, 0x228, 0x28C, 0x248, 0x248, 0x288, 0x210, 0x000 } }, /* 协 */
	{ 0xD0AE, { 0x000, 0x200, 0x230, 0x630, 0x200, 0x200, 0x6FC, 0x230, 0x228, 0x248, 0x484, 0x000 } }, /* 挟 */
	{ 0xD0AF, { 0x000, 0x250, 0x258, 0x2D0, 0x2D0, 0x27C, 0x37C, 0x240, 0x22C, 0x244, 0x68C, 0x000 } }, /* 携 */
	{ 0xD0B0, { 0x01C, 0x094, 0x284, 0x080, 0x7C8, 0x184, 0x284, 0x284, 0x480, 0x100, 0x000, 0x000 } }, /* 邪 */
	{ 0xD0B1, { 0x100, 0x3A8, 0x458, 0x788, 0x128, 0x788, 0x11C, 0x588, 0x108, 0x208, 0x000, 0x000 } }, /* 斜 */
	{ 0xD0B2, { 0x000, 0x520, 0x530, 0x728, 0x52C, 0x52C, 0x5A8, 0x508, 0x548, 0x318, 0x000, 0x000 } }, /* 胁 */
	{ 0xD0B3, { 0x090, 0x2DC, 0x090, 0x4D4, 0x200, 0x220, 0x284, 0x3FC, 0x284, 0x0C4, 0x000, 0x000 } }, /* 谐 */
	{ 0xD0B4, { 0x000, 0x000, 0x404, 0x504, 0x1F8, 0x100, 0x1F8, 0x000, 0x7E8, 0x008, 0x018, 0x000 } }, /* 写 */
	{ 0xD0B5, { 0x000, 0x210, 0x210, 0x6FC, 0x214, 0x694, 0x7F0, 0x288, 0x288, 0x21C, 0x204, 0x000 } }, /* 械 */
	{ 0xD0B6, { 0x200, 0x3DC, 0x514, 0x114, 0x5D4, 0x114, 0x114, 0x114, 0x790, 0x010, 0x000, 0x000 } }, /* 卸 */
	{ 0xD0B7, { 0x000, 0x200, 0x594, 0x7C4, 0x3D8, 0x7E8, 0x548, 0x048, 0x248, 0x258, 0x7CC, 0x000 } }, /* 蟹 */
	{ 0xD0B8, { 0x000, 0x080, 0x2CC, 0x340, 0x6F4, 0x060, 0x0FC, 0x060, 0x1FC, 0x320, 0x300, 0x000 } }, /* 懈 */
	{ 0xD0B9, { 0x000, 0x000, 0x2A8, 0x0A8, 0x5FC, 0x2A8, 0x0A8, 0x2A8, 0x280, 0x480, 0x47C, 0x000 } }, /* 泄 */
	{ 0xD0BA, { 0x000, 0x284, 0x040, 0x47C, 0x240, 0x07C, 0x204, 0x3F4, 0x404, 0x408, 0x000, 0x000 } }, /* 泻 */
	{ 0xD0BB, { 0x000, 0x0C4, 0x024, 0x4EC, 0x0E4, 0x034, 0x1E4, 0x224, 0x6A4, 0x16C, 0x000, 0x000 } }, /* 谢 */
	{ 0xD0BC, { 0x3F8, 0x204, 0x3FC, 0x228, 0x2A8, 0x38C, 0x1FC, 0x504, 0x58C, 0x108, 0x000, 0x000 } }, /* 屑 */
	{ 0xD0BD, { 0x100, 0x7FC, 0x100, 0x7B0, 0x2A0, 0x7FC, 0x128, 0x128, 0x568, 0x348, 0x000, 0x000 } }, /* 薪 */
	{ 0xD0BE, { 0x000, 0x110, 0x7FC, 0x110, 0x100, 0x040, 0x128, 0x504, 0x504, 0x110, 0x0F0, 0x000 } }, /* 芯 */
	{ 0xD0BF, { 0x000, 0x210, 0x27C, 0x400, 0x728, 0x228, 0x710, 0x210, 0x27C, 0x310, 0x210, 0x000 } }, /* 锌 */
	{ 0xD0C0, { 0x080, 0x620, 0x43C, 0x684, 0x550, 0x510, 0x510, 0x538, 0x448, 0x044, 0x000, 0x000 } }, /* 欣 */
	{ 0xD0C1, { 0x000, 0x040, 0x040, 0x010, 0x110, 0x7FC, 0x040, 0x040, 0x7FC, 0x040, 0x040, 0x000 } }, /* 辛 */
	{ 0xD0C2, { 0x000, 0x10C, 0x7C0, 0x080, 0x29C, 0x7C4, 0x124, 0x124, 0x5A4, 0x524, 0x344, 0x000 } }, /* 新 */
	{ 0xD0C3, { 0x000, 0x200, 0x260, 0x240, 0x6E0, 0x248, 0x248, 0x248, 0x248, 0x288, 0x288, 0x000 } }, /* 忻 */
	{ 0xD0C4, { 0x000, 0x040, 0x040, 0x000, 0x080, 0x48C, 0x484, 0x480, 0x080, 0x088, 0x0F0, 0x000 } }, /* 心 */
	{ 0xD0C5, { 0x020, 0x230, 0x200, 0x6FC, 0x600, 0x200, 0x278, 0x284, 0x2FC, 0x284, 0x000, 0x000 } }, /* 信 */
	{ 0xD0C6, { 0x000, 0x200, 0x200, 0x7A4, 0x700, 0x73C, 0x700, 0x718, 0x718, 0x700, 0x000, 0x000 } }, /* 衅 */
	{ 0xD0C7, { 0x3F8, 0x208, 0x3F8, 0x208, 0x000, 0x240, 0x440, 0x1F8, 0x040, 0x7FC, 0x000, 0x000 } }, /* 星 */
	{ 0xD0C8, { 0x038, 0x544, 0x57C, 0x744, 0x510, 0x57C, 0x5D0, 0x53C, 0x510, 0x17C, 0x000, 0x000 } }, /* 腥 */
	{ 0xD0C9, { 0x17C, 0x344, 0x64C, 0x07C, 0x110, 0x37C, 0x590, 0x17C, 0x210, 0x6FC, 0x000, 0x000 } }, /* 猩 */
	{ 0xD0CA, { 0x000, 0x278, 0x244, 0x27C, 0x344, 0xA00, 0x2D0, 0x290, 0x27C, 0x210, 0x2FC, 0x000 } }, /* 惺 */
	{ 0xD0CB, { 0x000, 0x448, 0x248, 0x250, 0x010, 0x7FC, 0x000, 0x110, 0x208, 0x404, 0x000, 0x000 } }, /* 兴 */
	{ 0xD0CC, { 0x004, 0x284, 0x294, 0x294, 0x7D4, 0x294, 0x294, 0x294, 0x484, 0x48C, 0x000, 0x000 } }, /* 刑 */
	{ 0xD0CD, { 0x000, 0x004, 0x2D4, 0x214, 0x7D4, 0x214, 0x40C, 0x040, 0x3F8, 0x040, 0x7FC, 0x000 } }, /* 型 */
	{ 0xD0CE, { 0x000, 0x000, 0x288, 0x290, 0x280, 0x7C8, 0x290, 0x2A4, 0x08C, 0x490, 0x420, 0x000 } }, /* 形 */
	{ 0xD0CF, { 0x7DC, 0x284, 0x284, 0x280, 0x7E4, 0x284, 0x284, 0x28C, 0x480, 0x480, 0x000, 0x000 } }, /* 邢 */
	{ 0xD0D0, { 0x000, 0x200, 0x200, 0x400, 0x300, 0x218, 0x608, 0x208, 0x208, 0x208, 0x210, 0x000 } }, /* 行 */
	{ 0xD0D1, { 0x7BC, 0x324, 0x73C, 0x7A4, 0x788, 0x5BC, 0x4C8, 0x7BC, 0x488, 0x4BC, 0x000, 0x000 } }, /* 醒 */
	{ 0xD0D2, { 0x040, 0x3F8, 0x040, 0x7FC, 0x110, 0x3F8, 0x040, 0x464, 0x040, 0x040, 0x000, 0x000 } }, /* 幸 */
	{ 0xD0D3, { 0x000, 0x040, 0x040, 0x0E0, 0x150, 0x24C, 0x440, 0x208, 0x208, 0x3F8, 0x208, 0x000 } }, /* 杏 */
	{ 0xD0D4, { 0x210, 0x250, 0x350, 0x7D0, 0x290, 0x210, 0x210, 0x210, 0x210, 0x2FC, 0x000, 0x000 } }, /* 性 */
	{ 0xD0D5, { 0x000, 0x210, 0x250, 0x27C, 0x3D0, 0x110, 0x57C, 0x710, 0x310, 0x210, 0x400, 0x000 } }, /* 姓 */
	{ 0xD0D6, { 0x000, 0x000, 0x208, 0x208, 0x208, 0x3F8, 0x020, 0x120, 0x120, 0x624, 0x41C, 0x000 } }, /* 兄 */
	{ 0xD0D7, { 0x000, 0x000, 0x110, 0x5A4, 0x4E4, 0x464, 0x4B4, 0x514, 0x404, 0x7FC, 0x004, 0x000 } }, /* 凶 */
	{ 0xD0D8, { 0x000, 0x020, 0x560, 0x544, 0x794, 0x52C, 0x52C, 0x55C, 0x50C, 0x504, 0x30C, 0x000 } }, /* 胸 */
	{ 0xD0D9, { 0x000, 0x100, 0x3FC, 0x404, 0x544, 0x0D4, 0x0D4, 0x154, 0x014, 0x3F4, 0x00C, 0x000 } }, /* 匈 */
	{ 0xD0DA, { 0x000, 0x000, 0x248, 0x050, 0x4B4, 0x2B4, 0x0B4, 0x2AC, 0x4C4, 0x484, 0x004, 0x000 } }, /* 汹 */
	{ 0xD0DB, { 0x220, 0x228, 0x77C, 0x0C8, 0x47C, 0x608, 0x23C, 0x088, 0x7FC, 0x040, 0x000, 0x000 } }, /* 雄 */
	{ 0xD0DC, { 0x000, 0x220, 0x4BC, 0x764, 0x79C, 0x7A4, 0x4B0, 0x4A4, 0x49C, 0x424, 0x404, 0x000 } }, /* 熊 */
	{ 0xD0DD, { 0x000, 0x220, 0x220, 0x220, 0x670, 0x670, 0x270, 0x2A8, 0x2A4, 0x220, 0x220, 0x000 } }, /* 休 */
	{ 0xD0DE, { 0x000, 0x220, 0x278, 0x368, 0x718, 0x764, 0x330, 0x308, 0x324, 0x218, 0x260, 0x000 } }, /* 修 */
	{ 0xD0DF, { 0x000, 0x100, 0x1B0, 0x0C0, 0x3F8, 0x7FC, 0x180, 0x148, 0x3F8, 0x448, 0x3FC, 0x000 } }, /* 羞 */
	{ 0xD0E0, { 0x000, 0x000, 0x07C, 0x7A0, 0x320, 0x33C, 0x784, 0x404, 0x004, 0x008, 0x008, 0x000 } }, /* 朽 */
	{ 0xD0E1, { 0x020, 0x67C, 0x57C, 0x504, 0x54C, 0x578, 0x728, 0x4FC, 0x058, 0x084, 0x000, 0x000 } }, /* 嗅 */
	{ 0xD0E2, { 0x000, 0x218, 0x210, 0x47C, 0x438, 0x254, 0x270, 0x228, 0x224, 0x344, 0x288, 0x000 } }, /* 锈 */
	{ 0xD0E3, { 0x018, 0x240, 0x7FC, 0x0E0, 0x158, 0x7E4, 0x090, 0x098, 0x108, 0x618, 0x000, 0x000 } }, /* 秀 */
	{ 0xD0E4, { 0x000, 0x010, 0x110, 0x07C, 0x154, 0x2D4, 0x77C, 0x654, 0x254, 0x27C, 0x244, 0x000 } }, /* 袖 */
	{ 0xD0E5, { 0x008, 0x270, 0x434, 0x538, 0x25C, 0x090, 0x728, 0x00C, 0x744, 0x088, 0x000, 0x000 } }, /* 绣 */
	{ 0xD0E6, { 0x020, 0x020, 0x0FC, 0x6B8, 0x0A4, 0x098, 0x2A8, 0x76C, 0x128, 0x07C, 0x000, 0x000 } }, /* 墟 */
	{ 0xD0E7, { 0x000, 0x008, 0x000, 0x3FC, 0x220, 0x228, 0x3E8, 0x030, 0x430, 0x448, 0x484, 0x000 } }, /* 戌 */
	{ 0xD0E8, { 0x3F8, 0x040, 0x444, 0x150, 0x150, 0x7FC, 0x040, 0x2BC, 0x0A4, 0x008, 0x000, 0x000 } }, /* 需 */
	{ 0xD0E9, { 0x000, 0x040, 0x040, 0x3FC, 0x0F0, 0x040, 0x078, 0x450, 0x554, 0x450, 0x1FC, 0x000 } }, /* 虚 */
	{ 0xD0EA, { 0x000, 0x020, 0x620, 0x0FC, 0x0B8, 0x0E4, 0x09C, 0x6A8, 0x1EC, 0x128, 0x17C, 0x000 } }, /* 嘘 */
	{ 0xD0EB, { 0x000, 0x230, 0x430, 0x144, 0x214, 0x414, 0x104, 0x220, 0x468, 0x084, 0x000, 0x000 } }, /* 须 */
	{ 0xD0EC, { 0x220, 0x230, 0x448, 0x2FC, 0x200, 0x6FC, 0x200, 0x248, 0x284, 0x220, 0x000, 0x000 } }, /* 徐 */
	{ 0xD0ED, { 0x000, 0x240, 0x240, 0x050, 0x690, 0x210, 0x2FC, 0x210, 0x310, 0x210, 0x010, 0x000 } }, /* 许 */
	{ 0xD0EE, { 0x000, 0x110, 0x1F0, 0x7FC, 0x090, 0x0C0, 0x3FC, 0x3F8, 0x248, 0x248, 0x3F8, 0x000 } }, /* 蓄 */
	{ 0xD0EF, { 0x784, 0x310, 0x7BA, 0x77A, 0x76A, 0x7BA, 0x436, 0x7E2, 0x4E6, 0x400, 0x000, 0x000 } }, /* 酗 */
	{ 0xD0F0, { 0x000, 0x100, 0x3BC, 0x664, 0x7A0, 0x108, 0x7D8, 0x118, 0x558, 0x528, 0x344, 0x000 } }, /* 叙 */
	{ 0xD0F1, { 0x000, 0x200, 0x23C, 0x7A4, 0x2A4, 0x2BC, 0x2A4, 0x2A4, 0x480, 0x484, 0x47C, 0x000 } }, /* 旭 */
	{ 0xD0F2, { 0x000, 0x020, 0x3FC, 0x400, 0x458, 0x460, 0x5FC, 0x424, 0x420, 0x420, 0x060, 0x000 } }, /* 序 */
	{ 0xD0F3, { 0x000, 0x040, 0x7FC, 0x190, 0x3E0, 0x198, 0x304, 0x3F8, 0x248, 0x248, 0x3F8, 0x000 } }, /* 畜 */
	{ 0xD0F4, { 0x000, 0x220, 0x220, 0x3FC, 0x7A4, 0x2A4, 0x2A4, 0x2A4, 0x2A4, 0x2B4, 0x200, 0x000 } }, /* 恤 */
	{ 0xD0F5, { 0x000, 0x000, 0x7DC, 0x284, 0x1DC, 0x690, 0x1E0, 0x098, 0x344, 0x358, 0x4C4, 0x000 } }, /* 絮 */
	{ 0xD0F6, { 0x27C, 0x214, 0x758, 0x5F0, 0x58C, 0x57C, 0x778, 0x340, 0x448, 0x048, 0x000, 0x000 } }, /* 婿 */
	{ 0xD0F7, { 0x220, 0x274, 0x528, 0x57C, 0x230, 0x27C, 0x7C4, 0x07C, 0x74C, 0x044, 0x000, 0x000 } }, /* 绪 */
	{ 0xD0F8, { 0x210, 0x27C, 0x510, 0x644, 0x270, 0x450, 0x650, 0x030, 0x728, 0x0C4, 0x000, 0x000 } }, /* 续 */
	{ 0xD0F9, { 0x000, 0x200, 0x23C, 0x200, 0x500, 0x518, 0x118, 0x100, 0x700, 0x100, 0x100, 0x000 } }, /* 轩 */
	{ 0xD0FA, { 0x000, 0x010, 0x7FC, 0x580, 0x528, 0x578, 0x544, 0x77C, 0x54C, 0x400, 0x0FC, 0x000 } }, /* 喧 */
	{ 0xD0FB, { 0x000, 0x040, 0x7FC, 0x404, 0x1F0, 0x3F0, 0x208, 0x3F8, 0x318, 0x000, 0x7FC, 0x000 } }, /* 宣 */
	{ 0xD0FC, { 0x000, 0x3F8, 0x218, 0x208, 0x3F8, 0x7FC, 0x110, 0x3E8, 0x040, 0x504, 0x5F0, 0x000 } }, /* 悬 */
	{ 0xD0FD, { 0x000, 0x020, 0x03C, 0x7C0, 0x27C, 0x314, 0x050, 0x45C, 0x550, 0x570, 0x08C, 0x000 } }, /* 旋 */
	{ 0xD0FE, { 0x000, 0x040, 0x040, 0x7FC, 0x080, 0x110, 0x3E0, 0x040, 0x090, 0x118, 0x304, 0x000 } }, /* 玄 */
	{ 0xD1A1, { 0x000, 0x020, 0x2A0, 0x2B0, 0x020, 0x6FC, 0x250, 0x250, 0x29C, 0x300, 0x47C, 0x000 } }, /* 选 */
	{ 0xD1A2, { 0x000, 0x020, 0x3FC, 0x284, 0x344, 0x3DC, 0x768, 0x368, 0x3E8, 0x408, 0x508, 0x000 } }, /* 癣 */
	{ 0xD1A3, { 0x000, 0x710, 0x57C, 0x720, 0x508, 0x570, 0x510, 0x528, 0x74C, 0x044, 0x000, 0x000 } }, /* 眩 */
	{ 0xD1A4, { 0x020, 0x220, 0x044, 0x544, 0x654, 0x254, 0x754, 0x054, 0x704, 0x00C, 0x000, 0x000 } }, /* 绚 */
	{ 0xD1A5, { 0x000, 0x020, 0x7A0, 0x520, 0x34C, 0x748, 0x4B0, 0x700, 0x300, 0x200, 0x00C, 0x000 } }, /* 靴 */
	{ 0xD1A6, { 0x000, 0x000, 0x7FC, 0x210, 0x77C, 0x4A0, 0x728, 0x710, 0x4BC, 0x790, 0x410, 0x000 } }, /* 薛 */
	{ 0xD1A7, { 0x000, 0x008, 0x250, 0x7FC, 0x404, 0x1F0, 0x030, 0x060, 0x060, 0x040, 0x0C0, 0x000 } }, /* 学 */
	{ 0xD1A8, { 0x000, 0x000, 0x040, 0x7FC, 0x404, 0x020, 0x110, 0x110, 0x218, 0x60C, 0x404, 0x000 } }, /* 穴 */
	{ 0xD1A9, { 0x3F8, 0x040, 0x444, 0x550, 0x150, 0x000, 0x3F8, 0x3F8, 0x008, 0x3F8, 0x000, 0x000 } }, /* 雪 */
	{ 0xD1AA, { 0x000, 0x000, 0x080, 0x3F8, 0x0A8, 0x0A8, 0x0A8, 0x0A8, 0x0A8, 0x6A8, 0x000, 0x000 } }, /* 血 */
	{ 0xD1AB, { 0x000, 0x010, 0x490, 0x7B0, 0x014, 0x4D4, 0x554, 0x554, 0x124, 0x2A4, 0x448, 0x000 } }, /* 勋 */
	{ 0xD1AC, { 0x078, 0x240, 0x040, 0x3F8, 0x358, 0x3F8, 0x3F8, 0x7FC, 0x000, 0x4A4, 0x000, 0x000 } }, /* 熏 */
	{ 0xD1AD, { 0x000, 0x21C, 0x290, 0x4FC, 0x290, 0x2BC, 0x6A4, 0x204, 0x23C, 0x324, 0x204, 0x000 } }, /* 循 */
	{ 0xD1AE, { 0x000, 0x100, 0x300, 0x204, 0x404, 0x524, 0x1E4, 0x124, 0x1E4, 0x124, 0x008, 0x000 } }, /* 旬 */
	{ 0xD1AF, { 0x000, 0x040, 0x240, 0x0C4, 0x080, 0x2D0, 0x250, 0x250, 0x250, 0x274, 0x20C, 0x000 } }, /* 询 */
	{ 0xD1B0, { 0x3F8, 0x008, 0x3F8, 0x008, 0x200, 0x010, 0x010, 0x010, 0x110, 0x030, 0x000, 0x000 } }, /* 寻 */
	{ 0xD1B1, { 0x000, 0x154, 0x554, 0x554, 0x554, 0x754, 0x054, 0x754, 0x154, 0x300, 0x000, 0x000 } }, /* 驯 */
	{ 0xD1B2, { 0x000, 0x010, 0x294, 0x2A0, 0x028, 0x628, 0x2A8, 0x294, 0x200, 0x600, 0x4FC, 0x000 } }, /* 巡 */
	{ 0xD1B3, { 0x020, 0x760, 0x244, 0x7C4, 0x554, 0x554, 0x354, 0x254, 0x404, 0x00C, 0x000, 0x000 } }, /* 殉 */
	{ 0xD1B4, { 0x000, 0x2F8, 0x048, 0x448, 0x248, 0x0E8, 0x248, 0x248, 0x44C, 0x444, 0x000, 0x000 } }, /* 汛 */
	{ 0xD1B5, { 0x000, 0x000, 0x244, 0x054, 0x654, 0x254, 0x254, 0x254, 0x394, 0x294, 0x000, 0x000 } }, /* 训 */
	{ 0xD1B6, { 0x000, 0x2C8, 0x048, 0x448, 0x248, 0x248, 0x248, 0x348, 0x34E, 0x044, 0x000, 0x000 } }, /* 讯 */
	{ 0xD1B7, { 0x000, 0x008, 0x4C0, 0x088, 0x0A4, 0x7A4, 0x0A0, 0x080, 0x190, 0x600, 0x4FC, 0x000 } }, /* 逊 */
	{ 0xD1B8, { 0x000, 0x4F0, 0x248, 0x048, 0x048, 0x2E8, 0x248, 0x248, 0x244, 0x600, 0x0FC, 0x000 } }, /* 迅 */
	{ 0xD1B9, { 0x3F8, 0x200, 0x020, 0x020, 0x1F8, 0x020, 0x430, 0x428, 0x460, 0x5FC, 0x000, 0x000 } }, /* 压 */
	{ 0xD1BA, { 0x27C, 0x254, 0x614, 0x27C, 0x214, 0x614, 0x27C, 0x210, 0x210, 0x410, 0x000, 0x000 } }, /* 押 */
	{ 0xD1BB, { 0x000, 0x010, 0x5BC, 0x034, 0x424, 0x7A8, 0x33C, 0x204, 0x078, 0x404, 0x10C, 0x000 } }, /* 鸦 */
	{ 0xD1BC, { 0x000, 0x010, 0x6BC, 0x2B4, 0x7A4, 0x2A8, 0x2BC, 0x780, 0x270, 0x204, 0x20C, 0x000 } }, /* 鸭 */
	{ 0xD1BD, { 0x000, 0x708, 0x148, 0x148, 0x17C, 0x128, 0x728, 0x148, 0x088, 0x018, 0x000, 0x000 } }, /* 呀 */
	{ 0xD1BE, { 0x000, 0x000, 0x208, 0x110, 0x020, 0x040, 0x040, 0x040, 0x040, 0x040, 0x040, 0x000 } }, /* 丫 */
	{ 0xD1BF, { 0x000, 0x7FC, 0x000, 0x3FC, 0x210, 0x210, 0x070, 0x0D0, 0x110, 0x620, 0x000, 0x000 } }, /* 芽 */
	{ 0xD1C0, { 0x000, 0x030, 0x100, 0x200, 0x3FC, 0x060, 0x080, 0x180, 0x600, 0x060, 0x000, 0x000 } }, /* 牙 */
	{ 0xD1C1, { 0x000, 0x23C, 0x208, 0x6A8, 0x2A8, 0x6FC, 0x798, 0x208, 0x3A8, 0x448, 0x018, 0x000 } }, /* 蚜 */
	{ 0xD1C2, { 0x040, 0x24C, 0x000, 0x7FC, 0x460, 0x460, 0x7FC, 0x420, 0x460, 0x1FC, 0x000, 0x000 } }, /* 崖 */
	{ 0xD1C3, { 0x000, 0x200, 0x440, 0x0E0, 0x2AC, 0x5F4, 0x404, 0x0A4, 0x024, 0x0E4, 0x00C, 0x000 } }, /* 衙 */
	{ 0xD1C4, { 0x000, 0x290, 0x090, 0x490, 0x290, 0x080, 0x290, 0x178, 0x510, 0x57C, 0x000, 0x000 } }, /* 涯 */
	{ 0xD1C5, { 0x020, 0x740, 0x17C, 0x5D0, 0x77C, 0x350, 0x37C, 0x550, 0x57C, 0x340, 0x000, 0x000 } }, /* 雅 */
	{ 0xD1C6, { 0x000, 0x000, 0x6F8, 0x410, 0x594, 0x494, 0x494, 0x4D8, 0x610, 0x450, 0x0FC, 0x000 } }, /* 哑 */
	{ 0xD1C7, { 0x000, 0x000, 0x3F8, 0x0A0, 0x0A0, 0x2A8, 0x2A8, 0x0B0, 0x0A0, 0x0A0, 0x7FC, 0x000 } }, /* 亚 */
	{ 0xD1C8, { 0x000, 0x07C, 0x208, 0x048, 0x448, 0x2FE, 0x208, 0x228, 0x348, 0x648, 0x098, 0x000 } }, /* 讶 */
	{ 0xD1C9, { 0x000, 0x040, 0x078, 0x7FC, 0x000, 0x3F8, 0x3F8, 0x004, 0x554, 0x008, 0x000, 0x000 } }, /* 焉 */
	{ 0xD1CA, { 0x000, 0x07C, 0x784, 0x494, 0x4BC, 0x4A4, 0x4B4, 0x6AC, 0x484, 0x0FC, 0x080, 0x000 } }, /* 咽 */
	{ 0xD1CB, { 0x000, 0x200, 0x044, 0x5F4, 0x4A4, 0x55C, 0x554, 0x5F4, 0x5F4, 0x454, 0x40C, 0x000 } }, /* 阉 */
	{ 0xD1CC, { 0x000, 0x27C, 0x204, 0x294, 0x77C, 0x214, 0x234, 0x22C, 0x384, 0x47C, 0x004, 0x000 } }, /* 烟 */
	{ 0xD1CD, { 0x000, 0x020, 0x2FC, 0x040, 0x0A8, 0x5FC, 0x0A8, 0x2A8, 0x0F8, 0x420, 0x43C, 0x000 } }, /* 淹 */
	{ 0xD1CE, { 0x000, 0x110, 0x110, 0x318, 0x114, 0x390, 0x000, 0x3F8, 0x2A8, 0x2A8, 0x7FC, 0x000 } }, /* 盐 */
	{ 0xD1CF, { 0x000, 0x0A0, 0x2A8, 0x2A8, 0x3FC, 0x000, 0x000, 0x400, 0x400, 0x400, 0x000, 0x000 } }, /* 严 */
	{ 0xD1D0, { 0x07C, 0x228, 0x228, 0x628, 0x77C, 0x428, 0x028, 0x308, 0x048, 0x088, 0x000, 0x000 } }, /* 研 */
	{ 0xD1D1, { 0x000, 0x204, 0x248, 0x740, 0x350, 0x374, 0x730, 0x2D0, 0x35C, 0x7E0, 0x09C, 0x000 } }, /* 蜒 */
	{ 0xD1D2, { 0x000, 0x040, 0x040, 0x3F8, 0x000, 0x7FC, 0x080, 0x1F8, 0x708, 0x5F8, 0x108, 0x000 } }, /* 岩 */
	{ 0xD1D3, { 0x000, 0x008, 0x6F0, 0x210, 0x450, 0x750, 0x050, 0x650, 0x27C, 0x700, 0x07C, 0x000 } }, /* 延 */
	{ 0xD1D4, { 0x000, 0x040, 0x7FC, 0x000, 0x3F8, 0x000, 0x000, 0x3F0, 0x208, 0x208, 0x208, 0x000 } }, /* 言 */
	{ 0xD1D5, { 0x000, 0x790, 0x010, 0x3A4, 0x504, 0x714, 0x514, 0x490, 0x128, 0x244, 0x000, 0x000 } }, /* 颜 */
	{ 0xD1D6, { 0x200, 0x204, 0x0C4, 0x524, 0x424, 0x514, 0x5B4, 0x514, 0x5F4, 0x40C, 0x000, 0x000 } }, /* 阎 */
	{ 0xD1D7, { 0x040, 0x248, 0x0C0, 0x198, 0x644, 0x040, 0x240, 0x0A0, 0x110, 0x60C, 0x000, 0x000 } }, /* 炎 */
	{ 0xD1D8, { 0x000, 0x248, 0x048, 0x448, 0x280, 0x078, 0x244, 0x204, 0x47C, 0x444, 0x000, 0x000 } }, /* 沿 */
	{ 0xD1D9, { 0x000, 0x040, 0x0C0, 0x1B0, 0x150, 0x7FC, 0x248, 0x248, 0x3F8, 0x240, 0x07C, 0x000 } }, /* 奄 */
	{ 0xD1DA, { 0x000, 0x220, 0x2FC, 0x648, 0x24C, 0x2FC, 0x668, 0x278, 0x278, 0x200, 0x41C, 0x000 } }, /* 掩 */
	{ 0xD1DB, { 0x078, 0x548, 0x578, 0x540, 0x578, 0x744, 0x558, 0x758, 0x468, 0x044, 0x000, 0x000 } }, /* 眼 */
	{ 0xD1DC, { 0x000, 0x200, 0x25C, 0x400, 0x29C, 0x208, 0x608, 0x248, 0x208, 0x288, 0x218, 0x000 } }, /* 衍 */
	{ 0xD1DD, { 0x000, 0x020, 0x2FC, 0x100, 0x430, 0x0F8, 0x0A4, 0x2B4, 0x2FC, 0x448, 0x084, 0x000 } }, /* 演 */
	{ 0xD1DE, { 0x000, 0x220, 0x238, 0x740, 0x278, 0x754, 0x254, 0x77C, 0x240, 0x244, 0x27C, 0x000 } }, /* 艳 */
	{ 0xD1DF, { 0x000, 0x0FC, 0x080, 0x0C4, 0x7FC, 0x0BC, 0x090, 0x0A8, 0x6B8, 0x0A4, 0x0FC, 0x000 } }, /* 堰 */
	{ 0xD1E0, { 0x020, 0x7FC, 0x0A0, 0x010, 0x6FC, 0x0B0, 0x6FC, 0x000, 0x4A4, 0x484, 0x000, 0x000 } }, /* 燕 */
	{ 0xD1E1, { 0x000, 0x200, 0x200, 0x208, 0x3FC, 0x260, 0x060, 0x450, 0x488, 0x504, 0x000, 0x000 } }, /* 厌 */
	{ 0xD1E2, { 0x078, 0x244, 0x254, 0x654, 0x754, 0x554, 0x130, 0x330, 0x050, 0x08C, 0x000, 0x000 } }, /* 砚 */
	{ 0xD1E3, { 0x3FC, 0x400, 0x4A8, 0x57C, 0x540, 0x7FC, 0x538, 0x528, 0x538, 0x520, 0x000, 0x000 } }, /* 雁 */
	{ 0xD1E4, { 0x000, 0x020, 0x630, 0x000, 0x07C, 0x000, 0x000, 0x678, 0x544, 0x07C, 0x044, 0x000 } }, /* 唁 */
	{ 0xD1E5, { 0x000, 0x040, 0x3FC, 0x110, 0x1B4, 0x410, 0x4E0, 0x410, 0x4C8, 0x430, 0x1C0, 0x000 } }, /* 彦 */
	{ 0xD1E6, { 0x000, 0x220, 0x238, 0x348, 0x708, 0x26C, 0x244, 0x26C, 0x344, 0x444, 0x044, 0x000 } }, /* 焰 */
	{ 0xD1E7, { 0x000, 0x040, 0x7FC, 0x5F4, 0x218, 0x318, 0x1F0, 0x7FC, 0x110, 0x0E0, 0x788, 0x000 } }, /* 宴 */
	{ 0xD1E8, { 0x000, 0x010, 0x2FC, 0x008, 0x47C, 0x288, 0x2B0, 0x288, 0x2A4, 0x288, 0x120, 0x000 } }, /* 谚 */
	{ 0xD1E9, { 0x020, 0x730, 0x148, 0x5FC, 0x500, 0x700, 0x148, 0x748, 0x108, 0x37C, 0x000, 0x000 } }, /* 验 */
	{ 0xD1EA, { 0x010, 0x710, 0x27C, 0x354, 0x554, 0x57C, 0x230, 0x220, 0x448, 0x084, 0x000, 0x000 } }, /* 殃 */
	{ 0xD1EB, { 0x000, 0x040, 0x040, 0x3F8, 0x248, 0x248, 0x7FC, 0x0A0, 0x0B0, 0x318, 0x404, 0x000 } }, /* 央 */
	{ 0xD1EC, { 0x040, 0x3F8, 0x2C8, 0x190, 0x35C, 0x008, 0x010, 0x1FC, 0x7E0, 0x008, 0x000, 0x000 } }, /* 鸯 */
	{ 0xD1ED, { 0x000, 0x110, 0x610, 0x27C, 0x7D4, 0x254, 0x37C, 0x730, 0x228, 0x26C, 0x284, 0x000 } }, /* 秧 */
	{ 0xD1EE, { 0x000, 0x200, 0x218, 0x710, 0x220, 0x33C, 0x6A4, 0x654, 0x294, 0x224, 0x24C, 0x000 } }, /* 杨 */
	{ 0xD1EF, { 0x27C, 0x208, 0x310, 0x260, 0x22C, 0x628, 0x254, 0x294, 0x224, 0x64C, 0x000, 0x000 } }, /* 扬 */
	{ 0xD1F0, { 0x000, 0x048, 0x250, 0x2FC, 0x620, 0x6F8, 0x220, 0x220, 0x2FC, 0x220, 0x220, 0x000 } }, /* 佯 */
	{ 0xD1F1, { 0x000, 0x020, 0x1FC, 0x000, 0x618, 0x020, 0x6FC, 0x254, 0x254, 0x2A4, 0x44C, 0x000 } }, /* 疡 */
	{ 0xD1F2, { 0x000, 0x110, 0x120, 0x7FC, 0x040, 0x040, 0x040, 0x040, 0x7FC, 0x040, 0x040, 0x000 } }, /* 羊 */
	{ 0xD1F3, { 0x000, 0x448, 0x248, 0x0FC, 0x020, 0x6FC, 0x020, 0x220, 0x4FC, 0x420, 0x420, 0x000 } }, /* 洋 */
	{ 0xD1F4, { 0x000, 0x564, 0x544, 0x544, 0x57C, 0x544, 0x4C4, 0x544, 0x464, 0x444, 0x000, 0x000 } }, /* 阳 */
	{ 0xD1F5, { 0x000, 0x300, 0x200, 0x5F0, 0x000, 0x008, 0x148, 0x088, 0x3E8, 0x7EC, 0x084, 0x000 } }, /* 氧 */
	{ 0xD1F6, { 0x000, 0x200, 0x294, 0x294, 0x694, 0x694, 0x294, 0x294, 0x2D4, 0x290, 0x210, 0x000 } }, /* 仰 */
	{ 0xD1F7, { 0x000, 0x020, 0x1FC, 0x240, 0x658, 0x230, 0x630, 0x220, 0x2B4, 0x220, 0x420, 0x000 } }, /* 痒 */
	{ 0xD1F8, { 0x000, 0x110, 0x3F8, 0x040, 0x3F8, 0x7F8, 0x090, 0x318, 0x414, 0x110, 0x210, 0x000 } }, /* 养 */
	{ 0xD1F9, { 0x208, 0x208, 0x37C, 0x210, 0x27C, 0x710, 0x610, 0x27C, 0x210, 0x210, 0x000, 0x000 } }, /* 样 */
	{ 0xD1FA, { 0x000, 0x048, 0x2FC, 0x020, 0x020, 0x0FC, 0x020, 0x268, 0x5F8, 0x4A8, 0x124, 0x000 } }, /* 漾 */
	{ 0xD1FB, { 0x000, 0x088, 0x5F0, 0x1FC, 0x1F4, 0xC90, 0x5C8, 0x4C8, 0x554, 0x640, 0x0FC, 0x000 } }, /* 邀 */
	{ 0xD1FC, { 0x000, 0x528, 0x57C, 0x724, 0x57C, 0x500, 0x5FC, 0x568, 0x518, 0x064, 0x000, 0x000 } }, /* 腰 */
	{ 0xD1FD, { 0x200, 0x278, 0x610, 0x510, 0x57C, 0x510, 0x330, 0x328, 0x444, 0x084, 0x000, 0x000 } }, /* 妖 */
	{ 0xD1FE, { 0x000, 0x004, 0x760, 0x224, 0x240, 0x778, 0x290, 0x2FC, 0x310, 0x414, 0x064, 0x000 } }, /* 瑶 */
	{ 0xD2A1, { 0x20C, 0x2C0, 0x724, 0x248, 0x27C, 0x690, 0x2FC, 0x210, 0x214, 0x67C, 0x000, 0x000 } }, /* 摇 */
	{ 0xD2A2, { 0x000, 0x080, 0x1F8, 0x498, 0x060, 0x3BC, 0x008, 0x1A0, 0x020, 0x124, 0x618, 0x000 } }, /* 尧 */
	{ 0xD2A3, { 0x00C, 0x4E0, 0x0A8, 0x000, 0x6F8, 0x2B0, 0x220, 0x2A4, 0x600, 0x4FC, 0x000, 0x000 } }, /* 遥 */
	{ 0xD2A4, { 0x000, 0x040, 0x7FC, 0x414, 0x308, 0x1F8, 0x240, 0x644, 0x040, 0x248, 0x3F8, 0x000 } }, /* 窑 */
	{ 0xD2A5, { 0x40C, 0x2C0, 0x0A4, 0x008, 0x640, 0x290, 0x2FC, 0x210, 0x384, 0x2FC, 0x000, 0x000 } }, /* 谣 */
	{ 0xD2A6, { 0x000, 0x230, 0x6B4, 0x578, 0x530, 0x578, 0x7B4, 0x310, 0x250, 0x48C, 0x000, 0x000 } }, /* 姚 */
	{ 0xD2A7, { 0x000, 0x020, 0x710, 0x100, 0x148, 0x1C4, 0x148, 0x700, 0x530, 0x030, 0x0C4, 0x000 } }, /* 咬 */
	{ 0xD2A8, { 0x008, 0x780, 0x048, 0x210, 0x080, 0x20C, 0x208, 0x208, 0x208, 0x20C, 0x000, 0x000 } }, /* 舀 */
	{ 0xD2A9, { 0x000, 0x000, 0x7FC, 0x000, 0x220, 0x2BC, 0x744, 0x204, 0x314, 0x084, 0x608, 0x000 } }, /* 药 */
	{ 0xD2AA, { 0x7FC, 0x0A0, 0x3F8, 0x0A0, 0x3F8, 0x080, 0x5B4, 0x1A0, 0x0F0, 0x704, 0x000, 0x000 } }, /* 要 */
	{ 0xD2AB, { 0x000, 0x200, 0x224, 0x32C, 0x264, 0x750, 0x550, 0x578, 0x578, 0x550, 0x040, 0x000 } }, /* 耀 */
	{ 0xD2AC, { 0x000, 0x200, 0x2AC, 0x6A4, 0x2E4, 0x6A4, 0x7E4, 0x2A0, 0x2E4, 0x220, 0x220, 0x000 } }, /* 椰 */
	{ 0xD2AD, { 0x000, 0x020, 0x6FC, 0x278, 0x200, 0x280, 0x200, 0x648, 0x078, 0x048, 0x1FC, 0x000 } }, /* 噎 */
	{ 0xD2AE, { 0x79C, 0x4A4, 0x4A4, 0x7A8, 0x4A8, 0x7A4, 0x4A4, 0x7A4, 0x4A8, 0x0A0, 0x000, 0x000 } }, /* 耶 */
	{ 0xD2AF, { 0x010, 0x30C, 0x0A0, 0x0E0, 0x31C, 0x000, 0x0C8, 0x008, 0x018, 0x000, 0x000, 0x000 } }, /* 爷 */
	{ 0xD2B0, { 0x7BC, 0x50C, 0x798, 0x400, 0x7FC, 0x014, 0x790, 0x010, 0x790, 0x030, 0x000, 0x000 } }, /* 野 */
	{ 0xD2B1, { 0x000, 0x020, 0x440, 0x688, 0x0BC, 0x004, 0x200, 0x288, 0x488, 0x4F8, 0x088, 0x000 } }, /* 冶 */
	{ 0xD2B2, { 0x000, 0x040, 0x240, 0x258, 0x3E8, 0x748, 0x248, 0x258, 0x240, 0x204, 0x1FC, 0x000 } }, /* 也 */
	{ 0xD2B3, { 0x000, 0x440, 0x040, 0x3F8, 0x208, 0x248, 0x248, 0x080, 0x198, 0x60C, 0x000, 0x000 } }, /* 页 */
	{ 0xD2B4, { 0x020, 0x0FC, 0x650, 0x050, 0x2A4, 0x7E4, 0x060, 0x018, 0x018, 0x464, 0x000, 0x000 } }, /* 掖 */
	{ 0xD2B5, { 0x000, 0x0A0, 0x0A0, 0x0A0, 0x4A4, 0x4A8, 0x2A8, 0x2A8, 0x0A0, 0x0A0, 0x7FC, 0x000 } }, /* 业 */
	{ 0xD2B6, { 0x000, 0x010, 0x710, 0x110, 0x118, 0x110, 0x110, 0x710, 0x510, 0x010, 0x010, 0x000 } }, /* 叶 */
	{ 0xD2B7, { 0x000, 0x040, 0x040, 0x2C8, 0x2C8, 0x248, 0x3F8, 0x040, 0x070, 0x1E0, 0x40C, 0x000 } }, /* 曳 */
	{ 0xD2B8, { 0x000, 0x010, 0x57C, 0x500, 0x71C, 0x554, 0x57C, 0x554, 0x548, 0x558, 0x174, 0x000 } }, /* 腋 */
	{ 0xD2B9, { 0x000, 0x040, 0x7FC, 0x040, 0x278, 0x288, 0x6A8, 0x250, 0x230, 0x270, 0x28C, 0x000 } }, /* 夜 */
	{ 0xD2BA, { 0x000, 0x010, 0x2FC, 0x050, 0x45C, 0x0A4, 0x1AC, 0x2A0, 0x498, 0x498, 0x4A4, 0x000 } }, /* 液 */
	{ 0xD2BB, { 0x000, 0x000, 0x000, 0x7FC, 0x000, 0x000, 0x000, 0x000, 0x000, 0x000, 0x000, 0x000 } }, /* 一 */
	{ 0xD2BC, { 0x000, 0x040, 0x7FC, 0x3F8, 0x7FC, 0x400, 0x000, 0x318, 0x1F8, 0x110, 0x7FC, 0x000 } }, /* 壹 */
	{ 0xD2BD, { 0x000, 0x7FC, 0x400, 0x480, 0x560, 0x400, 0x5F8, 0x460, 0x498, 0x500, 0x7FC, 0x000 } }, /* 医 */
	{ 0xD2BE, { 0x278, 0x244, 0x778, 0x200, 0x248, 0x378, 0x648, 0x248, 0x2FC, 0x600, 0x000, 0x000 } }, /* 揖 */
	{ 0xD2BF, { 0x210, 0x210, 0x430, 0x420, 0x234, 0x278, 0x2A8, 0x228, 0x334, 0x220, 0x000, 0x000 } }, /* 铱 */
	{ 0xD2C0, { 0x020, 0x230, 0x220, 0x620, 0x654, 0x258, 0x2C0, 0x248, 0x264, 0x240, 0x000, 0x000 } }, /* 依 */
	{ 0xD2C1, { 0x100, 0x07C, 0x224, 0x6FC, 0x624, 0x224, 0x264, 0x240, 0x240, 0x280, 0x000, 0x000 } }, /* 伊 */
	{ 0xD2C2, { 0x040, 0x040, 0x080, 0x080, 0x148, 0x330, 0x710, 0x118, 0x1CC, 0x100, 0x000, 0x000 } }, /* 衣 */
	{ 0xD2C3, { 0x000, 0x510, 0x510, 0x7A4, 0x694, 0x694, 0x514, 0x514, 0x7A8, 0x044, 0x000, 0x000 } }, /* 颐 */
	{ 0xD2C4, { 0x000, 0x040, 0x7FC, 0x040, 0x3F8, 0x3F8, 0x240, 0x3FC, 0x0AC, 0x118, 0x60C, 0x000 } }, /* 夷 */
	{ 0xD2C5, { 0x000, 0x030, 0x4AC, 0x2F8, 0x0FC, 0x6F8, 0x2A4, 0x2A0, 0x24C, 0x600, 0x4FC, 0x000 } }, /* 遗 */
	{ 0xD2C6, { 0x1A0, 0x73C, 0x040, 0x798, 0x230, 0x39C, 0x424, 0x014, 0x018, 0x060, 0x000, 0x000 } }, /* 移 */
	{ 0xD2C7, { 0x000, 0x020, 0x228, 0x288, 0x688, 0x650, 0x250, 0x220, 0x230, 0x2CC, 0x304, 0x000 } }, /* 仪 */
	{ 0xD2C8, { 0x000, 0x000, 0x5FC, 0x530, 0x734, 0x578, 0x770, 0x534, 0x534, 0x148, 0x284, 0x000 } }, /* 胰 */
	{ 0xD2C9, { 0x038, 0x708, 0x4B0, 0x310, 0x63C, 0x610, 0x79C, 0x270, 0x570, 0x49C, 0x000, 0x000 } }, /* 疑 */
	{ 0xD2CA, { 0x400, 0x270, 0x000, 0x440, 0x07C, 0x008, 0x288, 0x288, 0x488, 0x508, 0x000, 0x000 } }, /* 沂 */
	{ 0xD2CB, { 0x000, 0x040, 0x7FC, 0x804, 0x1F0, 0x200, 0x3F0, 0x200, 0x3F0, 0x200, 0x7FC, 0x000 } }, /* 宜 */
	{ 0xD2CC, { 0x000, 0x200, 0x07C, 0x730, 0x534, 0x578, 0x5F0, 0x634, 0x334, 0x448, 0x084, 0x000 } }, /* 姨 */
	{ 0xD2CD, { 0x000, 0x1F0, 0x1F0, 0x7FC, 0x138, 0x390, 0x3BC, 0x534, 0x080, 0x5B0, 0x310, 0x000 } }, /* 彝 */
	{ 0xD2CE, { 0x000, 0x210, 0x27C, 0x730, 0x240, 0x7FC, 0x760, 0x210, 0x250, 0x200, 0x208, 0x000 } }, /* 椅 */
	{ 0xD2CF, { 0x000, 0x220, 0x214, 0x7C8, 0x688, 0x6A8, 0x7A8, 0x210, 0x390, 0x668, 0x044, 0x000 } }, /* 蚁 */
	{ 0xD2D0, { 0x000, 0x020, 0x2FC, 0x230, 0x6C8, 0x3FC, 0x260, 0x2A0, 0x2A0, 0x200, 0x208, 0x000 } }, /* 倚 */
	{ 0xD2D1, { 0x000, 0x000, 0x7F8, 0x008, 0x008, 0x3F8, 0x208, 0x000, 0x000, 0x204, 0x3F8, 0x000 } }, /* 已 */
	{ 0xD2D2, { 0x000, 0x000, 0x3F0, 0x020, 0x040, 0x080, 0x100, 0x200, 0x404, 0x20C, 0x000, 0x000 } }, /* 乙 */
	{ 0xD2D3, { 0x000, 0x080, 0x110, 0x3F8, 0x100, 0x3F8, 0x240, 0x7FC, 0x0A0, 0x190, 0x60C, 0x000 } }, /* 矣 */
	{ 0xD2D4, { 0x000, 0x088, 0x448, 0x408, 0x408, 0x410, 0x590, 0x738, 0x644, 0x184, 0x000, 0x000 } }, /* 以 */
	{ 0xD2D5, { 0x000, 0x000, 0x1B0, 0x1B0, 0x000, 0x3F8, 0x060, 0x080, 0x300, 0x204, 0x1F8, 0x000 } }, /* 艺 */
	{ 0xD2D6, { 0x200, 0x2DC, 0x714, 0x214, 0x214, 0x614, 0x274, 0x2D4, 0x210, 0x410, 0x000, 0x000 } }, /* 抑 */
	{ 0xD2D7, { 0x3F8, 0x208, 0x3F8, 0x3F8, 0x100, 0x3FC, 0x4A4, 0x320, 0x0C8, 0x118, 0x000, 0x000 } }, /* 易 */
	{ 0xD2D8, { 0x000, 0x3F0, 0x208, 0x3F8, 0x000, 0x7F8, 0x448, 0x7F8, 0x400, 0x404, 0x3F8, 0x000 } }, /* 邑 */
	{ 0xD2D9, { 0x000, 0x000, 0x230, 0x6A0, 0x6C0, 0x69C, 0x688, 0x690, 0x6A0, 0x6A0, 0x01C, 0x000 } }, /* 屹 */
	{ 0xD2DA, { 0x100, 0x0F8, 0x210, 0x210, 0x620, 0x240, 0x240, 0x284, 0x284, 0x278, 0x000, 0x000 } }, /* 亿 */
	{ 0xD2DB, { 0x000, 0x130, 0x248, 0x448, 0x14C, 0x240, 0x648, 0x250, 0x230, 0x278, 0x284, 0x000 } }, /* 役 */
	{ 0xD2DC, { 0x000, 0x578, 0x508, 0x7FC, 0x578, 0x57C, 0x54C, 0x500, 0x584, 0x238, 0x000, 0x000 } }, /* 臆 */
	{ 0xD2DD, { 0x000, 0x040, 0x4F0, 0x1B0, 0x0A4, 0x4AC, 0x030, 0x058, 0x094, 0x600, 0x0FC, 0x000 } }, /* 逸 */
	{ 0xD2DE, { 0x410, 0x77C, 0x414, 0x25C, 0x614, 0x610, 0x738, 0x210, 0x310, 0x410, 0x000, 0x000 } }, /* 肄 */
	{ 0xD2DF, { 0x000, 0x020, 0x3FC, 0x270, 0x648, 0x24C, 0x680, 0x2F8, 0x258, 0x230, 0x5CC, 0x000 } }, /* 疫 */
	{ 0xD2E0, { 0x000, 0x040, 0x040, 0x7FC, 0x0A0, 0x2A8, 0x6A4, 0x424, 0x120, 0x320, 0x460, 0x000 } }, /* 亦 */
	{ 0xD2E1, { 0x000, 0x040, 0x7FC, 0x108, 0x330, 0x58C, 0x3F8, 0x020, 0x1F0, 0x0A0, 0x008, 0x000 } }, /* 裔 */
	{ 0xD2E2, { 0x000, 0x040, 0x7FC, 0x110, 0x000, 0x3F8, 0x3F8, 0x208, 0x040, 0x504, 0x5F0, 0x000 } }, /* 意 */
	{ 0xD2E3, { 0x000, 0x7A8, 0x028, 0x32C, 0x320, 0x624, 0x388, 0x798, 0x518, 0x364, 0x000, 0x000 } }, /* 毅 */
	{ 0xD2E4, { 0x000, 0x200, 0x278, 0x208, 0x690, 0x620, 0x220, 0x240, 0x240, 0x244, 0x200, 0x000 } }, /* 忆 */
	{ 0xD2E5, { 0x000, 0x248, 0x248, 0x110, 0x110, 0x0A0, 0x0C0, 0x0E0, 0x318, 0x40C, 0x000, 0x000 } }, /* 义 */
	{ 0xD2E6, { 0x000, 0x110, 0x000, 0x7FC, 0x000, 0x31C, 0x600, 0x2A8, 0x2A8, 0x2A8, 0x7FE, 0x000 } }, /* 益 */
	{ 0xD2E7, { 0x000, 0x008, 0x248, 0x0FC, 0x450, 0x28C, 0x0FC, 0x290, 0x490, 0x4B4, 0x4FC, 0x000 } }, /* 溢 */
	{ 0xD2E8, { 0x000, 0x278, 0x040, 0x444, 0x200, 0x27C, 0x244, 0x344, 0x244, 0x044, 0x000, 0x000 } }, /* 诣 */
	{ 0xD2E9, { 0x000, 0x020, 0x228, 0x0A8, 0x488, 0x248, 0x250, 0x230, 0x330, 0x258, 0x084, 0x000 } }, /* 议 */
	{ 0xD2EA, { 0x000, 0x020, 0x2FC, 0x000, 0x078, 0x248, 0x278, 0x248, 0x278, 0x348, 0x2FC, 0x000 } }, /* 谊 */
	{ 0xD2EB, { 0x000, 0x0F8, 0x248, 0x030, 0x678, 0x280, 0x230, 0x230, 0x37C, 0x210, 0x000, 0x000 } }, /* 译 */
	{ 0xD2EC, { 0x000, 0x3F8, 0x208, 0x3F8, 0x204, 0x3F8, 0x010, 0x7FC, 0x110, 0x310, 0x410, 0x000 } }, /* 异 */
	{ 0xD2ED, { 0x7B8, 0x284, 0x7BC, 0x3F8, 0x3F8, 0x3F8, 0x1B0, 0x1B0, 0x1B8, 0x60C, 0x000, 0x000 } }, /* 翼 */
	{ 0xD2EE, { 0x000, 0x000, 0x284, 0x284, 0x39C, 0x4A4, 0x040, 0x3FC, 0x110, 0x020, 0x7FC, 0x000 } }, /* 翌 */
	{ 0xD2EF, { 0x000, 0x248, 0x528, 0x730, 0x2CC, 0x410, 0x730, 0x030, 0x610, 0x010, 0x000, 0x000 } }, /* 绎 */
	{ 0xD2F0, { 0x000, 0x100, 0x7FC, 0x100, 0x7FC, 0x444, 0x5F4, 0x4C4, 0x594, 0x50C, 0x40C, 0x000 } }, /* 茵 */
	{ 0xD2F1, { 0x100, 0x7FC, 0x100, 0x338, 0x524, 0x53C, 0x42C, 0x544, 0x444, 0x488, 0x000, 0x000 } }, /* 荫 */
	{ 0xD2F2, { 0x3F8, 0x404, 0x444, 0x5F4, 0x444, 0x4E4, 0x494, 0x504, 0x7FC, 0x404, 0x000, 0x000 } }, /* 因 */
	{ 0xD2F3, { 0x180, 0x628, 0x7A8, 0x6CC, 0x480, 0x7A8, 0x7A8, 0x498, 0x498, 0x164, 0x000, 0x000 } }, /* 殷 */
	{ 0xD2F4, { 0x000, 0x040, 0x7F8, 0x110, 0x110, 0x7FC, 0x1F0, 0x208, 0x3F8, 0x208, 0x318, 0x000 } }, /* 音 */
	{ 0xD2F5, { 0x000, 0x524, 0x504, 0x53C, 0x504, 0x524, 0x464, 0x544, 0x444, 0x48C, 0x000, 0x000 } }, /* 阴 */
	{ 0xD2F6, { 0x200, 0x244, 0x650, 0x578, 0x550, 0x550, 0x76C, 0x340, 0x27C, 0x440, 0x000, 0x000 } }, /* 姻 */
	{ 0xD2F7, { 0x000, 0x010, 0x730, 0x528, 0x54C, 0x594, 0x500, 0x748, 0x508, 0x410, 0x010, 0x000 } }, /* 吟 */
	{ 0xD2F8, { 0x000, 0x200, 0x244, 0x47C, 0x044, 0x27C, 0x754, 0x258, 0x248, 0x364, 0x240, 0x000 } }, /* 银 */
	{ 0xD2F9, { 0x000, 0x008, 0x2C0, 0x028, 0x4A8, 0x21C, 0x020, 0x220, 0x420, 0x420, 0x4FC, 0x000 } }, /* 淫 */
	{ 0xD2FA, { 0x000, 0x040, 0x7FC, 0x404, 0x040, 0x3F8, 0x248, 0x248, 0x3F8, 0x110, 0x604, 0x000 } }, /* 寅 */
	{ 0xD2FB, { 0x220, 0x420, 0x7BC, 0x444, 0x250, 0x210, 0x230, 0x228, 0x348, 0x084, 0x000, 0x000 } }, /* 饮 */
	{ 0xD2FC, { 0x000, 0x188, 0x088, 0x7FC, 0x088, 0x3F8, 0x108, 0x100, 0x200, 0x400, 0x000, 0x000 } }, /* 尹 */
	{ 0xD2FD, { 0x000, 0x048, 0x048, 0x3C8, 0x008, 0x7C8, 0x048, 0x048, 0x048, 0x188, 0x000, 0x000 } }, /* 引 */
	{ 0xD2FE, { 0x000, 0x020, 0x778, 0x4D0, 0x604, 0x67C, 0x504, 0x500, 0x4D4, 0x548, 0x438, 0x000 } }, /* 隐 */
	{ 0xD3A1, { 0x000, 0x080, 0x63C, 0x424, 0x424, 0x424, 0x424, 0x424, 0x72C, 0x420, 0x020, 0x000 } }, /* 印 */
	{ 0xD3A2, { 0x000, 0x7FC, 0x110, 0x040, 0x358, 0x248, 0x7FC, 0x0A0, 0x110, 0x604, 0x000, 0x000 } }, /* 英 */
	{ 0xD3A3, { 0x200, 0x2B4, 0x6FC, 0x2FC, 0x788, 0x694, 0x220, 0x258, 0x230, 0x2C4, 0x000, 0x000 } }, /* 樱 */
	{ 0xD3A4, { 0x3B8, 0x4A4, 0x5B4, 0x134, 0x298, 0x420, 0x7FC, 0x190, 0x0F0, 0x78C, 0x000, 0x000 } }, /* 婴 */
	{ 0xD3A5, { 0x000, 0x060, 0x450, 0x57C, 0x778, 0x57C, 0x560, 0x448, 0x428, 0x414, 0x004, 0x000 } }, /* 鹰 */
	{ 0xD3A6, { 0x000, 0x040, 0x3FC, 0x200, 0x240, 0x348, 0x128, 0x488, 0x410, 0x410, 0x400, 0x000 } }, /* 应 */
	{ 0xD3A7, { 0x000, 0x0B0, 0x4FC, 0x6F8, 0x088, 0x48C, 0x620, 0x058, 0x630, 0x0EC, 0x000, 0x000 } }, /* 缨 */
	{ 0xD3A8, { 0x000, 0x010, 0x7FC, 0x010, 0x7FC, 0x404, 0x040, 0x040, 0x050, 0x050, 0x7FC, 0x000 } }, /* 莹 */
	{ 0xD3A9, { 0x110, 0x7FC, 0x000, 0x7FC, 0x040, 0x3F8, 0x248, 0x248, 0x048, 0x784, 0x000, 0x000 } }, /* 萤 */
	{ 0xD3AA, { 0x000, 0x7FC, 0x000, 0x7FC, 0x5F4, 0x110, 0x1F0, 0x3F8, 0x208, 0x208, 0x000, 0x000 } }, /* 营 */
	{ 0xD3AB, { 0x100, 0x7FC, 0x100, 0x7FC, 0x444, 0x040, 0x248, 0x0A0, 0x118, 0x604, 0x000, 0x000 } }, /* 荧 */
	{ 0xD3AC, { 0x000, 0x23C, 0x244, 0x73C, 0x210, 0x254, 0x77C, 0x254, 0x27C, 0x3D0, 0x01C, 0x000 } }, /* 蝇 */
	{ 0xD3AD, { 0x440, 0x494, 0x084, 0x084, 0x684, 0x284, 0x2CC, 0x210, 0x600, 0x4FC, 0x000, 0x000 } }, /* 迎 */
	{ 0xD3AE, { 0x000, 0x040, 0x200, 0x3F0, 0x3F8, 0x3F8, 0x6D8, 0x7B4, 0x7FC, 0x694, 0x2A4, 0x000 } }, /* 赢 */
	{ 0xD3AF, { 0x000, 0x7F0, 0x110, 0x1DC, 0x104, 0x2C0, 0x5A8, 0x118, 0x2A8, 0x2A8, 0xFFC, 0x000 } }, /* 盈 */
	{ 0xD3B0, { 0x3C0, 0x7C8, 0x650, 0x104, 0x7E8, 0x7D0, 0x7C0, 0x104, 0x558, 0x120, 0x000, 0x000 } }, /* 影 */
	{ 0xD3B1, { 0x400, 0x714, 0x410, 0x33C, 0x394, 0x114, 0x794, 0x314, 0x628, 0x044, 0x000, 0x000 } }, /* 颖 */
	{ 0xD3B2, { 0x000, 0x610, 0x27C, 0x254, 0x77C, 0x4D4, 0x050, 0x360, 0x030, 0x044, 0x000, 0x000 } }, /* 硬 */
	{ 0xD3B3, { 0x000, 0x710, 0x17C, 0x104, 0x704, 0x1FC, 0x130, 0x720, 0x048, 0x084, 0x000, 0x000 } }, /* 映 */
	{ 0xD3B4, { 0x000, 0x610, 0x29C, 0x3F4, 0x244, 0x294, 0x6C4, 0x004, 0x0C4, 0x00C, 0x000, 0x000 } }, /* 哟 */
	{ 0xD3B5, { 0x200, 0x2F4, 0x394, 0x2FC, 0x294, 0x394, 0x6F4, 0x294, 0x294, 0x68C, 0x000, 0x000 } }, /* 拥 */
	{ 0xD3B6, { 0x000, 0x000, 0x2F4, 0x284, 0x6FC, 0x284, 0x2B4, 0x2B4, 0x284, 0x284, 0x20C, 0x000 } }, /* 佣 */
	{ 0xD3B7, { 0x000, 0x7FC, 0x500, 0x7B8, 0x5F8, 0x53C, 0x5C8, 0x5D8, 0x158, 0x290, 0x000, 0x000 } }, /* 臃 */
	{ 0xD3B8, { 0x000, 0x020, 0x1FC, 0x200, 0x6B4, 0x2B4, 0x6B4, 0x2FC, 0x2A4, 0x284, 0x40C, 0x000 } }, /* 痈 */
	{ 0xD3B9, { 0x000, 0x040, 0x3FC, 0x1F8, 0x3FC, 0x0F8, 0x1F8, 0x568, 0x568, 0x568, 0x108, 0x000 } }, /* 庸 */
	{ 0xD3BA, { 0x000, 0x040, 0x7FC, 0x210, 0x150, 0x7D0, 0x2FC, 0x750, 0x178, 0x250, 0x440, 0x000 } }, /* 雍 */
	{ 0xD3BB, { 0x000, 0x078, 0x408, 0x430, 0x37C, 0x054, 0x57C, 0x454, 0x47C, 0x754, 0x054, 0x000 } }, /* 踊 */
	{ 0xD3BC, { 0x000, 0x278, 0x208, 0x730, 0x27C, 0x254, 0x77C, 0x254, 0x27C, 0x7D4, 0x054, 0x000 } }, /* 蛹 */
	{ 0xD3BD, { 0x000, 0x020, 0x610, 0x560, 0x104, 0x1F8, 0x150, 0x748, 0x084, 0x104, 0x020, 0x000 } }, /* 咏 */
	{ 0xD3BE, { 0x000, 0x060, 0x200, 0x060, 0x414, 0x0D8, 0x050, 0x218, 0x084, 0x500, 0x420, 0x000 } }, /* 泳 */
	{ 0xD3BF, { 0x4F8, 0x208, 0x030, 0x4FC, 0x2A4, 0x0FC, 0x2A4, 0x0FC, 0x4A4, 0x08C, 0x000, 0x000 } }, /* 涌 */
	{ 0xD3C0, { 0x000, 0x0C0, 0x020, 0x1C0, 0x040, 0x768, 0x1F0, 0x150, 0x348, 0x644, 0x0C0, 0x000 } }, /* 永 */
	{ 0xD3C1, { 0x000, 0x3F8, 0x010, 0x3F8, 0x248, 0x248, 0x3F8, 0x208, 0x140, 0x504, 0x1F0, 0x000 } }, /* 恿 */
	{ 0xD3C2, { 0x3F8, 0x090, 0x3F8, 0x244, 0x244, 0x24C, 0x040, 0x7FC, 0x084, 0x618, 0x000, 0x000 } }, /* 勇 */
	{ 0xD3C3, { 0x000, 0x3F8, 0x248, 0x240, 0x3F8, 0x240, 0x3F8, 0x248, 0x440, 0x448, 0x448, 0x000 } }, /* 用 */
	{ 0xD3C4, { 0x000, 0x040, 0x150, 0x654, 0x6EC, 0x554, 0x154, 0x6FC, 0x444, 0x44C, 0x004, 0x000 } }, /* 幽 */
	{ 0xD3C5, { 0x000, 0x020, 0x228, 0x220, 0x6FC, 0x630, 0x210, 0x250, 0x250, 0x296, 0x20C, 0x000 } }, /* 优 */
	{ 0xD3C6, { 0x000, 0x120, 0x260, 0x648, 0x668, 0x230, 0x26C, 0x000, 0x100, 0x514, 0x0F0, 0x000 } }, /* 悠 */
	{ 0xD3C7, { 0x220, 0x228, 0x320, 0x67C, 0x230, 0x230, 0x210, 0x250, 0x2D4, 0x29C, 0x000, 0x000 } }, /* 忧 */
	{ 0xD3C8, { 0x000, 0x040, 0x048, 0x040, 0x7FC, 0x0A0, 0x0A0, 0x0A0, 0x120, 0x224, 0x41C, 0x000 } }, /* 尤 */
	{ 0xD3C9, { 0x000, 0x040, 0x040, 0x3F8, 0x444, 0x444, 0x7FC, 0x444, 0x444, 0x44C, 0x404, 0x000 } }, /* 由 */
	{ 0xD3CA, { 0x100, 0x11C, 0x7C4, 0x540, 0x548, 0x7C4, 0x544, 0x544, 0x7C0, 0x000, 0x000, 0x000 } }, /* 邮 */
	{ 0xD3CB, { 0x000, 0x010, 0x210, 0x77C, 0x454, 0x354, 0x27C, 0x254, 0x254, 0x37C, 0x044, 0x000 } }, /* 铀 */
	{ 0xD3CC, { 0x000, 0x000, 0x328, 0x220, 0x5FC, 0x130, 0x330, 0x510, 0x150, 0x154, 0x28C, 0x000 } }, /* 犹 */
	{ 0xD3CD, { 0x000, 0x000, 0x220, 0x030, 0x0A4, 0x2A4, 0x0FC, 0x2A4, 0x2A4, 0x4FC, 0x484, 0x000 } }, /* 油 */
	{ 0xD3CE, { 0x090, 0x410, 0x1F0, 0x43C, 0x0C4, 0x148, 0x15C, 0x548, 0x548, 0x2D8, 0x000, 0x000 } }, /* 游 */
	{ 0xD3CF, { 0x000, 0x000, 0x0A0, 0x0A0, 0x2AC, 0x0A4, 0x338, 0x208, 0x20C, 0x3FC, 0x000, 0x000 } }, /* 酉 */
	{ 0xD3D0, { 0x040, 0x0C0, 0x080, 0x1F8, 0x108, 0x7F8, 0x500, 0x1F8, 0x108, 0x118, 0x000, 0x000 } }, /* 有 */
	{ 0xD3D1, { 0x080, 0x080, 0x7FC, 0x080, 0x0F8, 0x190, 0x3D0, 0x260, 0x4F0, 0x104, 0x000, 0x000 } }, /* 友 */
	{ 0xD3D2, { 0x040, 0x000, 0x7FC, 0x080, 0x100, 0x1F8, 0x308, 0x508, 0x108, 0x108, 0x000, 0x000 } }, /* 右 */
	{ 0xD3D3, { 0x000, 0x020, 0x220, 0x2FC, 0x640, 0x640, 0x2FC, 0x344, 0x244, 0x27C, 0x244, 0x000 } }, /* 佑 */
	{ 0xD3D4, { 0x000, 0x190, 0x210, 0x4FC, 0x250, 0x7D0, 0x37C, 0x6D0, 0x450, 0x07C, 0x040, 0x000 } }, /* 釉 */
	{ 0xD3D5, { 0x000, 0x478, 0x220, 0x0FC, 0x478, 0x2A4, 0x270, 0x248, 0x344, 0x644, 0x098, 0x000 } }, /* 诱 */
	{ 0xD3D6, { 0x000, 0x7F8, 0x208, 0x110, 0x110, 0x0A0, 0x0E0, 0x0E0, 0x118, 0x604, 0x000, 0x000 } }, /* 又 */
	{ 0xD3D7, { 0x010, 0x210, 0x210, 0x494, 0x714, 0x014, 0x2A4, 0x7A4, 0x044, 0x0C8, 0x000, 0x000 } }, /* 幼 */
	{ 0xD3D8, { 0x400, 0x230, 0x010, 0x0B0, 0x210, 0x210, 0x210, 0x220, 0x700, 0x4FC, 0x000, 0x000 } }, /* 迂 */
	{ 0xD3D9, { 0x080, 0x618, 0x1D8, 0x4A4, 0x0C0, 0x048, 0x040, 0x550, 0x548, 0x640, 0x000, 0x000 } }, /* 淤 */
	{ 0xD3DA, { 0x000, 0x000, 0x040, 0x040, 0x040, 0x7FC, 0x040, 0x040, 0x040, 0x040, 0x0C0, 0x000 } }, /* 于 */
	{ 0xD3DB, { 0x000, 0x3F8, 0x040, 0x7FC, 0x040, 0x040, 0x000, 0x3F8, 0x2A0, 0x2A0, 0x7FC, 0x000 } }, /* 盂 */
	{ 0xD3DC, { 0x020, 0x230, 0x248, 0x280, 0x6E4, 0x7A4, 0x2A4, 0x2E4, 0x2A4, 0x2AC, 0x000, 0x000 } }, /* 榆 */
	{ 0xD3DD, { 0x000, 0x078, 0x0C0, 0x250, 0x164, 0x078, 0x088, 0x4F8, 0x420, 0x470, 0x18C, 0x000 } }, /* 虞 */
	{ 0xD3DE, { 0x3F8, 0x248, 0x248, 0x3F8, 0x7FC, 0x454, 0x594, 0x040, 0x504, 0x4F0, 0x000, 0x000 } }, /* 愚 */
	{ 0xD3DF, { 0x040, 0x64C, 0x484, 0x2EC, 0x040, 0x2E8, 0x644, 0x000, 0x110, 0x60C, 0x000, 0x000 } }, /* 舆 */
	{ 0xD3E0, { 0x000, 0x040, 0x0A0, 0x110, 0x30C, 0x440, 0x040, 0x3F8, 0x150, 0x248, 0x4C0, 0x000 } }, /* 余 */
	{ 0xD3E1, { 0x000, 0x040, 0x0A0, 0x118, 0x6E4, 0x380, 0x240, 0x2C0, 0x3C0, 0x248, 0x088, 0x000 } }, /* 俞 */
	{ 0xD3E2, { 0x000, 0x020, 0x450, 0x0FC, 0x000, 0x4B4, 0x0F4, 0x0F4, 0x024, 0x700, 0x0FC, 0x000 } }, /* 逾 */
	{ 0xD3E3, { 0x000, 0x000, 0x1E0, 0x220, 0x660, 0x248, 0x3F8, 0x248, 0x3F8, 0x000, 0x7FC, 0x000 } }, /* 鱼 */
	{ 0xD3E4, { 0x000, 0x220, 0x230, 0x348, 0x684, 0x2E4, 0x2A4, 0x2A4, 0x2E4, 0x2A4, 0x2AC, 0x000 } }, /* 愉 */
	{ 0xD3E5, { 0x000, 0x020, 0x250, 0x0D8, 0x104, 0x4E4, 0x0F4, 0x2B4, 0x0F4, 0x4A4, 0x448, 0x000 } }, /* 渝 */
	{ 0xD3E6, { 0x000, 0x040, 0x270, 0x090, 0x1FC, 0x684, 0x0FC, 0x284, 0x2FC, 0x400, 0x4FC, 0x000 } }, /* 渔 */
	{ 0xD3E7, { 0x000, 0x000, 0x554, 0x47C, 0x614, 0x478, 0x530, 0x594, 0x4B8, 0x484, 0x484, 0x000 } }, /* 隅 */
	{ 0xD3E8, { 0x3F8, 0x018, 0x0A0, 0x040, 0x7FC, 0x044, 0x040, 0x040, 0x040, 0x0C0, 0x000, 0x000 } }, /* 予 */
	{ 0xD3E9, { 0x278, 0x244, 0x744, 0x300, 0x57C, 0x510, 0x7FC, 0x330, 0x448, 0x484, 0x000, 0x000 } }, /* 娱 */
	{ 0xD3EA, { 0x000, 0x000, 0x040, 0x040, 0x644, 0x554, 0x444, 0x444, 0x554, 0x444, 0x40C, 0x000 } }, /* 雨 */
	{ 0xD3EB, { 0x000, 0x300, 0x200, 0x200, 0x3FC, 0x004, 0x000, 0x008, 0x008, 0x018, 0x000, 0x000 } }, /* 与 */
	{ 0xD3EC, { 0x000, 0x020, 0x220, 0x23C, 0x280, 0x2BC, 0x280, 0x280, 0x784, 0x084, 0x00C, 0x000 } }, /* 屿 */
	{ 0xD3ED, { 0x000, 0x008, 0x040, 0x3F8, 0x248, 0x3F8, 0x040, 0x444, 0x454, 0x584, 0x40C, 0x000 } }, /* 禹 */
	{ 0xD3EE, { 0x000, 0x040, 0x040, 0x404, 0x3F8, 0x040, 0x040, 0x444, 0x040, 0x040, 0x0C0, 0x000 } }, /* 宇 */
	{ 0xD3EF, { 0x0FC, 0x220, 0x0F8, 0x628, 0x26C, 0x200, 0x27C, 0x304, 0x244, 0x04C, 0x000, 0x000 } }, /* 语 */
	{ 0xD3F0, { 0x000, 0x084, 0x084, 0x4A4, 0x284, 0x08C, 0x3B4, 0x484, 0x084, 0x18C, 0x000, 0x000 } }, /* 羽 */
	{ 0xD3F1, { 0x000, 0x000, 0x3F8, 0x040, 0x040, 0x3F8, 0x040, 0x050, 0x048, 0x040, 0x7FC, 0x000 } }, /* 玉 */
	{ 0xD3F2, { 0x010, 0x010, 0x0FC, 0x610, 0x0F4, 0x0B0, 0x0F8, 0x608, 0x4DC, 0x024, 0x000, 0x000 } }, /* 域 */
	{ 0xD3F3, { 0x100, 0x7FC, 0x110, 0x3F8, 0x040, 0x040, 0x464, 0x040, 0x040, 0x0C0, 0x000, 0x000 } }, /* 芋 */
	{ 0xD3F4, { 0x000, 0x100, 0x7D4, 0x204, 0x380, 0x640, 0x3C4, 0x240, 0x244, 0x244, 0x280, 0x000 } }, /* 郁 */
	{ 0xD3F5, { 0x000, 0x710, 0x110, 0x110, 0x17C, 0x510, 0x710, 0x110, 0x010, 0x030, 0x000, 0x000 } }, /* 吁 */
	{ 0xD3F6, { 0x000, 0x000, 0x2A0, 0x0F8, 0x0F8, 0x220, 0x2A4, 0x2FC, 0x204, 0x700, 0x07C, 0x000 } }, /* 遇 */
	{ 0xD3F7, { 0x000, 0x020, 0x630, 0x248, 0x284, 0x2E4, 0x6A4, 0x6A4, 0x0E4, 0x0A4, 0x0AC, 0x000 } }, /* 喻 */
	{ 0xD3F8, { 0x208, 0x244, 0x210, 0x230, 0x248, 0x2CC, 0x208, 0x700, 0x128, 0x028, 0x000, 0x000 } }, /* 峪 */
	{ 0xD3F9, { 0x000, 0x280, 0x2EC, 0x44C, 0x24C, 0x24C, 0x64C, 0x24C, 0x24C, 0x3C8, 0x208, 0x000 } }, /* 御 */
	{ 0xD3FA, { 0x000, 0x040, 0x0A0, 0x3FC, 0x380, 0x2C8, 0x2C8, 0x2C8, 0x000, 0x504, 0x1F0, 0x000 } }, /* 愈 */
	{ 0xD3FB, { 0x010, 0x290, 0x41C, 0x124, 0x280, 0x650, 0x698, 0x098, 0x3A4, 0x2E0, 0x000, 0x000 } }, /* 欲 */
	{ 0xD3FC, { 0x000, 0x744, 0x200, 0x6BC, 0x010, 0x318, 0x578, 0x158, 0x2A4, 0x620, 0x000, 0x000 } }, /* 狱 */
	{ 0xD3FD, { 0x040, 0x7FC, 0x110, 0x3F8, 0x000, 0x108, 0x1F8, 0x108, 0x108, 0x018, 0x000, 0x000 } }, /* 育 */
	{ 0xD3FE, { 0x000, 0x050, 0x7FC, 0x150, 0x3F8, 0x5F0, 0x1F0, 0x000, 0x208, 0x3F8, 0x000, 0x000 } }, /* 誉 */
	{ 0xD4A1, { 0x000, 0x040, 0x28C, 0x020, 0x450, 0x048, 0x08C, 0x248, 0x008, 0x478, 0x048, 0x000 } }, /* 浴 */
	{ 0xD4A2, { 0x000, 0x040, 0x7FC, 0x5F4, 0x248, 0x248, 0x1F8, 0x040, 0x454, 0x5F4, 0x40C, 0x000 } }, /* 寓 */
	{ 0xD4A3, { 0x000, 0x208, 0x044, 0x610, 0x230, 0x348, 0x74C, 0x348, 0x248, 0x248, 0x248, 0x000 } }, /* 裕 */
	{ 0xD4A4, { 0x000, 0x510, 0x210, 0x264, 0x7D4, 0x2D4, 0x254, 0x210, 0x228, 0x644, 0x000, 0x000 } }, /* 预 */
	{ 0xD4A5, { 0x000, 0x020, 0x168, 0x2FC, 0x254, 0x7BC, 0x264, 0x238, 0x2D4, 0x264, 0x690, 0x000 } }, /* 豫 */
	{ 0xD4A6, { 0x000, 0x1BC, 0x024, 0x024, 0x428, 0x788, 0x098, 0x690, 0x0A8, 0x1C4, 0x000, 0x000 } }, /* 驭 */
	{ 0xD4A7, { 0x200, 0x7A8, 0x328, 0x2BC, 0x1F0, 0x210, 0x210, 0x1FC, 0x7E4, 0x00C, 0x000, 0x000 } }, /* 鸳 */
	{ 0xD4A8, { 0x404, 0x32C, 0x16C, 0x524, 0x17C, 0x124, 0x13C, 0x564, 0x524, 0x204, 0x000, 0x000 } }, /* 渊 */
	{ 0xD4A9, { 0x000, 0x404, 0x584, 0x220, 0x7F8, 0x248, 0x3F8, 0x0A0, 0x124, 0x63C, 0x000, 0x000 } }, /* 冤 */
	{ 0xD4AA, { 0x000, 0x3F0, 0x000, 0x000, 0x1A0, 0x0A0, 0x120, 0x120, 0x224, 0x418, 0x000, 0x000 } }, /* 元 */
	{ 0xD4AB, { 0x000, 0x200, 0x204, 0x200, 0x74C, 0x240, 0x278, 0x244, 0x378, 0x400, 0x0FC, 0x000 } }, /* 垣 */
	{ 0xD4AC, { 0x040, 0x3F8, 0x7FC, 0x000, 0x208, 0x3F8, 0x0A0, 0x338, 0x55C, 0x180, 0x000, 0x000 } }, /* 袁 */
	{ 0xD4AD, { 0x000, 0x220, 0x260, 0x288, 0x2F8, 0x288, 0x020, 0x4A8, 0x524, 0x460, 0x000, 0x000 } }, /* 原 */
	{ 0xD4AE, { 0x21C, 0x200, 0x648, 0x27C, 0x220, 0x260, 0x278, 0x268, 0x290, 0x44C, 0x000, 0x000 } }, /* 援 */
	{ 0xD4AF, { 0x000, 0x210, 0x67C, 0x410, 0x400, 0x77C, 0x24C, 0x230, 0x76C, 0x2AC, 0x220, 0x000 } }, /* 辕 */
	{ 0xD4B0, { 0x7FC, 0x404, 0x5F4, 0x404, 0x4A4, 0x4A4, 0x4A4, 0x534, 0x404, 0x404, 0x000, 0x000 } }, /* 园 */
	{ 0xD4B1, { 0x1F0, 0x208, 0x208, 0x000, 0x3F8, 0x208, 0x248, 0x240, 0x098, 0x704, 0x000, 0x000 } }, /* 员 */
	{ 0xD4B2, { 0x3F8, 0x404, 0x4A4, 0x4E4, 0x4E4, 0x514, 0x554, 0x4B4, 0x504, 0x7FC, 0x000, 0x000 } }, /* 圆 */
	{ 0xD4B3, { 0x000, 0x100, 0x27C, 0x2B4, 0x400, 0x14C, 0x37C, 0x530, 0x15C, 0x268, 0x664, 0x000 } }, /* 猿 */
	{ 0xD4B4, { 0x4FC, 0x280, 0x038, 0x444, 0x07C, 0x07C, 0x110, 0x550, 0x5D4, 0x230, 0x000, 0x000 } }, /* 源 */
	{ 0xD4B5, { 0x200, 0x478, 0x578, 0xE18, 0x2E4, 0x468, 0x638, 0x0B4, 0x654, 0x0B0, 0x000, 0x000 } }, /* 缘 */
	{ 0xD4B6, { 0x000, 0x2F8, 0x000, 0x0FC, 0x250, 0x250, 0x250, 0x294, 0x300, 0x4FC, 0x000, 0x000 } }, /* 远 */
	{ 0xD4B7, { 0x000, 0x000, 0x7FC, 0x000, 0x200, 0x3A8, 0x4A0, 0x3A8, 0x120, 0x324, 0x43C, 0x000 } }, /* 苑 */
	{ 0xD4B8, { 0x000, 0x000, 0x220, 0x0F8, 0x0F8, 0x0F8, 0x020, 0x524, 0x400, 0x504, 0x278, 0x000 } }, /* 愿 */
	{ 0xD4B9, { 0x000, 0x000, 0x3A8, 0x2A0, 0x5A8, 0x120, 0x63C, 0x040, 0x108, 0x504, 0x0F0, 0x000 } }, /* 怨 */
	{ 0xD4BA, { 0x000, 0x000, 0x77C, 0x484, 0x608, 0x600, 0x57C, 0x520, 0x700, 0x440, 0x48C, 0x000 } }, /* 院 */
	{ 0xD4BB, { 0x000, 0x7FC, 0x404, 0x404, 0x404, 0x604, 0x404, 0x404, 0x7FC, 0x000, 0x000, 0x000 } }, /* 曰 */
	{ 0xD4BC, { 0x000, 0x220, 0x0BC, 0x544, 0x144, 0x224, 0x794, 0x004, 0x784, 0x008, 0x000, 0x000 } }, /* 约 */
	{ 0xD4BD, { 0x000, 0x010, 0x114, 0x37C, 0x150, 0x7D0, 0x148, 0x568, 0x51C, 0x500, 0x07C, 0x000 } }, /* 越 */
	{ 0xD4BE, { 0x308, 0x4F0, 0x490, 0x710, 0x07C, 0x510, 0x430, 0x528, 0x644, 0x084, 0x000, 0x000 } }, /* 跃 */
	{ 0xD4BF, { 0x200, 0x224, 0x404, 0x73C, 0x204, 0x724, 0x244, 0x244, 0x344, 0x08C, 0x000, 0x000 } }, /* 钥 */
	{ 0xD4C0, { 0x000, 0x008, 0x200, 0x300, 0x220, 0x220, 0x7FC, 0x040, 0x248, 0x248, 0x008, 0x000 } }, /* 岳 */
	{ 0xD4C1, { 0x000, 0x080, 0x3F8, 0x3E8, 0x2C8, 0x3F8, 0x000, 0x100, 0x1F8, 0x000, 0x030, 0x000 } }, /* 粤 */
	{ 0xD4C2, { 0x000, 0x000, 0x208, 0x208, 0x3F8, 0x208, 0x308, 0x208, 0x208, 0x208, 0x418, 0x000 } }, /* 月 */
	{ 0xD4C3, { 0x000, 0x208, 0x228, 0x378, 0x644, 0x244, 0x278, 0x220, 0x200, 0x240, 0x28C, 0x000 } }, /* 悦 */
	{ 0xD4C4, { 0x000, 0x200, 0x024, 0x4A4, 0x4E4, 0x514, 0x5F4, 0x4A4, 0x4A4, 0x534, 0x40C, 0x000 } }, /* 阅 */
	{ 0xD4C5, { 0x000, 0x33C, 0x200, 0x700, 0x27C, 0x710, 0x320, 0x6A4, 0x07C, 0x200, 0x000, 0x000 } }, /* 耘 */
	{ 0xD4C6, { 0x000, 0x000, 0x3F8, 0x000, 0x000, 0x7FC, 0x080, 0x110, 0x110, 0x278, 0x000, 0x000 } }, /* 云 */
	{ 0xD4C7, { 0x39C, 0x454, 0x394, 0x010, 0x450, 0x554, 0x550, 0x114, 0x290, 0x410, 0x000, 0x000 } }, /* 郧 */
	{ 0xD4C8, { 0x000, 0x100, 0x100, 0x204, 0x204, 0x4C4, 0x004, 0x020, 0x380, 0x008, 0x018, 0x000 } }, /* 匀 */
	{ 0xD4C9, { 0x000, 0x544, 0x67C, 0x600, 0x67C, 0x504, 0x514, 0x624, 0x428, 0x4C4, 0x000, 0x000 } }, /* 陨 */
	{ 0xD4CA, { 0x080, 0x080, 0x110, 0x218, 0x3E8, 0x0A0, 0x020, 0x120, 0x324, 0x63C, 0x000, 0x000 } }, /* 允 */
	{ 0xD4CB, { 0x000, 0x000, 0x278, 0x000, 0x0FC, 0x600, 0x248, 0x248, 0x244, 0x700, 0x07C, 0x000 } }, /* 运 */
	{ 0xD4CC, { 0x000, 0x110, 0x7FC, 0x278, 0x448, 0x748, 0x278, 0x77C, 0x024, 0x724, 0x0FC, 0x000 } }, /* 蕴 */
	{ 0xD4CD, { 0x79C, 0x300, 0x780, 0x700, 0x710, 0x790, 0x490, 0x784, 0x4BC, 0x480, 0x000, 0x000 } }, /* 酝 */
	{ 0xD4CE, { 0x3F8, 0x208, 0x208, 0x000, 0x484, 0x3F0, 0x340, 0x040, 0x7FC, 0x040, 0x000, 0x000 } }, /* 晕 */
	{ 0xD4CF, { 0x000, 0x110, 0x7A0, 0x03C, 0x204, 0x794, 0x384, 0x49C, 0x7A4, 0x484, 0x48C, 0x000 } }, /* 韵 */
	{ 0xD4D0, { 0x000, 0x190, 0x11C, 0x104, 0x3F4, 0x028, 0x040, 0x040, 0x040, 0x0C0, 0x000, 0x000 } }, /* 孕 */
	{ 0xD4D1, { 0x000, 0x7FC, 0x400, 0x420, 0x5F8, 0x528, 0x528, 0x528, 0x420, 0x400, 0x7FC, 0x000 } }, /* 匝 */
	{ 0xD4D2, { 0x000, 0x03C, 0x740, 0x248, 0x27C, 0x76C, 0x56C, 0x16C, 0x348, 0x340, 0x07C, 0x000 } }, /* 砸 */
	{ 0xD4D3, { 0x000, 0x080, 0x3F0, 0x090, 0x110, 0x65C, 0x448, 0x040, 0x350, 0x64C, 0x0C0, 0x000 } }, /* 杂 */
	{ 0xD4D4, { 0x120, 0x3A8, 0x120, 0x7FC, 0x120, 0x7C8, 0x318, 0x350, 0x52C, 0x144, 0x000, 0x000 } }, /* 栽 */
	{ 0xD4D5, { 0x120, 0x3A8, 0x120, 0x7FC, 0x020, 0x788, 0x498, 0x490, 0x4B8, 0x044, 0x000, 0x000 } }, /* 哉 */
	{ 0xD4D6, { 0x000, 0x040, 0x040, 0x7FC, 0x444, 0x040, 0x248, 0x2E0, 0x0A0, 0x118, 0x60C, 0x000 } }, /* 灾 */
	{ 0xD4D7, { 0x040, 0x7FC, 0x444, 0x3F8, 0x110, 0x5B0, 0x040, 0x3F8, 0x040, 0x040, 0x000, 0x000 } }, /* 宰 */
	{ 0xD4D8, { 0x000, 0x120, 0x7A0, 0x330, 0x120, 0x7C0, 0x108, 0x798, 0x110, 0x738, 0x144, 0x000 } }, /* 载 */
	{ 0xD4D9, { 0x000, 0x040, 0x040, 0x248, 0x248, 0x248, 0x248, 0x60C, 0x208, 0x218, 0x000, 0x000 } }, /* 再 */
	{ 0xD4DA, { 0x000, 0x000, 0x080, 0x3FC, 0x120, 0x320, 0x2F8, 0x620, 0x220, 0x220, 0x200, 0x000 } }, /* 在 */
	{ 0xD4DB, { 0x000, 0x020, 0x020, 0x544, 0x544, 0x57C, 0x504, 0x57C, 0x504, 0x07C, 0x004, 0x000 } }, /* 咱 */
	{ 0xD4DC, { 0x048, 0x2DC, 0x748, 0x2DC, 0x2F4, 0x600, 0x0A8, 0x0A0, 0x028, 0x4C4, 0x000, 0x000 } }, /* 攒 */
	{ 0xD4DD, { 0x000, 0x000, 0x7A0, 0x33C, 0x128, 0x7E8, 0x000, 0x3F8, 0x3F8, 0x208, 0x208, 0x000 } }, /* 暂 */
	{ 0xD4DE, { 0x110, 0x7BC, 0x510, 0x328, 0x5AC, 0x440, 0x248, 0x248, 0x0B0, 0x708, 0x000, 0x000 } }, /* 赞 */
	{ 0xD4DF, { 0x000, 0x010, 0x780, 0x4C0, 0x6C8, 0x6C8, 0x6DC, 0x6C8, 0x248, 0x5C8, 0x480, 0x000 } }, /* 赃 */
	{ 0xD4E0, { 0x000, 0x010, 0x718, 0x540, 0x748, 0x548, 0x55C, 0x748, 0x548, 0x548, 0x180, 0x000 } }, /* 脏 */
	{ 0xD4E1, { 0x000, 0x7FC, 0x000, 0x128, 0x2B0, 0x124, 0x600, 0x7FC, 0x100, 0x200, 0x000, 0x000 } }, /* 葬 */
	{ 0xD4E2, { 0x000, 0x050, 0x670, 0x0FC, 0x0FC, 0x6FC, 0x278, 0x288, 0x288, 0x7C0, 0x0FC, 0x000 } }, /* 遭 */
	{ 0xD4E3, { 0x000, 0x228, 0x37C, 0x77C, 0x26C, 0x66C, 0x77C, 0x67C, 0x244, 0x244, 0x27C, 0x000 } }, /* 糟 */
	{ 0xD4E4, { 0x0A0, 0x2A8, 0x0A0, 0x4B4, 0x0A0, 0x1F0, 0x040, 0x040, 0x040, 0x3F8, 0x000, 0x000 } }, /* 凿 */
	{ 0xD4E5, { 0x110, 0x7FC, 0x078, 0x0C8, 0x400, 0x054, 0x000, 0x1FC, 0x4A8, 0x124, 0x000, 0x000 } }, /* 藻 */
	{ 0xD4E6, { 0x000, 0x040, 0x7FC, 0x040, 0x2E8, 0x2E8, 0x150, 0x6CC, 0x020, 0x0C0, 0x030, 0x000 } }, /* 枣 */
	{ 0xD4E7, { 0x3F8, 0x208, 0x3F8, 0x208, 0x3F8, 0x040, 0x7FC, 0x040, 0x040, 0x040, 0x000, 0x000 } }, /* 早 */
	{ 0xD4E8, { 0x078, 0x288, 0x070, 0x5DC, 0x154, 0x000, 0x1FC, 0x470, 0x4AC, 0x120, 0x000, 0x000 } }, /* 澡 */
	{ 0xD4E9, { 0x3F0, 0x150, 0x0A0, 0x0E0, 0x60C, 0x3F8, 0x240, 0x3F8, 0x048, 0x7F4, 0x000, 0x000 } }, /* 蚤 */
	{ 0xD4EA, { 0x278, 0x548, 0x500, 0x7EC, 0x2A4, 0x7CC, 0x630, 0x638, 0x658, 0x094, 0x000, 0x000 } }, /* 躁 */
	{ 0xD4EB, { 0x078, 0x608, 0x278, 0x2DC, 0x254, 0x200, 0x630, 0x070, 0x0A8, 0x124, 0x000, 0x000 } }, /* 噪 */
	{ 0xD4EC, { 0x000, 0x000, 0x2F8, 0x0A0, 0x0B4, 0x600, 0x2F8, 0x280, 0x2F8, 0x700, 0x07C, 0x000 } }, /* 造 */
	{ 0xD4ED, { 0x000, 0x080, 0x3F8, 0x208, 0x208, 0x208, 0x000, 0x09C, 0x780, 0x084, 0x0FC, 0x000 } }, /* 皂 */
	{ 0xD4EE, { 0x010, 0x210, 0x290, 0x77C, 0x210, 0x210, 0x310, 0x290, 0x410, 0x400, 0x000, 0x000 } }, /* 灶 */
	{ 0xD4EF, { 0x278, 0x248, 0x338, 0x6CC, 0x6A4, 0x2CC, 0x2FC, 0x538, 0x45C, 0x090, 0x000, 0x000 } }, /* 燥 */
	{ 0xD4F0, { 0x040, 0x3F8, 0x3F8, 0x040, 0x7FC, 0x3F8, 0x248, 0x248, 0x090, 0x70C, 0x000, 0x000 } }, /* 责 */
	{ 0xD4F1, { 0x278, 0x248, 0x730, 0x230, 0x284, 0x638, 0x230, 0x2BC, 0x230, 0x400, 0x000, 0x000 } }, /* 择 */
	{ 0xD4F2, { 0x004, 0x454, 0x554, 0x554, 0x554, 0x554, 0x554, 0x214, 0x6C4, 0x40C, 0x000, 0x000 } }, /* 则 */
	{ 0xD4F3, { 0x000, 0x248, 0x050, 0x430, 0x08C, 0x030, 0x230, 0x030, 0x420, 0x420, 0x000, 0x000 } }, /* 泽 */
	{ 0xD4F4, { 0x010, 0x510, 0x7FC, 0x710, 0x714, 0x7F8, 0x608, 0x248, 0x558, 0x004, 0x000, 0x000 } }, /* 贼 */
	{ 0xD4F5, { 0x000, 0x000, 0x1F8, 0x300, 0x5F8, 0x180, 0x180, 0x040, 0x52C, 0x504, 0x0F0, 0x000 } }, /* 怎 */
	{ 0xD4F6, { 0x000, 0x048, 0x208, 0x294, 0x7DC, 0x294, 0x200, 0x27C, 0x344, 0x044, 0x07C, 0x000 } }, /* 增 */
	{ 0xD4F7, { 0x000, 0x048, 0x268, 0x394, 0x7FC, 0xAB4, 0x200, 0x27C, 0x27C, 0x244, 0x24C, 0x000 } }, /* 憎 */
	{ 0xD4F8, { 0x000, 0x110, 0x130, 0x554, 0x554, 0x574, 0x000, 0x3F8, 0x3F8, 0x208, 0x208, 0x000 } }, /* 曾 */
	{ 0xD4F9, { 0x000, 0x028, 0x728, 0x654, 0x67C, 0x654, 0x600, 0x63C, 0x27C, 0x544, 0x464, 0x000 } }, /* 赠 */
	{ 0xD4FA, { 0x000, 0x020, 0x020, 0x7A0, 0x320, 0x120, 0x320, 0x620, 0x020, 0x024, 0x61C, 0x000 } }, /* 扎 */
	{ 0xD4FB, { 0x000, 0x000, 0x630, 0x578, 0x544, 0x580, 0x548, 0x778, 0x478, 0x000, 0x0FC, 0x000 } }, /* 喳 */
	{ 0xD4FC, { 0x000, 0x020, 0x6FC, 0x070, 0x0AC, 0x320, 0x088, 0x2F8, 0x088, 0x400, 0x5FC, 0x000 } }, /* 渣 */
	{ 0xD4FD, { 0x000, 0x000, 0x120, 0x3A0, 0x320, 0x320, 0x7A0, 0x520, 0x120, 0x124, 0x01C, 0x000 } }, /* 札 */
	{ 0xD4FE, { 0x000, 0x200, 0x600, 0x100, 0x500, 0x500, 0x100, 0x780, 0x114, 0x11C, 0x000, 0x000 } }, /* 轧 */
	{ 0xD5A1, { 0x000, 0x200, 0x2E4, 0x48C, 0x6AC, 0x2AC, 0x6EC, 0x2CC, 0x244, 0x224, 0x084, 0x000 } }, /* 铡 */
	{ 0xD5A2, { 0x000, 0x200, 0x004, 0x404, 0x554, 0x554, 0x554, 0x5F4, 0x444, 0x444, 0x408, 0x000 } }, /* 闸 */
	{ 0xD5A3, { 0x000, 0x00C, 0x560, 0x510, 0x700, 0x17C, 0x708, 0x118, 0x520, 0x560, 0x01C, 0x000 } }, /* 眨 */
	{ 0xD5A4, { 0x000, 0x000, 0x2B4, 0x6B4, 0x2B4, 0x7FC, 0x6B4, 0x2B4, 0x2B4, 0x234, 0x200, 0x000 } }, /* 栅 */
	{ 0xD5A5, { 0x200, 0x2FC, 0x284, 0x248, 0x320, 0x660, 0x23C, 0x220, 0x220, 0x220, 0x000, 0x000 } }, /* 榨 */
	{ 0xD5A6, { 0x000, 0x020, 0x620, 0x97C, 0x1A0, 0x13C, 0x120, 0x720, 0x93C, 0x020, 0x020, 0x000 } }, /* 咋 */
	{ 0xD5A7, { 0x000, 0x180, 0x100, 0x3FC, 0x680, 0x4F8, 0x080, 0x080, 0x0FC, 0x080, 0x080, 0x000 } }, /* 乍 */
	{ 0xD5A8, { 0x000, 0x220, 0x220, 0x37C, 0x3A0, 0x23C, 0x220, 0x220, 0x33C, 0x420, 0x420, 0x000 } }, /* 炸 */
	{ 0xD5A9, { 0x000, 0x020, 0x220, 0x07C, 0x4A0, 0x224, 0x220, 0x220, 0x33C, 0x220, 0x020, 0x000 } }, /* 诈 */
	{ 0xD5AA, { 0x000, 0x220, 0x2FC, 0x208, 0x2FC, 0x294, 0x6B4, 0x2B4, 0x2A4, 0x2B4, 0x48C, 0x000 } }, /* 摘 */
	{ 0xD5AB, { 0x000, 0x040, 0x7FC, 0x0A0, 0x0E0, 0x71C, 0x3F8, 0x040, 0x2A4, 0x2A4, 0x2AC, 0x000 } }, /* 斋 */
	{ 0xD5AC, { 0x000, 0x040, 0x040, 0x404, 0x430, 0x3C0, 0x000, 0x7F8, 0x000, 0x044, 0x078, 0x000 } }, /* 宅 */
	{ 0xD5AD, { 0x000, 0x040, 0x7FC, 0x404, 0x308, 0x088, 0x180, 0x6F8, 0x080, 0x0F8, 0x080, 0x000 } }, /* 窄 */
	{ 0xD5AE, { 0x020, 0x2FC, 0x278, 0x630, 0x600, 0x2FC, 0x284, 0x2A0, 0x228, 0x2C4, 0x000, 0x000 } }, /* 债 */
	{ 0xD5AF, { 0x000, 0x040, 0x7FC, 0x4A4, 0x1A0, 0x3A0, 0x7FC, 0x350, 0x5F4, 0x150, 0x6C8, 0x000 } }, /* 寨 */
	{ 0xD5B0, { 0x000, 0x020, 0x658, 0x0FC, 0x684, 0x0BC, 0x6BC, 0x080, 0x680, 0x0A4, 0x13C, 0x000 } }, /* 瞻 */
	{ 0xD5B1, { 0x000, 0x000, 0x720, 0x23C, 0x320, 0x278, 0x248, 0x748, 0x278, 0x202, 0x1FC, 0x000 } }, /* 毡 */
	{ 0xD5B2, { 0x000, 0x180, 0x330, 0x3FC, 0x4A8, 0x7FC, 0x4F8, 0x400, 0x408, 0x508, 0x1F8, 0x000 } }, /* 詹 */
	{ 0xD5B3, { 0x000, 0x010, 0x490, 0x69C, 0x310, 0x310, 0x3BC, 0x6C4, 0x444, 0x07C, 0x044, 0x000 } }, /* 粘 */
	{ 0xD5B4, { 0x000, 0x020, 0x220, 0x03C, 0x420, 0x220, 0x0FC, 0x284, 0x284, 0x4FC, 0x484, 0x000 } }, /* 沾 */
	{ 0xD5B5, { 0x000, 0x0A0, 0x1F8, 0x080, 0x7F8, 0x070, 0x3B4, 0x008, 0x3F8, 0x2A8, 0x7FC, 0x000 } }, /* 盏 */
	{ 0xD5B6, { 0x000, 0x204, 0x7A0, 0x220, 0x520, 0x528, 0x128, 0x128, 0x728, 0x148, 0x148, 0x000 } }, /* 斩 */
	{ 0xD5B7, { 0x000, 0x278, 0x244, 0x678, 0x468, 0x678, 0x378, 0x070, 0x7AC, 0x0B8, 0x0A4, 0x000 } }, /* 辗 */
	{ 0xD5B8, { 0x000, 0x040, 0x444, 0x3F8, 0x20C, 0x720, 0x53C, 0x7A8, 0x1A8, 0x528, 0x148, 0x000 } }, /* 崭 */
	{ 0xD5B9, { 0x3F8, 0x008, 0x3F8, 0x090, 0x1F8, 0x2B0, 0x5A8, 0x428, 0x4D0, 0x48C, 0x000, 0x000 } }, /* 展 */
	{ 0xD5BA, { 0x000, 0x130, 0x130, 0x020, 0x338, 0x7BC, 0x7A8, 0x4A8, 0x7A4, 0x480, 0x4D0, 0x000 } }, /* 蘸 */
	{ 0xD5BB, { 0x000, 0x220, 0x228, 0x72C, 0x260, 0x22C, 0x770, 0x618, 0x218, 0x22C, 0x244, 0x000 } }, /* 栈 */
	{ 0xD5BC, { 0x000, 0x040, 0x040, 0x07C, 0x040, 0x040, 0x3F8, 0x208, 0x208, 0x3F8, 0x208, 0x000 } }, /* 占 */
	{ 0xD5BD, { 0x220, 0x228, 0x3A0, 0x278, 0x220, 0x5A8, 0x090, 0x590, 0x4A8, 0x04C, 0x000, 0x000 } }, /* 战 */
	{ 0xD5BE, { 0x210, 0x210, 0x79C, 0x010, 0x490, 0x47C, 0x344, 0x144, 0x67C, 0x044, 0x000, 0x000 } }, /* 站 */
	{ 0xD5BF, { 0x000, 0x008, 0x4CC, 0x0C8, 0x078, 0x448, 0x048, 0x3FC, 0x4A8, 0x4C4, 0x4FC, 0x000 } }, /* 湛 */
	{ 0xD5C0, { 0x210, 0x07C, 0x504, 0x500, 0x210, 0x050, 0x750, 0x050, 0x7B0, 0x09C, 0x000, 0x000 } }, /* 绽 */
	{ 0xD5C1, { 0x000, 0x210, 0x27C, 0x708, 0x27C, 0x37C, 0x77C, 0x644, 0x210, 0x2FC, 0x210, 0x000 } }, /* 樟 */
	{ 0xD5C2, { 0x000, 0x040, 0x110, 0x110, 0x404, 0x3F8, 0x208, 0x208, 0x060, 0x7FC, 0x040, 0x000 } }, /* 章 */
	{ 0xD5C3, { 0x000, 0x100, 0x7C8, 0x288, 0x7D0, 0x7C4, 0x7C8, 0x450, 0x104, 0x7C8, 0x110, 0x000 } }, /* 彰 */
	{ 0xD5C4, { 0x000, 0x020, 0x6FC, 0x050, 0x0FC, 0x4F8, 0x0F8, 0x088, 0x420, 0x5FC, 0x420, 0x000 } }, /* 漳 */
	{ 0xD5C5, { 0x000, 0x748, 0x150, 0x750, 0x47C, 0x750, 0x150, 0x148, 0x164, 0x240, 0x000, 0x000 } }, /* 张 */
	{ 0xD5C6, { 0x040, 0x150, 0x7FC, 0x5F4, 0x1F0, 0x038, 0x040, 0x268, 0x464, 0x0C0, 0x000, 0x000 } }, /* 掌 */
	{ 0xD5C7, { 0x400, 0x064, 0x068, 0x5A8, 0x130, 0x1A8, 0x0A8, 0x428, 0x4B4, 0x0A0, 0x000, 0x000 } }, /* 涨 */
	{ 0xD5C8, { 0x200, 0x200, 0x27C, 0x210, 0x250, 0x6D0, 0x630, 0x230, 0x268, 0x284, 0x000, 0x000 } }, /* 杖 */
	{ 0xD5C9, { 0x020, 0x020, 0x7FC, 0x020, 0x120, 0x100, 0x0C0, 0x0C0, 0x1B0, 0x60C, 0x000, 0x000 } }, /* 丈 */
	{ 0xD5CA, { 0x200, 0x228, 0x7A8, 0x2B0, 0x2FC, 0x2A0, 0x2A8, 0x328, 0x234, 0x220, 0x000, 0x000 } }, /* 帐 */
	{ 0xD5CB, { 0x000, 0x4AC, 0x4A8, 0x6B0, 0x6FC, 0x6A0, 0x6A8, 0x228, 0x134, 0x420, 0x000, 0x000 } }, /* 账 */
	{ 0xD5CC, { 0x000, 0x110, 0x210, 0x2FC, 0x610, 0x690, 0x250, 0x260, 0x220, 0x258, 0x384, 0x000 } }, /* 仗 */
	{ 0xD5CD, { 0x000, 0x52C, 0x428, 0x720, 0x4FC, 0x520, 0x528, 0x428, 0x434, 0x120, 0x000, 0x000 } }, /* 胀 */
	{ 0xD5CE, { 0x000, 0x020, 0x3FC, 0x220, 0x650, 0x200, 0x6F8, 0x2F8, 0x278, 0x4FC, 0x420, 0x000 } }, /* 瘴 */
	{ 0xD5CF, { 0x000, 0x000, 0x77C, 0x448, 0x600, 0x67C, 0x57C, 0x544, 0x610, 0x4FC, 0x410, 0x000 } }, /* 障 */
	{ 0xD5D0, { 0x27C, 0x234, 0x724, 0x224, 0x24C, 0x700, 0x244, 0x244, 0x244, 0x644, 0x000, 0x000 } }, /* 招 */
	{ 0xD5D1, { 0x000, 0x000, 0x734, 0x524, 0x524, 0x748, 0x500, 0x544, 0x744, 0x47C, 0x044, 0x000 } }, /* 昭 */
	{ 0xD5D2, { 0x220, 0x228, 0x220, 0x27C, 0x220, 0x328, 0x630, 0x230, 0x254, 0x68C, 0x000, 0x000 } }, /* 找 */
	{ 0xD5D3, { 0x400, 0x224, 0x024, 0x444, 0x0C8, 0x000, 0x244, 0x244, 0x444, 0x444, 0x000, 0x000 } }, /* 沼 */
	{ 0xD5D4, { 0x100, 0x124, 0x110, 0x118, 0x7C8, 0x118, 0x5D4, 0x724, 0x580, 0x07C, 0x000, 0x000 } }, /* 赵 */
	{ 0xD5D5, { 0x078, 0x524, 0x524, 0x748, 0x538, 0x544, 0x77C, 0x000, 0x4A4, 0x484, 0x000, 0x000 } }, /* 照 */
	{ 0xD5D6, { 0x3F8, 0x4A4, 0x3F8, 0x07C, 0x040, 0x208, 0x3F8, 0x040, 0x7FC, 0x040, 0x000, 0x000 } }, /* 罩 */
	{ 0xD5D7, { 0x020, 0x0A0, 0x4A8, 0x2A0, 0x0A0, 0x3B8, 0x424, 0x120, 0x224, 0x418, 0x000, 0x000 } }, /* 兆 */
	{ 0xD5D8, { 0x000, 0x120, 0x7BC, 0x4F8, 0x43C, 0x1F0, 0x7FC, 0x1F0, 0x3F8, 0x7FC, 0x040, 0x000 } }, /* 肇 */
	{ 0xD5D9, { 0x000, 0x000, 0x0C8, 0x088, 0x108, 0x318, 0x400, 0x208, 0x208, 0x3F8, 0x208, 0x000 } }, /* 召 */
	{ 0xD5DA, { 0x000, 0x020, 0x4FC, 0x0A8, 0x0FC, 0x6A8, 0x2B0, 0x284, 0x34C, 0x300, 0x4FC, 0x000 } }, /* 遮 */
	{ 0xD5DB, { 0x200, 0x270, 0x240, 0x240, 0x258, 0x748, 0x248, 0x248, 0x288, 0x688, 0x000, 0x000 } }, /* 折 */
	{ 0xD5DC, { 0x000, 0x720, 0x220, 0x728, 0x248, 0x248, 0x2D8, 0x208, 0x208, 0x3F8, 0x000, 0x000 } }, /* 哲 */
	{ 0xD5DD, { 0x000, 0x220, 0x778, 0x228, 0x668, 0x24C, 0x040, 0x3F8, 0x248, 0x048, 0x7FC, 0x000 } }, /* 蛰 */
	{ 0xD5DE, { 0x000, 0x048, 0x448, 0x48C, 0x4B4, 0x604, 0x6AC, 0x2EC, 0x6E8, 0x2AC, 0x2A0, 0x000 } }, /* 辙 */
	{ 0xD5DF, { 0x040, 0x0C8, 0x058, 0x0D0, 0x060, 0x1F0, 0x308, 0x5F8, 0x108, 0x108, 0x000, 0x000 } }, /* 者 */
	{ 0xD5E0, { 0x000, 0x220, 0x274, 0x728, 0x47C, 0x210, 0x278, 0x2C4, 0x27C, 0x344, 0x240, 0x000 } }, /* 锗 */
	{ 0xD5E1, { 0x000, 0x010, 0x7FC, 0x040, 0x7FC, 0x490, 0x5FC, 0x4D0, 0x400, 0x554, 0x250, 0x000 } }, /* 蔗 */
	{ 0xD5E2, { 0x000, 0x020, 0x620, 0x2FC, 0x008, 0x650, 0x230, 0x230, 0x2C8, 0x300, 0x4FC, 0x000 } }, /* 这 */
	{ 0xD5E3, { 0x004, 0x690, 0x090, 0x09C, 0x694, 0x1D0, 0x280, 0x0A0, 0x4A4, 0x480, 0x000, 0x000 } }, /* 浙 */
	{ 0xD5E4, { 0x010, 0x730, 0x228, 0x2D4, 0x720, 0x248, 0x214, 0x36C, 0x410, 0x040, 0x000, 0x000 } }, /* 珍 */
	{ 0xD5E5, { 0x000, 0x000, 0x684, 0x6DC, 0x384, 0x2B4, 0x284, 0x7CC, 0x404, 0x604, 0x004, 0x000 } }, /* 斟 */
	{ 0xD5E6, { 0x000, 0x040, 0x7FC, 0x1F0, 0x318, 0x318, 0x318, 0x3F8, 0x7FC, 0x110, 0x20C, 0x000 } }, /* 真 */
	{ 0xD5E7, { 0x000, 0x000, 0x320, 0x7A0, 0x338, 0x320, 0x7B0, 0x328, 0x328, 0x1A8, 0x604, 0x000 } }, /* 甄 */
	{ 0xD5E8, { 0x000, 0x010, 0x390, 0x210, 0x210, 0x710, 0x444, 0x044, 0x344, 0x27C, 0x044, 0x000 } }, /* 砧 */
	{ 0xD5E9, { 0x010, 0x77C, 0x030, 0x520, 0x77C, 0x27C, 0x710, 0x27C, 0x75C, 0x090, 0x000, 0x000 } }, /* 臻 */
	{ 0xD5EA, { 0x000, 0x000, 0x07C, 0x040, 0x3F8, 0x208, 0x248, 0x248, 0x0A0, 0x190, 0x608, 0x000 } }, /* 贞 */
	{ 0xD5EB, { 0x000, 0x210, 0x390, 0x410, 0x410, 0x210, 0x310, 0x210, 0x290, 0x310, 0x210, 0x000 } }, /* 针 */
	{ 0xD5EC, { 0x020, 0x23C, 0x220, 0x6FC, 0x684, 0x2A4, 0x2A4, 0x220, 0x248, 0x284, 0x000, 0x000 } }, /* 侦 */
	{ 0xD5ED, { 0x000, 0x210, 0x210, 0x77C, 0x244, 0x200, 0x730, 0x630, 0x250, 0x254, 0x28C, 0x000 } }, /* 枕 */
	{ 0xD5EE, { 0x020, 0x1FC, 0x020, 0x658, 0x1A4, 0x240, 0x234, 0x2C8, 0x230, 0x4C0, 0x000, 0x000 } }, /* 疹 */
	{ 0xD5EF, { 0x000, 0x020, 0x230, 0x048, 0x084, 0x220, 0x258, 0x234, 0x34C, 0x210, 0x060, 0x000 } }, /* 诊 */
	{ 0xD5F0, { 0x3F8, 0x7FC, 0x554, 0x150, 0x3F8, 0x2F0, 0x200, 0x360, 0x430, 0x58C, 0x000, 0x000 } }, /* 震 */
	{ 0xD5F1, { 0x200, 0x2C0, 0x280, 0x280, 0x2FC, 0x6B0, 0x2AC, 0x2A8, 0x2BC, 0x524, 0x000, 0x000 } }, /* 振 */
	{ 0xD5F2, { 0x200, 0x27C, 0x738, 0x448, 0x248, 0x648, 0x278, 0x27C, 0x248, 0x084, 0x000, 0x000 } }, /* 镇 */
	{ 0xD5F3, { 0x020, 0x720, 0x460, 0x650, 0x650, 0x570, 0x510, 0x6FC, 0x410, 0x410, 0x000, 0x000 } }, /* 阵 */
	{ 0xD5F4, { 0x000, 0x1B0, 0x130, 0x1F0, 0x060, 0x178, 0x250, 0x4CC, 0x3F0, 0x424, 0x484, 0x000 } }, /* 蒸 */
	{ 0xD5F5, { 0x000, 0x220, 0x270, 0x250, 0x2FC, 0x204, 0x67C, 0x234, 0x234, 0x200, 0x420, 0x000 } }, /* 挣 */
	{ 0xD5F6, { 0x000, 0x020, 0x770, 0x150, 0x7FC, 0x104, 0x77C, 0x134, 0x73C, 0x500, 0x020, 0x000 } }, /* 睁 */
	{ 0xD5F7, { 0x000, 0x200, 0x2FC, 0x410, 0x310, 0x21C, 0x610, 0x210, 0x210, 0x2F0, 0x200, 0x000 } }, /* 征 */
	{ 0xD5F8, { 0x000, 0x040, 0x770, 0x290, 0x5FC, 0x124, 0x33C, 0x53C, 0x124, 0x220, 0x620, 0x000 } }, /* 狰 */
	{ 0xD5F9, { 0x000, 0x100, 0x1E0, 0x220, 0x7F8, 0x048, 0x048, 0x3F8, 0x040, 0x040, 0x080, 0x000 } }, /* 争 */
	{ 0xD5FA, { 0x000, 0x200, 0x2FC, 0x310, 0x610, 0x21C, 0x210, 0x210, 0x210, 0x2FC, 0x200, 0x000 } }, /* 怔 */
	{ 0xD5FB, { 0x000, 0x110, 0x7DC, 0x7A4, 0x5D8, 0x398, 0x524, 0x3F8, 0x040, 0x040, 0x7FC, 0x000 } }, /* 整 */
	{ 0xD5FC, { 0x278, 0x208, 0x710, 0x2EC, 0x258, 0x608, 0x284, 0x220, 0x200, 0x600, 0x000, 0x000 } }, /* 拯 */
	{ 0xD5FD, { 0x000, 0x7FC, 0x040, 0x040, 0x260, 0x240, 0x240, 0x240, 0x240, 0x7FC, 0x000, 0x000 } }, /* 正 */
	{ 0xD5FE, { 0x010, 0x7A0, 0x13C, 0x108, 0x5A8, 0x528, 0x518, 0x590, 0x628, 0x044, 0x000, 0x000 } }, /* 政 */
	{ 0xD6A1, { 0x000, 0x210, 0x21C, 0x710, 0x2FC, 0x244, 0x254, 0x254, 0x300, 0x22C, 0x244, 0x000 } }, /* 帧 */
	{ 0xD6A2, { 0x000, 0x020, 0x1FC, 0x200, 0x6FC, 0x210, 0x210, 0x690, 0x290, 0x290, 0x4FC, 0x000 } }, /* 症 */
	{ 0xD6A3, { 0x000, 0x280, 0x294, 0x7D4, 0x110, 0x118, 0x7D4, 0x114, 0x294, 0x65C, 0x410, 0x000 } }, /* 郑 */
	{ 0xD6A4, { 0x000, 0x000, 0x2FC, 0x010, 0x010, 0x25C, 0x250, 0x250, 0x350, 0x250, 0x0FC, 0x000 } }, /* 证 */
	{ 0xD6A5, { 0x000, 0x110, 0x7FC, 0x110, 0x040, 0x3F8, 0x038, 0x040, 0x180, 0x6C0, 0x41C, 0x000 } }, /* 芝 */
	{ 0xD6A6, { 0x210, 0x230, 0x710, 0x210, 0x278, 0x748, 0x628, 0x230, 0x238, 0x2C4, 0x000, 0x000 } }, /* 枝 */
	{ 0xD6A7, { 0x000, 0x040, 0x040, 0x7FC, 0x040, 0x3F0, 0x110, 0x0A0, 0x060, 0x0B0, 0x60C, 0x000 } }, /* 支 */
	{ 0xD6A8, { 0x000, 0x710, 0x57C, 0x510, 0x578, 0x548, 0x728, 0x530, 0x030, 0x0CC, 0x000, 0x000 } }, /* 吱 */
	{ 0xD6A9, { 0x000, 0x240, 0x240, 0x7FC, 0x380, 0x320, 0x770, 0x240, 0x36C, 0x48C, 0x080, 0x000 } }, /* 蜘 */
	{ 0xD6AA, { 0x000, 0x200, 0x200, 0x7A4, 0x524, 0x124, 0x7A4, 0x124, 0x2BC, 0x224, 0x400, 0x000 } }, /* 知 */
	{ 0xD6AB, { 0x010, 0x510, 0x410, 0x710, 0x478, 0x728, 0x428, 0x410, 0x538, 0x144, 0x000, 0x000 } }, /* 肢 */
	{ 0xD6AC, { 0x000, 0x040, 0x558, 0x440, 0x76C, 0x400, 0x77C, 0x544, 0x444, 0x57C, 0x044, 0x000 } }, /* 脂 */
	{ 0xD6AD, { 0x000, 0x200, 0x000, 0x030, 0x630, 0x000, 0x200, 0x200, 0x400, 0x400, 0x000, 0x000 } }, /* 汁 */
	{ 0xD6AE, { 0x000, 0x080, 0x040, 0x000, 0x030, 0x020, 0x040, 0x080, 0x300, 0x480, 0x03C, 0x000 } }, /* 之 */
	{ 0xD6AF, { 0x200, 0x27C, 0x444, 0x544, 0x244, 0x27C, 0x700, 0x028, 0x7C4, 0x080, 0x000, 0x000 } }, /* 织 */
	{ 0xD6B0, { 0x780, 0x56C, 0x504, 0x504, 0x544, 0x73C, 0x500, 0x7A8, 0x144, 0x180, 0x000, 0x000 } }, /* 职 */
	{ 0xD6B1, { 0x000, 0x040, 0x7FC, 0x040, 0x3F8, 0x3F8, 0x208, 0x318, 0x3F8, 0x208, 0x7FC, 0x000 } }, /* 直 */
	{ 0xD6B2, { 0x000, 0x200, 0x2FC, 0x700, 0x278, 0x678, 0x748, 0x248, 0x278, 0x2CC, 0x200, 0x000 } }, /* 植 */
	{ 0xD6B3, { 0x000, 0x000, 0x77C, 0x210, 0x278, 0x578, 0x540, 0x348, 0x278, 0x444, 0x0FC, 0x000 } }, /* 殖 */
	{ 0xD6B4, { 0x220, 0x220, 0x278, 0x228, 0x228, 0x668, 0x228, 0x248, 0x28C, 0x684, 0x000, 0x000 } }, /* 执 */
	{ 0xD6B5, { 0x000, 0x020, 0x2FC, 0x220, 0x6F8, 0x6F8, 0x288, 0x2C8, 0x2F8, 0x288, 0x200, 0x000 } }, /* 值 */
	{ 0xD6B6, { 0x000, 0x300, 0x2FC, 0x260, 0x648, 0x6FC, 0x220, 0x2FC, 0x220, 0x220, 0x200, 0x000 } }, /* 侄 */
	{ 0xD6B7, { 0x000, 0x210, 0x210, 0x250, 0x75C, 0x250, 0x250, 0x250, 0x750, 0x450, 0x000, 0x000 } }, /* 址 */
	{ 0xD6B8, { 0x200, 0x258, 0x240, 0x244, 0x27C, 0x37C, 0x244, 0x24C, 0x24C, 0x644, 0x000, 0x000 } }, /* 指 */
	{ 0xD6B9, { 0x000, 0x000, 0x040, 0x040, 0x278, 0x240, 0x240, 0x240, 0x240, 0x360, 0x000, 0x000 } }, /* 止 */
	{ 0xD6BA, { 0x000, 0x000, 0x788, 0x488, 0x78C, 0x308, 0x508, 0x508, 0x408, 0x728, 0x07C, 0x000 } }, /* 趾 */
	{ 0xD6BB, { 0x000, 0x318, 0x208, 0x208, 0x208, 0x3F8, 0x000, 0x110, 0x208, 0x404, 0x000, 0x000 } }, /* 只 */
	{ 0xD6BC, { 0x000, 0x000, 0x2F0, 0x200, 0x208, 0x000, 0x3F8, 0x208, 0x3F8, 0x208, 0x208, 0x000 } }, /* 旨 */
	{ 0xD6BD, { 0x000, 0x208, 0x250, 0x450, 0x550, 0x27C, 0x250, 0x650, 0x048, 0x66C, 0x044, 0x000 } }, /* 纸 */
	{ 0xD6BE, { 0x000, 0x040, 0x040, 0x7FC, 0x040, 0x3F8, 0x000, 0x048, 0x504, 0x510, 0x0F0, 0x000 } }, /* 志 */
	{ 0xD6BF, { 0x220, 0x778, 0x228, 0x668, 0x284, 0x3F8, 0x040, 0x040, 0x7FC, 0x0C0, 0x000, 0x000 } }, /* 挚 */
	{ 0xD6C0, { 0x200, 0x2AC, 0x644, 0x2E4, 0x248, 0x6F4, 0x244, 0x2E4, 0x2B4, 0x400, 0x000, 0x000 } }, /* 掷 */
	{ 0xD6C1, { 0x000, 0x000, 0x3F8, 0x080, 0x110, 0x3F8, 0x040, 0x248, 0x040, 0x040, 0x7FC, 0x000 } }, /* 至 */
	{ 0xD6C2, { 0x000, 0x220, 0x23C, 0x4A8, 0x768, 0x028, 0x798, 0x010, 0x3B8, 0x044, 0x000, 0x000 } }, /* 致 */
	{ 0xD6C3, { 0x000, 0x3F8, 0x0A4, 0x3F8, 0x7FC, 0x040, 0x308, 0x118, 0x1F8, 0x1F8, 0x7FC, 0x000 } }, /* 置 */
	{ 0xD6C4, { 0x200, 0x27C, 0x7C4, 0x6C4, 0x6C4, 0x6FC, 0x680, 0x7A8, 0x244, 0x240, 0x000, 0x000 } }, /* 帜 */
	{ 0xD6C5, { 0x210, 0x238, 0x210, 0x210, 0x2CC, 0x208, 0x20C, 0x308, 0x508, 0x018, 0x000, 0x000 } }, /* 峙 */
	{ 0xD6C6, { 0x000, 0x104, 0x504, 0x7D4, 0x114, 0x114, 0x114, 0x554, 0x554, 0x544, 0x10C, 0x000 } }, /* 制 */
	{ 0xD6C7, { 0x000, 0x200, 0x3DC, 0x504, 0x7E4, 0x3DC, 0x600, 0x108, 0x1F8, 0x008, 0x1F8, 0x000 } }, /* 智 */
	{ 0xD6C8, { 0x000, 0x310, 0x250, 0x27C, 0x7D0, 0x210, 0x77C, 0x610, 0x228, 0x24C, 0x2C4, 0x000 } }, /* 秩 */
	{ 0xD6C9, { 0x000, 0x108, 0x640, 0x27C, 0x7C0, 0x2FC, 0x740, 0x67C, 0x240, 0x258, 0x240, 0x000 } }, /* 稚 */
	{ 0xD6CA, { 0x008, 0x3E0, 0x220, 0x220, 0x260, 0x288, 0x228, 0x420, 0x458, 0x184, 0x000, 0x000 } }, /* 质 */
	{ 0xD6CB, { 0x080, 0x1F8, 0x210, 0x160, 0x1C0, 0x640, 0x248, 0x2E0, 0x130, 0x60C, 0x000, 0x000 } }, /* 炙 */
	{ 0xD6CC, { 0x000, 0x020, 0x3FC, 0x220, 0x6F8, 0x220, 0x60C, 0x2FC, 0x208, 0x248, 0x418, 0x000 } }, /* 痔 */
	{ 0xD6CD, { 0x0A8, 0x4FC, 0x0A8, 0x000, 0x5FC, 0x120, 0x0FC, 0x4A4, 0x4A8, 0x020, 0x000, 0x000 } }, /* 滞 */
	{ 0xD6CE, { 0x020, 0x220, 0x048, 0x48C, 0x280, 0x000, 0x28C, 0x284, 0x4FC, 0x484, 0x000, 0x000 } }, /* 治 */
	{ 0xD6CF, { 0x000, 0x040, 0x7FC, 0x534, 0x208, 0x3F8, 0x118, 0x340, 0x3F8, 0x040, 0x7FC, 0x000 } }, /* 窒 */
	{ 0xD6D0, { 0x040, 0x040, 0x3F8, 0x444, 0x444, 0x64C, 0x444, 0x040, 0x040, 0x040, 0x000, 0x000 } }, /* 中 */
	{ 0xD6D1, { 0x000, 0x040, 0x3F8, 0x248, 0x248, 0x3F8, 0x040, 0x3F8, 0x2A8, 0x2A8, 0x7FC, 0x000 } }, /* 盅 */
	{ 0xD6D2, { 0x000, 0x040, 0x040, 0x248, 0x248, 0x3F8, 0x040, 0x140, 0x524, 0x510, 0x1F0, 0x000 } }, /* 忠 */
	{ 0xD6D3, { 0x210, 0x210, 0x77C, 0x454, 0x254, 0x754, 0x27C, 0x210, 0x310, 0x210, 0x000, 0x000 } }, /* 钟 */
	{ 0xD6D4, { 0x000, 0x040, 0x7FC, 0x040, 0x248, 0x3F8, 0x040, 0x088, 0x330, 0x558, 0x184, 0x000 } }, /* 衷 */
	{ 0xD6D5, { 0x220, 0x238, 0x468, 0x5A8, 0x610, 0x068, 0x730, 0x008, 0x330, 0x008, 0x000, 0x000 } }, /* 终 */
	{ 0xD6D6, { 0x000, 0x110, 0x610, 0x27C, 0x754, 0x254, 0x3D4, 0x67C, 0x610, 0x210, 0x210, 0x000 } }, /* 种 */
	{ 0xD6D7, { 0x010, 0x510, 0x47C, 0x754, 0x454, 0x754, 0x57C, 0x410, 0x510, 0x110, 0x000, 0x000 } }, /* 肿 */
	{ 0xD6D8, { 0x000, 0x000, 0x3C0, 0x7FC, 0x040, 0x248, 0x3F8, 0x3F8, 0x040, 0x040, 0x7FC, 0x000 } }, /* 重 */
	{ 0xD6D9, { 0x000, 0x110, 0x110, 0x2FC, 0x294, 0x694, 0x294, 0x2FC, 0x210, 0x210, 0x210, 0x000 } }, /* 仲 */
	{ 0xD6DA, { 0x000, 0x0C0, 0x1A0, 0x318, 0x400, 0x110, 0x110, 0x2B0, 0x628, 0x444, 0x000, 0x000 } }, /* 众 */
	{ 0xD6DB, { 0x000, 0x040, 0x0C0, 0x108, 0x048, 0x008, 0x7FC, 0x208, 0x248, 0x208, 0x410, 0x000 } }, /* 舟 */
	{ 0xD6DC, { 0x000, 0x244, 0x2E4, 0x244, 0x3F4, 0x004, 0x0B4, 0x494, 0x404, 0x418, 0x000, 0x000 } }, /* 周 */
	{ 0xD6DD, { 0x000, 0x104, 0x104, 0x504, 0x594, 0x44C, 0x004, 0x204, 0x204, 0x400, 0x000, 0x000 } }, /* 州 */
	{ 0xD6DE, { 0x000, 0x000, 0x284, 0x094, 0x5D4, 0x3FC, 0x1BC, 0x294, 0x294, 0x494, 0x104, 0x000 } }, /* 洲 */
	{ 0xD6DF, { 0x000, 0x020, 0x278, 0x048, 0x088, 0x27C, 0x204, 0x204, 0x304, 0x204, 0x0FC, 0x000 } }, /* 诌 */
	{ 0xD6E0, { 0x64C, 0x144, 0x0E4, 0x64C, 0x4E0, 0x64C, 0x2E4, 0x344, 0x244, 0x648, 0x000, 0x000 } }, /* 粥 */
	{ 0xD6E1, { 0x000, 0x210, 0x210, 0x67C, 0x454, 0x554, 0x37C, 0x154, 0x754, 0x17C, 0x144, 0x000 } }, /* 轴 */
	{ 0xD6E2, { 0x008, 0x788, 0x488, 0x78C, 0x488, 0x7A8, 0x488, 0x488, 0x488, 0x118, 0x000, 0x000 } }, /* 肘 */
	{ 0xD6E3, { 0x000, 0x3F8, 0x008, 0x008, 0x3F8, 0x000, 0x444, 0x3F8, 0x248, 0x248, 0x040, 0x000 } }, /* 帚 */
	{ 0xD6E4, { 0x000, 0x000, 0x4A8, 0x4A0, 0x3B8, 0x000, 0x120, 0x100, 0x100, 0x214, 0x400, 0x000 } }, /* 咒 */
	{ 0xD6E5, { 0x000, 0x010, 0x710, 0x574, 0x050, 0x77C, 0x064, 0x758, 0x158, 0x7D8, 0x0A4, 0x000 } }, /* 皱 */
	{ 0xD6E6, { 0x000, 0x040, 0x040, 0x444, 0x040, 0x3F8, 0x248, 0x3F8, 0x248, 0x248, 0x208, 0x000 } }, /* 宙 */
	{ 0xD6E7, { 0x000, 0x3F8, 0x208, 0x3F8, 0x210, 0x218, 0x70C, 0x1F8, 0x118, 0x000, 0x7FC, 0x000 } }, /* 昼 */
	{ 0xD6E8, { 0x000, 0x67C, 0x464, 0x46C, 0x4F8, 0x708, 0x154, 0x578, 0x134, 0x2D0, 0x000, 0x000 } }, /* 骤 */
	{ 0xD6E9, { 0x000, 0x000, 0x750, 0x2FC, 0x290, 0x730, 0x230, 0x278, 0x358, 0x494, 0x000, 0x000 } }, /* 珠 */
	{ 0xD6EA, { 0x000, 0x210, 0x250, 0x77C, 0x210, 0x27C, 0x730, 0x218, 0x258, 0x294, 0x210, 0x000 } }, /* 株 */
	{ 0xD6EB, { 0x000, 0x210, 0x250, 0x77C, 0x790, 0x77C, 0x730, 0x238, 0x358, 0x4D4, 0x090, 0x000 } }, /* 蛛 */
	{ 0xD6EC, { 0x000, 0x040, 0x240, 0x3F8, 0x440, 0x7FC, 0x0E0, 0x150, 0x258, 0x64C, 0x040, 0x000 } }, /* 朱 */
	{ 0xD6ED, { 0x020, 0x774, 0x228, 0x4FC, 0x030, 0x37C, 0x5C4, 0x17C, 0x244, 0x644, 0x000, 0x000 } }, /* 猪 */
	{ 0xD6EE, { 0x000, 0x400, 0x2F8, 0x008, 0x5FC, 0x020, 0x07C, 0x084, 0x2FC, 0x444, 0x07C, 0x000 } }, /* 诸 */
	{ 0xD6EF, { 0x000, 0x400, 0x250, 0x0F8, 0x400, 0x2FC, 0x230, 0x250, 0x348, 0x384, 0x000, 0x000 } }, /* 诛 */
	{ 0xD6F0, { 0x000, 0x000, 0x4FC, 0x260, 0x0A8, 0x650, 0x2B8, 0x254, 0x210, 0x720, 0x07C, 0x000 } }, /* 逐 */
	{ 0xD6F1, { 0x210, 0x210, 0x220, 0x728, 0x448, 0x008, 0x008, 0x008, 0x008, 0x018, 0x000, 0x000 } }, /* 竹 */
	{ 0xD6F2, { 0x210, 0x210, 0x27C, 0x754, 0x254, 0x274, 0x250, 0x314, 0x414, 0x0E4, 0x000, 0x000 } }, /* 烛 */
	{ 0xD6F3, { 0x000, 0x3F8, 0x0F0, 0x0C0, 0x3F8, 0x7F8, 0x108, 0x030, 0x4A4, 0x494, 0x000, 0x000 } }, /* 煮 */
	{ 0xD6F4, { 0x000, 0x210, 0x210, 0x77C, 0x210, 0x210, 0x67C, 0x210, 0x210, 0x210, 0x6FC, 0x000 } }, /* 拄 */
	{ 0xD6F5, { 0x0FC, 0xA84, 0x68C, 0x290, 0x2FC, 0x6FC, 0x290, 0xF5C, 0x17C, 0x144, 0x000, 0x000 } }, /* 瞩 */
	{ 0xD6F6, { 0x0FC, 0x684, 0x28C, 0x290, 0x2FC, 0x6FC, 0x690, 0x15C, 0x17C, 0x044, 0x000, 0x000 } }, /* 嘱 */
	{ 0xD6F7, { 0x000, 0x080, 0x040, 0x7FC, 0x040, 0x040, 0x3F8, 0x040, 0x040, 0x040, 0x000, 0x000 } }, /* 主 */
	{ 0xD6F8, { 0x100, 0x7FC, 0x000, 0x3F8, 0x0F0, 0x0C0, 0x1F8, 0x708, 0x108, 0x1F8, 0x000, 0x000 } }, /* 著 */
	{ 0xD6F9, { 0x000, 0x210, 0x210, 0x77C, 0x210, 0x310, 0x7FC, 0x610, 0x210, 0x210, 0x200, 0x000 } }, /* 柱 */
	{ 0xD6FA, { 0x000, 0x010, 0x790, 0x4BC, 0x794, 0x494, 0x494, 0x4A4, 0x4A4, 0x764, 0x048, 0x000 } }, /* 助 */
	{ 0xD6FB, { 0x000, 0x210, 0x200, 0x7FC, 0x690, 0x690, 0x7BC, 0x210, 0x290, 0x790, 0x07C, 0x000 } }, /* 蛀 */
	{ 0xD6FC, { 0x010, 0x790, 0x4FC, 0x6C4, 0x6C4, 0x680, 0x680, 0x200, 0x500, 0x400, 0x000, 0x000 } }, /* 贮 */
	{ 0xD6FD, { 0x210, 0x230, 0x410, 0x47C, 0x220, 0x72C, 0x23C, 0x268, 0x348, 0x008, 0x000, 0x000 } }, /* 铸 */
	{ 0xD6FE, { 0x000, 0x220, 0x7BC, 0x508, 0x000, 0x748, 0x248, 0x248, 0x3C8, 0x488, 0x08C, 0x000 } }, /* 筑 */
	{ 0xD7A1, { 0x000, 0x120, 0x200, 0x2FC, 0x620, 0x220, 0x2F8, 0x220, 0x220, 0x220, 0x2FC, 0x000 } }, /* 住 */
	{ 0xD7A2, { 0x000, 0x020, 0x200, 0x0FC, 0x420, 0x220, 0x0FC, 0x220, 0x220, 0x420, 0x4FC, 0x000 } }, /* 注 */
	{ 0xD7A3, { 0x000, 0x278, 0x044, 0x704, 0x144, 0x278, 0x710, 0x610, 0x250, 0x250, 0x28C, 0x000 } }, /* 祝 */
	{ 0xD7A4, { 0x010, 0x700, 0x17C, 0x510, 0x510, 0x7BC, 0x090, 0x610, 0x010, 0x37C, 0x000, 0x000 } }, /* 驻 */
	{ 0xD7A5, { 0x200, 0x278, 0x2A8, 0x2A8, 0x2A8, 0x6A8, 0x2A8, 0x2A4, 0x2A4, 0x720, 0x000, 0x000 } }, /* 抓 */
	{ 0xD7A6, { 0x000, 0x008, 0x3F0, 0x250, 0x250, 0x250, 0x250, 0x248, 0x248, 0x444, 0x440, 0x000 } }, /* 爪 */
	{ 0xD7A7, { 0x000, 0x220, 0x278, 0x2A4, 0x2FC, 0x2A4, 0x6F8, 0x204, 0x218, 0x278, 0x60C, 0x000 } }, /* 拽 */
	{ 0xD7A8, { 0x000, 0x040, 0x0C0, 0x0C0, 0x080, 0x584, 0x180, 0x018, 0x010, 0x0E0, 0x030, 0x000 } }, /* 专 */
	{ 0xD7A9, { 0x010, 0x710, 0x230, 0x220, 0x7A0, 0x420, 0x00C, 0x308, 0x030, 0x008, 0x000, 0x000 } }, /* 砖 */
	{ 0xD7AA, { 0x210, 0x210, 0x630, 0x420, 0x520, 0x720, 0x10C, 0x708, 0x030, 0x108, 0x000, 0x000 } }, /* 转 */
	{ 0xD7AB, { 0x2DC, 0x294, 0x6D8, 0x2B4, 0x240, 0x6F8, 0x248, 0x2FC, 0x248, 0x484, 0x000, 0x000 } }, /* 撰 */
	{ 0xD7AC, { 0x000, 0x008, 0x77C, 0x130, 0x37C, 0x33C, 0x334, 0x778, 0x278, 0x574, 0x4B0, 0x000 } }, /* 赚 */
	{ 0xD7AD, { 0x220, 0x3FC, 0x500, 0x1F0, 0x1F0, 0x7FC, 0x350, 0x3F0, 0x1E8, 0x640, 0x000, 0x000 } }, /* 篆 */
	{ 0xD7AE, { 0x000, 0x210, 0x210, 0x240, 0x248, 0x248, 0x75C, 0x648, 0x248, 0x288, 0x2BC, 0x000 } }, /* 桩 */
	{ 0xD7AF, { 0x000, 0x040, 0x3FC, 0x200, 0x220, 0x220, 0x2F8, 0x020, 0x420, 0x420, 0x400, 0x000 } }, /* 庄 */
	{ 0xD7B0, { 0x000, 0x010, 0x0FC, 0x090, 0x3B8, 0x000, 0x040, 0x0C0, 0x128, 0x790, 0x18C, 0x000 } }, /* 装 */
	{ 0xD7B1, { 0x000, 0x000, 0x120, 0x520, 0x17C, 0x108, 0x348, 0x528, 0x518, 0x124, 0x140, 0x000 } }, /* 妆 */
	{ 0xD7B2, { 0x000, 0x220, 0x278, 0x638, 0x200, 0x274, 0x67C, 0x27C, 0x230, 0x230, 0x4FC, 0x000 } }, /* 撞 */
	{ 0xD7B3, { 0x000, 0x100, 0x110, 0x510, 0x174, 0x110, 0x310, 0x510, 0x510, 0x130, 0x100, 0x000 } }, /* 壮 */
	{ 0xD7B4, { 0x100, 0x108, 0x500, 0x17C, 0x130, 0x330, 0x530, 0x148, 0x14C, 0x184, 0x000, 0x000 } }, /* 状 */
	{ 0xD7B5, { 0x000, 0x200, 0x240, 0x77C, 0x2C0, 0x27C, 0x740, 0x67C, 0x240, 0x27C, 0x240, 0x000 } }, /* 椎 */
	{ 0xD7B6, { 0x200, 0x240, 0x77C, 0x4C0, 0x27C, 0x240, 0x67C, 0x240, 0x37C, 0x240, 0x000, 0x000 } }, /* 锥 */
	{ 0xD7B7, { 0x000, 0x020, 0x660, 0x288, 0x0F8, 0x680, 0x2FC, 0x284, 0x28C, 0x700, 0x07C, 0x000 } }, /* 追 */
	{ 0xD7B8, { 0x000, 0x110, 0x7D0, 0x3AC, 0x798, 0x298, 0x4A4, 0x208, 0x248, 0x090, 0x30C, 0x000 } }, /* 赘 */
	{ 0xD7B9, { 0x000, 0x390, 0x590, 0x510, 0x4B8, 0x5AC, 0x440, 0x040, 0x3F8, 0x040, 0x7FC, 0x000 } }, /* 坠 */
	{ 0xD7BA, { 0x200, 0x424, 0x47C, 0xE6C, 0x290, 0x4FC, 0x614, 0x0DC, 0x6E8, 0x094, 0x000, 0x000 } }, /* 缀 */
	{ 0xD7BB, { 0x000, 0x020, 0x2FC, 0x078, 0x480, 0x078, 0x0FC, 0x018, 0x2FC, 0x410, 0x030, 0x000 } }, /* 谆 */
	{ 0xD7BC, { 0x010, 0x490, 0x2FC, 0x190, 0x1FC, 0x290, 0x0FC, 0x490, 0x4FC, 0x080, 0x000, 0x000 } }, /* 准 */
	{ 0xD7BD, { 0x200, 0x24C, 0x244, 0x24C, 0x210, 0x710, 0x21C, 0x2D0, 0x2F0, 0x61C, 0x000, 0x000 } }, /* 捉 */
	{ 0xD7BE, { 0x000, 0x210, 0x214, 0x214, 0x214, 0x27C, 0x610, 0x294, 0x294, 0x294, 0x4E4, 0x000 } }, /* 拙 */
	{ 0xD7BF, { 0x040, 0x07C, 0x0C0, 0x208, 0x3F8, 0x208, 0x040, 0x7FC, 0x040, 0x040, 0x000, 0x000 } }, /* 卓 */
	{ 0xD7C0, { 0x000, 0x040, 0x078, 0x3F8, 0x208, 0x208, 0x3F8, 0x7FC, 0x0E0, 0x358, 0x440, 0x000 } }, /* 桌 */
	{ 0xD7C1, { 0x000, 0x720, 0x240, 0x2A8, 0x6F8, 0x2D8, 0x270, 0x754, 0x190, 0x020, 0x000, 0x000 } }, /* 琢 */
	{ 0xD7C2, { 0x000, 0x100, 0x7FC, 0x100, 0x248, 0x248, 0x3F8, 0x040, 0x444, 0x44C, 0x00C, 0x000 } }, /* 茁 */
	{ 0xD7C3, { 0x000, 0x010, 0x390, 0x33C, 0x7E4, 0x644, 0x6D4, 0x444, 0x7C4, 0x7C4, 0x40C, 0x000 } }, /* 酌 */
	{ 0xD7C4, { 0x000, 0x620, 0x060, 0x0A8, 0x078, 0x1D8, 0x670, 0x054, 0x190, 0x020, 0x000, 0x000 } }, /* 啄 */
	{ 0xD7C5, { 0x000, 0x010, 0x7FC, 0x0C0, 0x080, 0x7FC, 0x1F8, 0x308, 0x508, 0x108, 0x108, 0x000 } }, /* 着 */
	{ 0xD7C6, { 0x220, 0x220, 0x2BC, 0x744, 0x604, 0x224, 0x304, 0x284, 0x404, 0x40C, 0x000, 0x000 } }, /* 灼 */
	{ 0xD7C7, { 0x020, 0x620, 0x0FC, 0x0A4, 0x6A4, 0x0BC, 0x2A0, 0x020, 0x424, 0x5E4, 0x000, 0x000 } }, /* 浊 */
	{ 0xD7C8, { 0x000, 0x010, 0x000, 0x7FC, 0x110, 0x220, 0x6A8, 0x110, 0x210, 0x2A4, 0x6B4, 0x000 } }, /* 兹 */
	{ 0xD7C9, { 0x000, 0x040, 0x678, 0x0A8, 0x020, 0x250, 0x48C, 0x3F0, 0x208, 0x318, 0x208, 0x000 } }, /* 咨 */
	{ 0xD7CA, { 0x040, 0x2FC, 0x020, 0x230, 0x4CC, 0x3F8, 0x208, 0x248, 0x090, 0x70C, 0x000, 0x000 } }, /* 资 */
	{ 0xD7CB, { 0x000, 0x040, 0x2FC, 0x020, 0x250, 0x48C, 0x080, 0x7FC, 0x120, 0x0F0, 0x308, 0x000 } }, /* 姿 */
	{ 0xD7CC, { 0x000, 0x008, 0x650, 0x1FC, 0x488, 0x410, 0x154, 0x198, 0x488, 0x5C4, 0x51C, 0x000 } }, /* 滋 */
	{ 0xD7CD, { 0x094, 0x6A4, 0x128, 0x494, 0x600, 0x0B4, 0x2B4, 0x2B4, 0x4B4, 0x484, 0x000, 0x000 } }, /* 淄 */
	{ 0xD7CE, { 0x020, 0x7A0, 0x13C, 0x248, 0x3C8, 0x628, 0x230, 0x210, 0x228, 0x6C4, 0x000, 0x000 } }, /* 孜 */
	{ 0xD7CF, { 0x000, 0x120, 0x5B8, 0x120, 0x7BC, 0x080, 0x3E0, 0x188, 0x3C4, 0x358, 0x4C4, 0x000 } }, /* 紫 */
	{ 0xD7D0, { 0x100, 0x27C, 0x218, 0x610, 0x6FC, 0x230, 0x210, 0x210, 0x210, 0x220, 0x000, 0x000 } }, /* 仔 */
	{ 0xD7D1, { 0x000, 0x03C, 0x084, 0x598, 0x310, 0x3FC, 0x390, 0x690, 0x410, 0x010, 0x030, 0x000 } }, /* 籽 */
	{ 0xD7D2, { 0x000, 0x020, 0x2FC, 0x000, 0x0FC, 0x648, 0x058, 0x230, 0x030, 0x430, 0x000, 0x000 } }, /* 滓 */
	{ 0xD7D3, { 0x000, 0x000, 0x018, 0x020, 0x040, 0x044, 0x040, 0x040, 0x040, 0x040, 0x0C0, 0x000 } }, /* 子 */
	{ 0xD7D4, { 0x000, 0x080, 0x080, 0x208, 0x208, 0x3F8, 0x208, 0x3F8, 0x208, 0x3F8, 0x208, 0x000 } }, /* 自 */
	{ 0xD7D5, { 0x020, 0x2FC, 0x030, 0x420, 0x2FC, 0x0FC, 0x284, 0x4A4, 0x428, 0x584, 0x000, 0x000 } }, /* 渍 */
	{ 0xD7D6, { 0x000, 0x040, 0x7FC, 0x404, 0x1F0, 0x030, 0x040, 0x7FC, 0x040, 0x040, 0x0C0, 0x000 } }, /* 字 */
	{ 0xD7D7, { 0x3C0, 0x3B0, 0x398, 0x6C4, 0x7B0, 0x7FC, 0x1F4, 0x3F8, 0x150, 0x44C, 0x000, 0x000 } }, /* 鬃 */
	{ 0xD7D8, { 0x000, 0x210, 0x27C, 0x744, 0x238, 0x300, 0x6FC, 0x210, 0x258, 0x294, 0x230, 0x000 } }, /* 棕 */
	{ 0xD7D9, { 0x000, 0x010, 0x57C, 0x504, 0x738, 0x200, 0x77C, 0x610, 0x650, 0x7D4, 0x0B0, 0x000 } }, /* 踪 */
	{ 0xD7DA, { 0x000, 0x040, 0x3F8, 0x404, 0x110, 0x000, 0x404, 0x040, 0x150, 0x64C, 0x0C0, 0x000 } }, /* 宗 */
	{ 0xD7DB, { 0x010, 0x27C, 0x484, 0x500, 0x200, 0x000, 0x710, 0x050, 0x354, 0x0B0, 0x000, 0x000 } }, /* 综 */
	{ 0xD7DC, { 0x000, 0x000, 0x120, 0x3F8, 0x208, 0x208, 0x3F0, 0x040, 0x544, 0x500, 0x1F0, 0x000 } }, /* 总 */
	{ 0xD7DD, { 0x240, 0x248, 0x548, 0x748, 0x248, 0x058, 0x738, 0x094, 0x6A4, 0x120, 0x000, 0x000 } }, /* 纵 */
	{ 0xD7DE, { 0x000, 0x200, 0x39C, 0x484, 0x084, 0x7C8, 0x044, 0x7C4, 0x044, 0x7C0, 0x000, 0x000 } }, /* 邹 */
	{ 0xD7DF, { 0x040, 0x040, 0x040, 0x040, 0x7FC, 0x040, 0x078, 0x340, 0x2C0, 0x43C, 0x000, 0x000 } }, /* 走 */
	{ 0xD7E0, { 0x000, 0x040, 0x3FC, 0x0C0, 0x080, 0x190, 0x3F8, 0x644, 0x040, 0x0B0, 0x300, 0x000 } }, /* 奏 */
	{ 0xD7E1, { 0x220, 0x2FC, 0x278, 0x220, 0x278, 0x67C, 0x280, 0x278, 0x230, 0x4C4, 0x000, 0x000 } }, /* 揍 */
	{ 0xD7E2, { 0x000, 0x000, 0x748, 0x000, 0x738, 0x200, 0x388, 0x6E8, 0x400, 0x06C, 0x000, 0x000 } }, /* 租 */
	{ 0xD7E3, { 0x1F8, 0x208, 0x208, 0x3F8, 0x040, 0x240, 0x240, 0x240, 0x5C0, 0x43C, 0x000, 0x000 } }, /* 足 */
	{ 0xD7E4, { 0x000, 0x040, 0x7FC, 0x110, 0x110, 0x3B8, 0x620, 0x040, 0x444, 0x040, 0x040, 0x000 } }, /* 卒 */
	{ 0xD7E5, { 0x000, 0x220, 0x07C, 0x7C0, 0x220, 0x370, 0x210, 0x07C, 0x410, 0x528, 0x044, 0x000 } }, /* 族 */
	{ 0xD7E6, { 0x200, 0x078, 0x740, 0x148, 0x248, 0x740, 0x678, 0x240, 0x248, 0x2FC, 0x000, 0x000 } }, /* 祖 */
	{ 0xD7E7, { 0x000, 0x000, 0x278, 0x048, 0x448, 0x248, 0x248, 0x278, 0x348, 0x248, 0x0FC, 0x000 } }, /* 诅 */
	{ 0xD7E8, { 0x000, 0x000, 0x578, 0x548, 0x648, 0x548, 0x548, 0x578, 0x448, 0x448, 0x4FC, 0x000 } }, /* 阻 */
	{ 0xD7E9, { 0x000, 0x000, 0x078, 0x540, 0x548, 0x248, 0x040, 0x778, 0x040, 0x740, 0x0FC, 0x000 } }, /* 组 */
	{ 0xD7EA, { 0x000, 0x210, 0x210, 0x79C, 0x410, 0x210, 0x37C, 0x244, 0x244, 0x37C, 0x244, 0x000 } }, /* 钻 */
	{ 0xD7EB, { 0x000, 0x000, 0x3A8, 0x588, 0x1F8, 0x1F8, 0x180, 0x1A8, 0x4D4, 0x150, 0x248, 0x000 } }, /* 纂 */
	{ 0xD7EC, { 0x050, 0x6D8, 0x2D0, 0x2CC, 0x270, 0x2F8, 0x6E8, 0x0A8, 0x0A8, 0x108, 0x000, 0x000 } }, /* 嘴 */
	{ 0xD7ED, { 0x000, 0x010, 0x318, 0x300, 0x7A8, 0x5FC, 0x580, 0x490, 0x798, 0x490, 0x090, 0x000 } }, /* 醉 */
	{ 0xD7EE, { 0x000, 0x000, 0x208, 0x208, 0x000, 0x7FC, 0x280, 0x2A8, 0x288, 0x798, 0x024, 0x000 } }, /* 最 */
	{ 0xD7EF, { 0x000, 0x000, 0x2A8, 0x3F8, 0x0A0, 0x7BC, 0x0A0, 0x3B8, 0x0A0, 0x7BC, 0x0A0, 0x000 } }, /* 罪 */
	{ 0xD7F0, { 0x000, 0x7FC, 0x0A0, 0x2A8, 0x318, 0x208, 0x018, 0x7FC, 0x000, 0x030, 0x000, 0x000 } }, /* 尊 */
	{ 0xD7F1, { 0x000, 0x050, 0x4FC, 0x070, 0x0D8, 0x6F8, 0x2F8, 0x218, 0x208, 0x710, 0x07C, 0x000 } }, /* 遵 */
	{ 0xD7F2, { 0x000, 0x020, 0x720, 0x560, 0x5A0, 0x73C, 0x520, 0x520, 0x53C, 0x420, 0x020, 0x000 } }, /* 昨 */
	{ 0xD7F3, { 0x000, 0x080, 0x080, 0x7FC, 0x080, 0x100, 0x1F8, 0x220, 0x420, 0x420, 0x3FC, 0x000 } }, /* 左 */
	{ 0xD7F4, { 0x000, 0x100, 0x240, 0x2FC, 0x640, 0x640, 0x278, 0x290, 0x310, 0x210, 0x200, 0x000 } }, /* 佐 */
	{ 0xD7F5, { 0x000, 0x220, 0x220, 0x77C, 0x260, 0x33C, 0x7A0, 0x620, 0x23C, 0x220, 0x220, 0x000 } }, /* 柞 */
	{ 0xD7F6, { 0x000, 0x210, 0x25C, 0x6F4, 0x630, 0x2F0, 0x238, 0x2E8, 0x21C, 0x224, 0x000, 0x000 } }, /* 做 */
	{ 0xD7F7, { 0x000, 0x120, 0x240, 0x27C, 0x6A0, 0x63C, 0x220, 0x220, 0x23C, 0x220, 0x220, 0x000 } }, /* 作 */
	{ 0xD7F8, { 0x000, 0x040, 0x048, 0x240, 0x358, 0x544, 0x040, 0x3F8, 0x040, 0x040, 0x7FC, 0x000 } }, /* 坐 */
	{ 0xD7F9, { 0x000, 0x040, 0x3FC, 0x020, 0x0A8, 0x1A8, 0x774, 0x420, 0x420, 0x420, 0x1FC, 0x000 } }, /* 座 */
	{ 0xD8A1, { 0x000, 0x3F8, 0x000, 0x000, 0x064, 0x040, 0x040, 0x040, 0x040, 0x0C0, 0x000, 0x000 } }, /* 亍 */
	{ 0xD8A2, { 0x000, 0x7FC, 0x090, 0x090, 0x110, 0x110, 0x110, 0x210, 0x210, 0x410, 0x000, 0x000 } }, /* 丌 */
	{ 0xD8A3, { 0x000, 0x7FC, 0x120, 0x120, 0x120, 0x120, 0x120, 0x120, 0x224, 0x418, 0x000, 0x000 } }, /* 兀 */
	{ 0xD8A4, { 0x000, 0x040, 0x040, 0x040, 0x440, 0x7FC, 0x004, 0x004, 0x008, 0x038, 0x000, 0x000 } }, /* 丐 */
	{ 0xD8A5, { 0x000, 0x110, 0x110, 0x110, 0x7FC, 0x110, 0x110, 0x110, 0x110, 0x110, 0x110, 0x000 } }, /* 廿 */
	{ 0xD8A6, { 0x000, 0x008, 0x048, 0x048, 0x048, 0x7FC, 0x248, 0x248, 0x248, 0x448, 0x408, 0x000 } }, /* 卅 */
	{ 0xD8A7, { 0x000, 0x000, 0x7FC, 0x040, 0x0C0, 0x158, 0x24C, 0x440, 0x040, 0x000, 0x7FC, 0x000 } }, /* 丕 */
	{ 0xD8A8, { 0x000, 0x000, 0x000, 0x000, 0x318, 0x318, 0x208, 0x318, 0x000, 0x000, 0x7FC, 0x000 } }, /* 亘 */
	{ 0xD8A9, { 0x000, 0x000, 0x018, 0x020, 0x74C, 0x178, 0x150, 0x24C, 0x440, 0x000, 0x7FC, 0x000 } }, /* 丞 */
	{ 0xD8AA, { 0x000, 0x000, 0x3F8, 0x208, 0x000, 0x7FC, 0x4A4, 0x5F4, 0x444, 0x448, 0x000, 0x000 } }, /* 鬲 */
	{ 0xD8AB, { 0x7FC, 0x0C0, 0x158, 0x444, 0x238, 0x788, 0x298, 0x310, 0x190, 0x410, 0x000, 0x000 } }, /* 孬 */
	{ 0xD8AC, { 0x000, 0x7FC, 0x040, 0x75C, 0x358, 0x040, 0x040, 0x35C, 0x35C, 0x040, 0x7FC, 0x000 } }, /* 噩 */
	{ 0xD8AD, { 0x000, 0x040, 0x040, 0x040, 0x040, 0x040, 0x040, 0x040, 0x040, 0x040, 0x040, 0x000 } }, /* 丨 */
	{ 0xD8AE, { 0x3F8, 0x248, 0x3F8, 0x248, 0x040, 0x7FC, 0x444, 0x4F4, 0x404, 0x40C, 0x000, 0x000 } }, /* 禺 */
	{ 0xD8AF, { 0x040, 0x040, 0x040, 0x040, 0x040, 0x040, 0x0C0, 0x080, 0x100, 0x200, 0x000, 0x000 } }, /* 丿 */
	{ 0xD8B0, { 0x000, 0x200, 0x208, 0x218, 0x260, 0x300, 0x200, 0x200, 0x204, 0x204, 0x3F8, 0x000 } }, /* 匕 */
	{ 0xD8B1, { 0x000, 0x018, 0x1E0, 0x000, 0x000, 0x0FC, 0x6C0, 0x000, 0x000, 0x044, 0x078, 0x000 } }, /* 乇 */
	{ 0xD8B2, { 0x000, 0x008, 0x3E0, 0x040, 0x040, 0x7FC, 0x040, 0x0A0, 0x190, 0x308, 0x404, 0x000 } }, /* 夭 */
	{ 0xD8B3, { 0x000, 0x010, 0x1A0, 0x0E0, 0x198, 0x200, 0x110, 0x1A0, 0x0C0, 0x1B0, 0x60C, 0x000 } }, /* 爻 */
	{ 0xD8B4, { 0x000, 0x038, 0x200, 0x200, 0x200, 0x200, 0x288, 0x098, 0x480, 0x484, 0x4F8, 0x000 } }, /* 卮 */
	{ 0xD8B5, { 0x000, 0x010, 0x340, 0x040, 0x240, 0x3FC, 0x000, 0x020, 0x320, 0x254, 0x04C, 0x000 } }, /* 氐 */
	{ 0xD8B6, { 0x000, 0x080, 0x080, 0x414, 0x514, 0x4E4, 0x464, 0x4B4, 0x514, 0x404, 0x404, 0x000 } }, /* 囟 */
	{ 0xD8B7, { 0x000, 0x000, 0x0A8, 0x1C8, 0x0A8, 0x008, 0x1E8, 0x1E8, 0x528, 0x52A, 0x12C, 0x000 } }, /* 胤 */
	{ 0xD8B8, { 0x000, 0x208, 0x228, 0x230, 0x338, 0x248, 0x248, 0x278, 0x478, 0x400, 0x0FC, 0x000 } }, /* 馗 */
	{ 0xD8B9, { 0x000, 0x210, 0x7BC, 0x420, 0x6A8, 0x4A0, 0x7B8, 0x4B8, 0x498, 0x1D8, 0x144, 0x000 } }, /* 毓 */
	{ 0xD8BA, { 0x000, 0x080, 0x7BC, 0x7FC, 0x040, 0x040, 0x7FC, 0x010, 0x3F8, 0x7FC, 0x040, 0x000 } }, /* 睾 */
	{ 0xD8BB, { 0x0A8, 0x0B0, 0x4A8, 0x73C, 0x110, 0x110, 0x7BC, 0x488, 0x098, 0x7AC, 0x000, 0x000 } }, /* 鼗 */
	{ 0xD8BC, { 0x000, 0x000, 0x000, 0x080, 0x0C0, 0x060, 0x000, 0x000, 0x000, 0x000, 0x000, 0x000 } }, /* 丶 */
	{ 0xD8BD, { 0x000, 0x000, 0x030, 0x040, 0x758, 0x548, 0x558, 0x55C, 0x060, 0x080, 0x7FC, 0x000 } }, /* 亟 */
	{ 0xD8BE, { 0x7F0, 0x10C, 0x1F0, 0x714, 0x110, 0x5F4, 0x604, 0x0A0, 0x2A4, 0x4A4, 0x000, 0x000 } }, /* 鼐 */
	{ 0xD8BF, { 0x000, 0x100, 0x100, 0x118, 0x1E8, 0x708, 0x108, 0x130, 0x100, 0x104, 0x0F8, 0x000 } }, /* 乜 */
	{ 0xD8C0, { 0x000, 0x100, 0x110, 0x1D0, 0x110, 0x110, 0x4D0, 0x450, 0x450, 0x7D4, 0x41C, 0x000 } }, /* 乩 */
	{ 0xD8C1, { 0x000, 0x3F8, 0x000, 0x000, 0x1B0, 0x110, 0x110, 0x110, 0x210, 0x410, 0x000, 0x000 } }, /* 亓 */
	{ 0xD8C2, { 0x040, 0x150, 0x75C, 0x150, 0x150, 0x040, 0x040, 0x040, 0x040, 0x040, 0x000, 0x000 } }, /* 芈 */
	{ 0xD8C3, { 0x040, 0x7FC, 0x040, 0x7FC, 0x404, 0x030, 0x060, 0x040, 0x040, 0x0C0, 0x000, 0x000 } }, /* 孛 */
	{ 0xD8C4, { 0x040, 0x7FC, 0x048, 0x75C, 0x000, 0x3F8, 0x2E0, 0x2B0, 0x208, 0x3F8, 0x000, 0x000 } }, /* 啬 */
	{ 0xD8C5, { 0x000, 0x26C, 0x224, 0x2A4, 0x24C, 0x24C, 0x204, 0x564, 0x508, 0x71C, 0x500, 0x000 } }, /* 嘏 */
	{ 0xD8C6, { 0x000, 0x3FC, 0x220, 0x220, 0x220, 0x260, 0x260, 0x4D0, 0x48C, 0x504, 0x000, 0x000 } }, /* 仄 */
	{ 0xD8C7, { 0x3FC, 0x200, 0x040, 0x0C0, 0x0A0, 0x1F8, 0x020, 0x7FC, 0x420, 0x020, 0x000, 0x000 } }, /* 厍 */
	{ 0xD8C8, { 0x3FC, 0x000, 0x1F8, 0x050, 0x3FC, 0x000, 0x088, 0x4F8, 0x488, 0x088, 0x000, 0x000 } }, /* 厝 */
	{ 0xD8C9, { 0x3FC, 0x028, 0x1FC, 0x050, 0x18C, 0x1F8, 0x528, 0x520, 0x5F8, 0x020, 0x000, 0x000 } }, /* 厣 */
	{ 0xD8CA, { 0x3FC, 0x400, 0x150, 0x1DC, 0x484, 0x580, 0x5C8, 0x498, 0x484, 0x120, 0x000, 0x000 } }, /* 厥 */
	{ 0xD8CB, { 0x3FC, 0x404, 0x550, 0x550, 0x5DC, 0x5D0, 0x550, 0x5D0, 0x550, 0x224, 0x000, 0x000 } }, /* 厮 */
	{ 0xD8CC, { 0x3FC, 0x400, 0x1FC, 0x098, 0x3FC, 0x440, 0x570, 0x570, 0x550, 0x100, 0x000, 0x000 } }, /* 靥 */
	{ 0xD8CD, { 0x3FC, 0x410, 0x550, 0x750, 0x550, 0x400, 0x4F8, 0x420, 0x458, 0x1C4, 0x000, 0x000 } }, /* 赝 */
	{ 0xD8CE, { 0x000, 0x3F8, 0x400, 0x400, 0x400, 0x400, 0x400, 0x400, 0x400, 0x400, 0x7FC, 0x000 } }, /* 匚 */
	{ 0xD8CF, { 0x000, 0x3FC, 0x400, 0x400, 0x4F8, 0x488, 0x488, 0x4F8, 0x400, 0x400, 0x7FC, 0x000 } }, /* 叵 */
	{ 0xD8D0, { 0x000, 0x7FC, 0x400, 0x590, 0x538, 0x598, 0x488, 0x5E8, 0x4AC, 0x400, 0x7FC, 0x000 } }, /* 匦 */
	{ 0xD8D1, { 0x000, 0x7FC, 0x420, 0x428, 0x4F0, 0x5FC, 0x4F8, 0x508, 0x450, 0x588, 0x7FC, 0x000 } }, /* 匮 */
	{ 0xD8D2, { 0x000, 0x7F8, 0x420, 0x5F8, 0x508, 0x500, 0x5FC, 0x5FC, 0x694, 0x400, 0x7FC, 0x000 } }, /* 匾 */
	{ 0xD8D3, { 0x010, 0x77C, 0x13C, 0x310, 0x27C, 0x33C, 0x154, 0x154, 0x728, 0x0C0, 0x000, 0x000 } }, /* 赜 */
	{ 0xD8D4, { 0x000, 0x110, 0x110, 0x110, 0x110, 0x114, 0x114, 0x7D0, 0x110, 0x3D0, 0x010, 0x000 } }, /* 卦 */
	{ 0xD8D5, { 0x000, 0x000, 0x07C, 0x000, 0x7F8, 0x404, 0x624, 0x424, 0x404, 0x60C, 0x40C, 0x000 } }, /* 卣 */
	{ 0xD8D6, { 0x000, 0x004, 0x004, 0x024, 0x024, 0x024, 0x024, 0x024, 0x004, 0x004, 0x00C, 0x000 } }, /* 刂 */
	{ 0xD8D7, { 0x004, 0x484, 0x4A4, 0x2A4, 0x124, 0x124, 0x2A4, 0x284, 0x444, 0x008, 0x000, 0x000 } }, /* 刈 */
	{ 0xD8D8, { 0x000, 0x204, 0x204, 0x7F4, 0x5B4, 0x0B4, 0x294, 0x4D4, 0x144, 0x2C4, 0x00C, 0x000 } }, /* 刎 */
	{ 0xD8D9, { 0x004, 0x184, 0x194, 0x2D4, 0x414, 0x7D4, 0x114, 0x114, 0x144, 0x60C, 0x000, 0x000 } }, /* 刭 */
	{ 0xD8DA, { 0x000, 0x100, 0x7C4, 0x084, 0x644, 0x004, 0x7C4, 0x204, 0x3C4, 0x044, 0x184, 0x000 } }, /* 刳 */
	{ 0xD8DB, { 0x104, 0x544, 0x554, 0x7D4, 0x214, 0x3D4, 0x454, 0x184, 0x104, 0x60C, 0x000, 0x000 } }, /* 刿 */
	{ 0xD8DC, { 0x000, 0x100, 0x140, 0xD50, 0x010, 0x7D0, 0x050, 0x7D0, 0x400, 0x5C4, 0x40C, 0x000 } }, /* 剀 */
	{ 0xD8DD, { 0x104, 0x7C4, 0x114, 0x7D4, 0x554, 0x7D4, 0x114, 0x344, 0x504, 0x10C, 0x000, 0x000 } }, /* 剌 */
	{ 0xD8DE, { 0x000, 0x100, 0x7C4, 0x190, 0x650, 0x7D0, 0x050, 0x550, 0x540, 0x044, 0x0C4, 0x000 } }, /* 剞 */
	{ 0xD8DF, { 0x104, 0x554, 0x514, 0x394, 0x654, 0x114, 0x554, 0x114, 0x2C4, 0x40C, 0x000, 0x000 } }, /* 剡 */
	{ 0xD8E0, { 0x000, 0x104, 0x7E4, 0x424, 0x2E4, 0x5A4, 0x5A4, 0x284, 0x284, 0x4C4, 0x484, 0x000 } }, /* 剜 */
	{ 0xD8E1, { 0x000, 0x000, 0x7E4, 0x00C, 0x7EC, 0x5AC, 0x5AC, 0x7EC, 0x5AC, 0x5A4, 0x004, 0x000 } }, /* 蒯 */
	{ 0xD8E2, { 0x7E0, 0x080, 0x7E8, 0x5A8, 0x008, 0x7C8, 0x7E8, 0x000, 0x460, 0x104, 0x000, 0x000 } }, /* 剽 */
	{ 0xD8E3, { 0x000, 0x000, 0x404, 0x4A8, 0x5F8, 0x558, 0x728, 0x7A8, 0x520, 0x554, 0x284, 0x000 } }, /* 劂 */
	{ 0xD8E4, { 0x284, 0x284, 0x684, 0x7C4, 0x284, 0x284, 0x3E4, 0x004, 0x5A4, 0x504, 0x000, 0x000 } }, /* 劁 */
	{ 0xD8E5, { 0x000, 0x140, 0x3C0, 0x288, 0x688, 0x688, 0x288, 0x208, 0x3E0, 0x1C0, 0x704, 0x000 } }, /* 劐 */
	{ 0xD8E6, { 0x000, 0x300, 0x7C0, 0x7C0, 0x7C0, 0x000, 0x5A0, 0x5A0, 0x000, 0x240, 0x444, 0x000 } }, /* 劓 */
	{ 0xD8E7, { 0x000, 0x604, 0x404, 0x404, 0x404, 0x404, 0x404, 0x404, 0x404, 0x40C, 0x000, 0x000 } }, /* 冂 */
	{ 0xD8E8, { 0x7FC, 0x404, 0x4A4, 0x5FC, 0x444, 0x5F4, 0x404, 0x484, 0x404, 0x40C, 0x000, 0x000 } }, /* 罔 */
	{ 0xD8E9, { 0x080, 0x180, 0x100, 0x300, 0x500, 0x500, 0x100, 0x100, 0x100, 0x100, 0x000, 0x000 } }, /* 亻 */
	{ 0xD8EA, { 0x100, 0x100, 0x210, 0x210, 0x610, 0x210, 0x210, 0x210, 0x210, 0x230, 0x000, 0x000 } }, /* 仃 */
	{ 0xD8EB, { 0x000, 0x100, 0x270, 0x240, 0x640, 0x640, 0x240, 0x200, 0x280, 0x28C, 0x20C, 0x000 } }, /* 仉 */
	{ 0xD8EC, { 0x120, 0x120, 0x220, 0x27C, 0x624, 0x224, 0x224, 0x244, 0x2C4, 0x288, 0x000, 0x000 } }, /* 仂 */
	{ 0xD8ED, { 0x000, 0x100, 0x2FC, 0x200, 0x600, 0x600, 0x2F8, 0x200, 0x200, 0x200, 0x200, 0x000 } }, /* 仨 */
	{ 0xD8EE, { 0x000, 0x040, 0x240, 0x2C0, 0x680, 0x618, 0x210, 0x220, 0x240, 0x244, 0x27C, 0x000 } }, /* 仡 */
	{ 0xD8EF, { 0x000, 0x100, 0x220, 0x220, 0x648, 0x690, 0x220, 0x220, 0x248, 0x2FC, 0x200, 0x000 } }, /* 仫 */
	{ 0xD8F0, { 0x000, 0x100, 0x27C, 0x214, 0x604, 0x684, 0x2A4, 0x224, 0x204, 0x244, 0x288, 0x000 } }, /* 仞 */
	{ 0xD8F1, { 0x000, 0x100, 0x280, 0x280, 0x6A8, 0x698, 0x298, 0x298, 0x2A4, 0x280, 0x2FC, 0x000 } }, /* 伛 */
	{ 0xD8F2, { 0x000, 0x110, 0x210, 0x210, 0x614, 0x678, 0x210, 0x210, 0x210, 0x274, 0x20C, 0x000 } }, /* 仳 */
	{ 0xD8F3, { 0x000, 0x100, 0x2FC, 0x208, 0x688, 0x6FC, 0x238, 0x228, 0x248, 0x288, 0x210, 0x000 } }, /* 伢 */
	{ 0xD8F4, { 0x000, 0x0FC, 0x240, 0x240, 0x678, 0x648, 0x228, 0x208, 0x288, 0x2E8, 0x28C, 0x000 } }, /* 佤 */
	{ 0xD8F5, { 0x000, 0x140, 0x040, 0x2FC, 0x290, 0x610, 0x2FC, 0x210, 0x210, 0x210, 0x210, 0x000 } }, /* 仵 */
	{ 0xD8F6, { 0x000, 0x140, 0x148, 0x258, 0x650, 0x6FC, 0x250, 0x248, 0x248, 0x264, 0x240, 0x000 } }, /* 伥 */
	{ 0xD8F7, { 0x000, 0x120, 0x220, 0x250, 0x688, 0x7FC, 0x248, 0x248, 0x240, 0x244, 0x27C, 0x000 } }, /* 伧 */
	{ 0xD8F8, { 0x000, 0x120, 0x220, 0x2FC, 0x600, 0x670, 0x240, 0x240, 0x240, 0x280, 0x20C, 0x000 } }, /* 伉 */
	{ 0xD8F9, { 0x000, 0x120, 0x210, 0x2FC, 0x684, 0x684, 0x200, 0x200, 0x200, 0x2FC, 0x200, 0x000 } }, /* 伫 */
	{ 0xD8FA, { 0x000, 0x000, 0x200, 0x200, 0x6FC, 0x620, 0x2FC, 0x248, 0x270, 0x238, 0x2C4, 0x000 } }, /* 佞 */
	{ 0xD8FB, { 0x000, 0x120, 0x220, 0x238, 0x620, 0x7FC, 0x220, 0x230, 0x228, 0x220, 0x220, 0x000 } }, /* 佧 */
	{ 0xD8FC, { 0x000, 0x110, 0x200, 0x2BC, 0x6A0, 0x6E8, 0x2A8, 0x298, 0x290, 0x238, 0x2C4, 0x000 } }, /* 攸 */
	{ 0xD8FD, { 0x110, 0x250, 0x2FC, 0x690, 0x600, 0x2FC, 0x230, 0x228, 0x24C, 0x284, 0x000, 0x000 } }, /* 佚 */
	{ 0xD8FE, { 0x000, 0x120, 0x240, 0x244, 0x684, 0x674, 0x214, 0x254, 0x254, 0x204, 0x20C, 0x000 } }, /* 佝 */
	{ 0xD9A1, { 0x000, 0x140, 0x278, 0x2C8, 0x6B0, 0x230, 0x2CC, 0x220, 0x200, 0x270, 0x208, 0x000 } }, /* 佟 */
	{ 0xD9A2, { 0x000, 0x120, 0x220, 0x284, 0x604, 0x248, 0x250, 0x260, 0x240, 0x244, 0x238, 0x000 } }, /* 佗 */
	{ 0xD9A3, { 0x000, 0x178, 0x244, 0x244, 0x640, 0x620, 0x22C, 0x2B0, 0x2A0, 0x2A4, 0x21C, 0x000 } }, /* 伲 */
	{ 0xD9A4, { 0x000, 0x080, 0x280, 0x2DC, 0x6B4, 0x2B4, 0x2B4, 0x2B4, 0x234, 0x33C, 0x240, 0x000 } }, /* 伽 */
	{ 0xD9A5, { 0x000, 0x000, 0x230, 0x230, 0x620, 0x278, 0x200, 0x2CC, 0x284, 0x2FC, 0x200, 0x000 } }, /* 佶 */
	{ 0xD9A6, { 0x000, 0x300, 0x2C8, 0x248, 0x648, 0x208, 0x278, 0x208, 0x2FC, 0x208, 0x208, 0x000 } }, /* 佴 */
	{ 0xD9A7, { 0x000, 0x020, 0x220, 0x240, 0x678, 0x2C4, 0x278, 0x240, 0x248, 0x240, 0x248, 0x000 } }, /* 侑 */
	{ 0xD9A8, { 0x000, 0x020, 0x2FC, 0x240, 0x648, 0x280, 0x2FC, 0x200, 0x238, 0x208, 0x218, 0x000 } }, /* 侉 */
	{ 0xD9A9, { 0x000, 0x200, 0x288, 0x280, 0x6F8, 0x200, 0x2A8, 0x2A8, 0x2A8, 0x2AA, 0x324, 0x000 } }, /* 侃 */
	{ 0xD9AA, { 0x000, 0x200, 0x2A0, 0x2F8, 0x600, 0x2FC, 0x230, 0x268, 0x284, 0x380, 0x200, 0x000 } }, /* 侏 */
	{ 0xD9AB, { 0x000, 0x000, 0x248, 0x28C, 0x7FC, 0x208, 0x278, 0x248, 0x278, 0x208, 0x208, 0x000 } }, /* 佾 */
	{ 0xD9AC, { 0x000, 0x000, 0x250, 0x2D4, 0x6D0, 0x250, 0x2D8, 0x254, 0x250, 0x294, 0x28C, 0x000 } }, /* 佻 */
	{ 0xD9AD, { 0x000, 0x220, 0x3FC, 0x248, 0x630, 0x27C, 0x200, 0x248, 0x248, 0x288, 0x288, 0x000 } }, /* 侪 */
	{ 0xD9AE, { 0x000, 0x220, 0x200, 0x2FC, 0x648, 0x284, 0x248, 0x250, 0x230, 0x270, 0x38C, 0x000 } }, /* 佼 */
	{ 0xD9AF, { 0x000, 0x000, 0x220, 0x2A4, 0x620, 0x260, 0x258, 0x2D0, 0x348, 0x264, 0x240, 0x000 } }, /* 侬 */
	{ 0xD9B0, { 0x000, 0x020, 0x248, 0x2FC, 0x600, 0x2B0, 0x2B0, 0x200, 0x2FC, 0x200, 0x200, 0x000 } }, /* 侔 */
	{ 0xD9B1, { 0x000, 0x020, 0x2FC, 0x220, 0x6FC, 0x660, 0x248, 0x27C, 0x2A8, 0x3A8, 0x208, 0x000 } }, /* 俦 */
	{ 0xD9B2, { 0x000, 0x2F8, 0x230, 0x294, 0x610, 0x2FC, 0x280, 0x280, 0x280, 0x280, 0x300, 0x000 } }, /* 俨 */
	{ 0xD9B3, { 0x000, 0x200, 0x200, 0x2DC, 0x614, 0x694, 0x2DC, 0x254, 0x214, 0x214, 0x254, 0x000 } }, /* 俪 */
	{ 0xD9B4, { 0x028, 0x228, 0x2FC, 0x620, 0x2A8, 0x238, 0x268, 0x2AC, 0x224, 0x260, 0x000, 0x000 } }, /* 俅 */
	{ 0xD9B5, { 0x000, 0x000, 0x2A4, 0x2B4, 0x6B4, 0x284, 0x278, 0x220, 0x230, 0x200, 0x2FC, 0x000 } }, /* 俚 */
	{ 0xD9B6, { 0x000, 0x078, 0x284, 0x28C, 0x600, 0x2FC, 0x220, 0x2FC, 0x230, 0x248, 0x284, 0x000 } }, /* 俣 */
	{ 0xD9B7, { 0x000, 0x2FC, 0x2A4, 0x6B4, 0x2FC, 0x200, 0x240, 0x27C, 0x200, 0x218, 0x000, 0x000 } }, /* 俜 */
	{ 0xD9B8, { 0x000, 0x200, 0x20C, 0x230, 0x6FC, 0x284, 0x2FC, 0x284, 0x2FC, 0x284, 0x284, 0x000 } }, /* 俑 */
	{ 0xD9B9, { 0x000, 0x120, 0x248, 0x2FC, 0x640, 0x6F8, 0x220, 0x2FC, 0x230, 0x248, 0x284, 0x000 } }, /* 俟 */
	{ 0xD9BA, { 0x000, 0x220, 0x2FC, 0x220, 0x660, 0x6FC, 0x288, 0x3F4, 0x220, 0x220, 0x220, 0x000 } }, /* 俸 */
	{ 0xD9BB, { 0x000, 0x2FC, 0x2F8, 0x620, 0x6FC, 0x2F8, 0x2FC, 0x28C, 0x2CC, 0x288, 0x000, 0x000 } }, /* 倩 */
	{ 0xD9BC, { 0x000, 0x040, 0x2FC, 0x248, 0x620, 0x6FC, 0x240, 0x2F8, 0x3C0, 0x278, 0x240, 0x000 } }, /* 偌 */
	{ 0xD9BD, { 0x000, 0x000, 0x210, 0x2DC, 0x610, 0x6DC, 0x210, 0x210, 0x2DC, 0x210, 0x200, 0x000 } }, /* 俳 */
	{ 0xD9BE, { 0x000, 0x020, 0x23C, 0x260, 0x684, 0x6FC, 0x28C, 0x220, 0x2FC, 0x220, 0x220, 0x000 } }, /* 倬 */
	{ 0xD9BF, { 0x220, 0x278, 0x268, 0x710, 0x76C, 0x310, 0x37C, 0x310, 0x228, 0x244, 0x000, 0x000 } }, /* 倏 */
	{ 0xD9C0, { 0x000, 0x278, 0x2A4, 0x2FC, 0x6A4, 0x230, 0x2FC, 0x230, 0x268, 0x2A4, 0x220, 0x000 } }, /* 倮 */
	{ 0xD9C1, { 0x000, 0x218, 0x220, 0x2FC, 0x678, 0x284, 0x220, 0x2FC, 0x240, 0x238, 0x2C4, 0x000 } }, /* 倭 */
	{ 0xD9C2, { 0x000, 0x020, 0x2FC, 0x284, 0x6FC, 0x2A4, 0x2FC, 0x250, 0x3FC, 0x210, 0x210, 0x000 } }, /* 俾 */
	{ 0xD9C3, { 0x000, 0x27C, 0x284, 0x2B4, 0x694, 0x2BC, 0x284, 0x2AC, 0x2BC, 0x284, 0x30C, 0x000 } }, /* 倜 */
	{ 0xD9C4, { 0x000, 0x100, 0x2FC, 0x280, 0x678, 0x248, 0x278, 0x240, 0x244, 0x244, 0x244, 0x000 } }, /* 倌 */
	{ 0xD9C5, { 0x000, 0x220, 0x2FC, 0x284, 0x648, 0x284, 0x200, 0x2F8, 0x200, 0x200, 0x2FC, 0x000 } }, /* 倥 */
	{ 0xD9C6, { 0x000, 0x178, 0x284, 0x2C4, 0x690, 0x2D0, 0x290, 0x2BC, 0x284, 0x2A4, 0x304, 0x000 } }, /* 倨 */
	{ 0xD9C7, { 0x000, 0x2FC, 0x208, 0x6FC, 0x200, 0x2FC, 0x284, 0x2A4, 0x268, 0x284, 0x000, 0x000 } }, /* 偾 */
	{ 0xD9C8, { 0x000, 0x000, 0x280, 0x2BC, 0x6BC, 0x2BC, 0x2B0, 0x2A8, 0x2B8, 0x2A4, 0x2FC, 0x000 } }, /* 偃 */
	{ 0xD9C9, { 0x000, 0x090, 0x294, 0x290, 0x694, 0x280, 0x260, 0x284, 0x2FC, 0x2CC, 0x284, 0x000 } }, /* 偕 */
	{ 0xD9CA, { 0x000, 0x178, 0x204, 0x27C, 0x6FC, 0x240, 0x2FC, 0x2B0, 0x2A4, 0x2F4, 0x20C, 0x000 } }, /* 偈 */
	{ 0xD9CB, { 0x000, 0x278, 0x2A4, 0x2FC, 0x6A4, 0x278, 0x2FC, 0x280, 0x298, 0x288, 0x284, 0x000 } }, /* 偎 */
	{ 0xD9CC, { 0x000, 0x140, 0x2FC, 0x2A4, 0x654, 0x2F4, 0x22C, 0x200, 0x2D4, 0x348, 0x278, 0x000 } }, /* 偬 */
	{ 0xD9CD, { 0x000, 0x220, 0x268, 0x23C, 0x678, 0x6A4, 0x220, 0x248, 0x240, 0x238, 0x2C0, 0x000 } }, /* 偻 */
	{ 0xD9CE, { 0x000, 0x100, 0x228, 0x228, 0x604, 0x678, 0x208, 0x278, 0x250, 0x250, 0x28C, 0x000 } }, /* 傥 */
	{ 0xD9CF, { 0x000, 0x320, 0x2FC, 0x204, 0x670, 0x640, 0x250, 0x250, 0x2FC, 0x248, 0x284, 0x000 } }, /* 傧 */
	{ 0xD9D0, { 0x000, 0x200, 0x220, 0x2BC, 0x7A8, 0x5FC, 0x0A8, 0x0BC, 0x368, 0x228, 0x220, 0x000 } }, /* 傩 */
	{ 0xD9D1, { 0x280, 0x2F4, 0x350, 0x748, 0x2C8, 0x280, 0x2F8, 0x200, 0x284, 0x220, 0x000, 0x000 } }, /* 傺 */
	{ 0xD9D2, { 0x000, 0x000, 0x230, 0x27C, 0x6F8, 0x284, 0x248, 0x3FC, 0x200, 0x284, 0x2FC, 0x000 } }, /* 僖 */
	{ 0xD9D3, { 0x000, 0x288, 0x2E8, 0x28C, 0x494, 0x134, 0x3E4, 0x16C, 0x1E8, 0x22C, 0x010, 0x000 } }, /* 儆 */
	{ 0xD9D4, { 0x000, 0x3DC, 0x288, 0x7DC, 0x6C8, 0x378, 0x200, 0x2F8, 0x2F8, 0x280, 0x288, 0x000 } }, /* 僭 */
	{ 0xD9D5, { 0x000, 0x050, 0x250, 0x290, 0x7FC, 0x210, 0x27C, 0x250, 0x200, 0x294, 0x200, 0x000 } }, /* 僬 */
	{ 0xD9D6, { 0x000, 0x204, 0x3E0, 0x61C, 0x208, 0x2D8, 0x218, 0x3F0, 0x310, 0x2A4, 0x000, 0x000 } }, /* 僦 */
	{ 0xD9D7, { 0x000, 0x120, 0x2FC, 0x250, 0x600, 0x6A4, 0x2FC, 0x2FC, 0x220, 0x220, 0x2FC, 0x000 } }, /* 僮 */
	{ 0xD9D8, { 0x000, 0x278, 0x2B4, 0x2FC, 0x600, 0x678, 0x28C, 0x278, 0x258, 0x3C8, 0x264, 0x000 } }, /* 儇 */
	{ 0xD9D9, { 0x000, 0x140, 0x2D8, 0x2FC, 0x6C4, 0x6FC, 0x2BC, 0x200, 0x200, 0x344, 0x37C, 0x000 } }, /* 儋 */
	{ 0xD9DA, { 0x000, 0x040, 0x0C0, 0x130, 0x218, 0x404, 0x1F0, 0x040, 0x040, 0x040, 0x7FC, 0x000 } }, /* 仝 */
	{ 0xD9DB, { 0x000, 0x040, 0x0A0, 0x110, 0x64C, 0x040, 0x758, 0x170, 0x150, 0x64C, 0x0C0, 0x000 } }, /* 氽 */
	{ 0xD9DC, { 0x000, 0x040, 0x0A0, 0x110, 0x604, 0x000, 0x000, 0x040, 0x050, 0x248, 0x0C0, 0x000 } }, /* 佘 */
	{ 0xD9DD, { 0x000, 0x040, 0x0C0, 0x130, 0x31C, 0x4E0, 0x000, 0x240, 0x150, 0x010, 0x3FC, 0x000 } }, /* 佥 */
	{ 0xD9DE, { 0x000, 0x200, 0x24C, 0x340, 0x478, 0x040, 0x240, 0x278, 0x540, 0x440, 0x0FC, 0x000 } }, /* 俎 */
	{ 0xD9DF, { 0x000, 0x040, 0x0A0, 0x31C, 0x400, 0x1B4, 0x348, 0x3F8, 0x2A0, 0x2A8, 0x0A8, 0x000 } }, /* 龠 */
	{ 0xD9E0, { 0x000, 0x080, 0x0E0, 0x110, 0x64C, 0x040, 0x768, 0x170, 0x150, 0x64C, 0x0C0, 0x000 } }, /* 汆 */
	{ 0xD9E1, { 0x000, 0x080, 0x0E0, 0x110, 0x64C, 0x150, 0x150, 0x7FC, 0x150, 0x24C, 0x444, 0x000 } }, /* 籴 */
	{ 0xD9E2, { 0x000, 0x120, 0x110, 0x208, 0x60C, 0x580, 0x100, 0x1F8, 0x010, 0x010, 0x070, 0x000 } }, /* 兮 */
	{ 0xD9E3, { 0x3B8, 0x4A0, 0x7B8, 0x6A4, 0x000, 0x3F8, 0x000, 0x7FC, 0x110, 0x604, 0x000, 0x000 } }, /* 巽 */
	{ 0xD9E4, { 0x000, 0x248, 0x7FC, 0x400, 0x3F8, 0x7FC, 0x3F8, 0x3F8, 0x248, 0x110, 0x60C, 0x000 } }, /* 黉 */
	{ 0xD9E5, { 0x000, 0x114, 0x000, 0x77C, 0x610, 0x524, 0x724, 0x568, 0x508, 0x558, 0x524, 0x000 } }, /* 馘 */
	{ 0xD9E6, { 0x000, 0x538, 0x544, 0x77C, 0x248, 0x77C, 0x248, 0x27C, 0x76C, 0x228, 0x2A4, 0x000 } }, /* 冁 */
	{ 0xD9E7, { 0x000, 0x090, 0x7FC, 0x04C, 0x7B4, 0x6B0, 0x61C, 0x398, 0x1B0, 0x2E0, 0x7BC, 0x000 } }, /* 夔 */
	{ 0xD9E8, { 0x000, 0x100, 0x300, 0x204, 0x404, 0x004, 0x004, 0x004, 0x004, 0x004, 0x018, 0x000 } }, /* 勹 */
	{ 0xD9E9, { 0x000, 0x100, 0x3FC, 0x4A4, 0x7F4, 0x0C4, 0x294, 0x3F4, 0x3F4, 0x294, 0x02C, 0x000 } }, /* 匍 */
	{ 0xD9EA, { 0x000, 0x100, 0x3FC, 0x444, 0x1F4, 0x1F4, 0x004, 0x004, 0x334, 0x3F4, 0x00C, 0x000 } }, /* 訇 */
	{ 0xD9EB, { 0x000, 0x000, 0x3FC, 0x604, 0x404, 0x324, 0x1E4, 0x3F4, 0x2D4, 0x2D4, 0x21C, 0x000 } }, /* 匐 */
	{ 0xD9EC, { 0x000, 0x080, 0x3F8, 0x288, 0x250, 0x230, 0x004, 0x1EC, 0x120, 0x220, 0x43C, 0x000 } }, /* 凫 */
	{ 0xD9ED, { 0x3F8, 0x408, 0x5F8, 0x488, 0x4E8, 0x528, 0x4A8, 0x448, 0x4C8, 0x104, 0x000, 0x000 } }, /* 夙 */
	{ 0xD9EE, { 0x000, 0x2A8, 0x0A0, 0x0E0, 0x208, 0x1A0, 0x020, 0x120, 0x220, 0x41C, 0x000, 0x000 } }, /* 兕 */
	{ 0xD9EF, { 0x000, 0x000, 0x000, 0x040, 0x000, 0x7FC, 0x000, 0x000, 0x000, 0x000, 0x000, 0x000 } }, /* 亠 */
	{ 0xD9F0, { 0x000, 0x040, 0x7FC, 0x110, 0x20C, 0x480, 0x118, 0x1A0, 0x0A0, 0x120, 0x63C, 0x000 } }, /* 兖 */
	{ 0xD9F1, { 0x000, 0x040, 0x7FC, 0x1F0, 0x110, 0x000, 0x414, 0x1E0, 0x07C, 0x040, 0x07C, 0x000 } }, /* 亳 */
	{ 0xD9F2, { 0x000, 0x040, 0x7FC, 0x110, 0x24C, 0x090, 0x3F0, 0x088, 0x330, 0x5D8, 0x184, 0x000 } }, /* 衮 */
	{ 0xD9F3, { 0x000, 0x040, 0x7FC, 0x3F8, 0x0B0, 0x7FC, 0x120, 0x440, 0x1B0, 0x710, 0x18C, 0x000 } }, /* 袤 */
	{ 0xD9F4, { 0x040, 0x7FC, 0x120, 0x328, 0x3E8, 0x06C, 0x280, 0x130, 0x710, 0x184, 0x000, 0x000 } }, /* 亵 */
	{ 0xD9F5, { 0x000, 0x040, 0x7FC, 0x2A8, 0x4A4, 0x040, 0x3F8, 0x0E0, 0x040, 0x0A0, 0x008, 0x000 } }, /* 脔 */
	{ 0xD9F6, { 0x000, 0x040, 0x7FC, 0x3B8, 0x208, 0x208, 0x3F8, 0x088, 0x338, 0x518, 0x104, 0x000 } }, /* 裒 */
	{ 0xD9F7, { 0x000, 0x040, 0x000, 0x7F8, 0x5F0, 0x5E0, 0x3F8, 0x3F8, 0x404, 0x040, 0x4CC, 0x000 } }, /* 禀 */
	{ 0xD9F8, { 0x000, 0x040, 0x200, 0x1F8, 0x3F8, 0x3F8, 0x000, 0x4D0, 0x498, 0x648, 0x2A4, 0x000 } }, /* 嬴 */
	{ 0xD9F9, { 0x000, 0x040, 0x200, 0x3F0, 0x3F8, 0x3F8, 0x608, 0x7F4, 0x5D8, 0x674, 0x204, 0x000 } }, /* 蠃 */
	{ 0xD9FA, { 0x000, 0x040, 0x300, 0x1F8, 0x3F8, 0x3F8, 0x218, 0x5D4, 0x558, 0x7D4, 0x244, 0x000 } }, /* 羸 */
	{ 0xD9FB, { 0x000, 0x400, 0x200, 0x000, 0x000, 0x000, 0x200, 0x200, 0x400, 0x400, 0x000, 0x000 } }, /* 冫 */
	{ 0xD9FC, { 0x000, 0x000, 0x440, 0x240, 0x070, 0x088, 0x288, 0x2F8, 0x400, 0x410, 0x1FC, 0x000 } }, /* 冱 */
	{ 0xD9FD, { 0x004, 0x484, 0x094, 0x0F4, 0x114, 0x5D4, 0x454, 0x444, 0x084, 0x10C, 0x000, 0x000 } }, /* 冽 */
	{ 0xD9FE, { 0x000, 0x480, 0x6F8, 0x000, 0x020, 0x270, 0x450, 0x450, 0x094, 0x10C, 0x000, 0x000 } }, /* 冼 */
	{ 0xDAA1, { 0x000, 0x080, 0x488, 0x5A8, 0x0A4, 0x194, 0x5D0, 0x680, 0x4A0, 0x0BC, 0x084, 0x000 } }, /* 凇 */
	{ 0xDAA2, { 0x000, 0x000, 0x7FC, 0x404, 0x000, 0x000, 0x000, 0x000, 0x000, 0x000, 0x000, 0x000 } }, /* 冖 */
	{ 0xDAA3, { 0x000, 0x404, 0x1F0, 0x080, 0x748, 0x3F0, 0x768, 0x1A8, 0x624, 0x0C0, 0x000, 0x000 } }, /* 冢 */
	{ 0xDAA4, { 0x7FC, 0x404, 0x3F8, 0x308, 0x208, 0x3F8, 0x040, 0x7FC, 0x118, 0x604, 0x000, 0x000 } }, /* 冥 */
	{ 0xDAA5, { 0x000, 0x300, 0x000, 0x000, 0x300, 0x100, 0x100, 0x100, 0x180, 0x100, 0x000, 0x000 } }, /* 讠 */
	{ 0xDAA6, { 0x07C, 0x210, 0x010, 0x410, 0x2FC, 0x210, 0x210, 0x310, 0x210, 0x010, 0x000, 0x000 } }, /* 讦 */
	{ 0xDAA7, { 0x000, 0x000, 0x210, 0x010, 0x610, 0x210, 0x210, 0x210, 0x390, 0x310, 0x07C, 0x000 } }, /* 讧 */
	{ 0xDAA8, { 0x000, 0x010, 0x210, 0x014, 0x614, 0x214, 0x214, 0x214, 0x394, 0x21C, 0x044, 0x000 } }, /* 讪 */
	{ 0xDAA9, { 0x000, 0x07C, 0x280, 0x080, 0x6A8, 0x298, 0x298, 0x298, 0x3A4, 0x280, 0x07C, 0x000 } }, /* 讴 */
	{ 0xDAAA, { 0x000, 0x000, 0x240, 0x040, 0x678, 0x244, 0x244, 0x27C, 0x340, 0x340, 0x07C, 0x000 } }, /* 讵 */
	{ 0xDAAB, { 0x000, 0x010, 0x210, 0x0FC, 0x690, 0x290, 0x2B8, 0x2A8, 0x380, 0x280, 0x084, 0x000 } }, /* 讷 */
	{ 0xDAAC, { 0x000, 0x010, 0x210, 0x0FC, 0x410, 0x210, 0x27C, 0x204, 0x384, 0x37C, 0x044, 0x000 } }, /* 诂 */
	{ 0xDAAD, { 0x000, 0x2FC, 0x204, 0x000, 0x6A0, 0x280, 0x280, 0x2E0, 0x200, 0x300, 0x208, 0x000 } }, /* 诃 */
	{ 0xDAAE, { 0x000, 0x21C, 0x290, 0x090, 0x690, 0x290, 0x290, 0x290, 0x3A0, 0x2E8, 0x014, 0x000 } }, /* 诋 */
	{ 0xDAAF, { 0x000, 0x200, 0x224, 0x024, 0x024, 0x248, 0x200, 0x244, 0x344, 0x344, 0x244, 0x000 } }, /* 诏 */
	{ 0xDAB0, { 0x000, 0x010, 0x214, 0x014, 0x054, 0x27C, 0x210, 0x214, 0x390, 0x214, 0x064, 0x000 } }, /* 诎 */
	{ 0xDAB1, { 0x000, 0x020, 0x220, 0x048, 0x0FC, 0x200, 0x200, 0x244, 0x344, 0x37C, 0x044, 0x000 } }, /* 诒 */
	{ 0xDAB2, { 0x000, 0x000, 0x280, 0x0BC, 0x490, 0x290, 0x298, 0x290, 0x3BC, 0x280, 0x0FC, 0x000 } }, /* 诓 */
	{ 0xDAB3, { 0x000, 0x020, 0x2FC, 0x020, 0x4F8, 0x220, 0x2FC, 0x270, 0x368, 0x2A4, 0x020, 0x000 } }, /* 诔 */
	{ 0xDAB4, { 0x000, 0x010, 0x230, 0x030, 0x010, 0x2FC, 0x210, 0x230, 0x310, 0x210, 0x2FC, 0x000 } }, /* 诖 */
	{ 0xDAB5, { 0x000, 0x010, 0x210, 0x010, 0x010, 0x27C, 0x200, 0x244, 0x344, 0x27C, 0x044, 0x000 } }, /* 诘 */
	{ 0xDAB6, { 0x000, 0x000, 0x660, 0x040, 0x450, 0x294, 0x2D4, 0x350, 0x330, 0x248, 0x084, 0x000 } }, /* 诙 */
	{ 0xDAB7, { 0x000, 0x420, 0x2A0, 0x0F8, 0x420, 0x2FC, 0x250, 0x250, 0x350, 0x290, 0x08C, 0x000 } }, /* 诜 */
	{ 0xDAB8, { 0x000, 0x20C, 0x2C0, 0x080, 0x67C, 0x280, 0x2BC, 0x2A4, 0x3A4, 0x2BC, 0x124, 0x000 } }, /* 诟 */
	{ 0xDAB9, { 0x000, 0x020, 0x230, 0x048, 0x08C, 0x278, 0x220, 0x2F8, 0x320, 0x220, 0x0FC, 0x000 } }, /* 诠 */
	{ 0xDABA, { 0x000, 0x040, 0x278, 0x090, 0x5FC, 0x224, 0x0FC, 0x224, 0x22C, 0x220, 0x020, 0x000 } }, /* 诤 */
	{ 0xDABB, { 0x0FC, 0x604, 0x020, 0x4FC, 0x250, 0x2FC, 0x210, 0x3FC, 0x210, 0x010, 0x000, 0x000 } }, /* 诨 */
	{ 0xDABC, { 0x4DC, 0x204, 0x084, 0x68C, 0x204, 0x24C, 0x2F4, 0x304, 0x204, 0x044, 0x000, 0x000 } }, /* 诩 */
	{ 0xDABD, { 0x000, 0x410, 0x284, 0x000, 0x4FC, 0x284, 0x2FC, 0x284, 0x3FC, 0x284, 0x08C, 0x000 } }, /* 诮 */
	{ 0xDABE, { 0x000, 0x010, 0x290, 0x0F8, 0x010, 0x2FC, 0x200, 0x27C, 0x304, 0x24C, 0x044, 0x000 } }, /* 诰 */
	{ 0xDABF, { 0x000, 0x100, 0x4D8, 0x088, 0x508, 0x458, 0x0C8, 0x148, 0x248, 0x648, 0x0BC, 0x000 } }, /* 诳 */
	{ 0xDAC0, { 0x000, 0x000, 0x248, 0x0FC, 0x400, 0x2F8, 0x2A0, 0x2FC, 0x330, 0x248, 0x084, 0x000 } }, /* 诶 */
	{ 0xDAC1, { 0x4E0, 0x09C, 0x094, 0x6D4, 0x294, 0x2D8, 0x288, 0x3E8, 0x3DC, 0x030, 0x000, 0x000 } }, /* 诹 */
	{ 0xDAC2, { 0x400, 0x220, 0x040, 0x528, 0x0F8, 0x0B8, 0x078, 0x254, 0x790, 0x020, 0x000, 0x000 } }, /* 诼 */
	{ 0xDAC3, { 0x418, 0x420, 0x0FC, 0x468, 0x1A4, 0x020, 0x0FC, 0x240, 0x238, 0x0C4, 0x000, 0x000 } }, /* 诿 */
	{ 0xDAC4, { 0x000, 0x020, 0x2EC, 0x0A4, 0x6EC, 0x2A4, 0x2B4, 0x230, 0x330, 0x248, 0x084, 0x000 } }, /* 谀 */
	{ 0xDAC5, { 0x000, 0x020, 0x230, 0x048, 0x0A4, 0x230, 0x218, 0x200, 0x394, 0x284, 0x038, 0x000 } }, /* 谂 */
	{ 0xDAC6, { 0x000, 0x020, 0x27C, 0x048, 0x488, 0x26C, 0x284, 0x2CC, 0x384, 0x284, 0x084, 0x000 } }, /* 谄 */
	{ 0xDAC7, { 0x000, 0x420, 0x2FC, 0x048, 0x448, 0x2D4, 0x200, 0x210, 0x2FC, 0x200, 0x000, 0x000 } }, /* 谇 */
	{ 0xDAC8, { 0x000, 0x008, 0x4CC, 0x048, 0x078, 0x248, 0x248, 0x3FC, 0x2A8, 0x280, 0x2FC, 0x000 } }, /* 谌 */
	{ 0xDAC9, { 0x000, 0x020, 0x4FC, 0x020, 0x0FC, 0x2CC, 0x2B4, 0x270, 0x368, 0x2A4, 0x020, 0x000 } }, /* 谏 */
	{ 0xDACA, { 0x000, 0x020, 0x220, 0x0FC, 0x4A0, 0x0A4, 0x098, 0x2B8, 0x3E0, 0x360, 0x138, 0x000 } }, /* 谑 */
	{ 0xDACB, { 0x078, 0x284, 0x08C, 0x4FC, 0x040, 0x094, 0x0B0, 0x0AC, 0x2F4, 0x00C, 0x000, 0x000 } }, /* 谒 */
	{ 0xDACC, { 0x000, 0x254, 0x0D4, 0x400, 0x2F8, 0x3FC, 0x240, 0x278, 0x208, 0x018, 0x000, 0x000 } }, /* 谔 */
	{ 0xDACD, { 0x000, 0x020, 0x250, 0x0D8, 0x504, 0x3E4, 0x0B4, 0x0F4, 0x3F4, 0x224, 0x048, 0x000 } }, /* 谕 */
	{ 0xDACE, { 0x01C, 0x2A0, 0x008, 0x2FC, 0x260, 0x240, 0x278, 0x3A8, 0x3B0, 0x044, 0x000, 0x000 } }, /* 谖 */
	{ 0xDACF, { 0x000, 0x020, 0x2FC, 0x048, 0x440, 0x2FC, 0x278, 0x200, 0x378, 0x348, 0x248, 0x000 } }, /* 谙 */
	{ 0xDAD0, { 0x000, 0x020, 0x2FC, 0x048, 0x458, 0x024, 0x030, 0x0A4, 0x284, 0x28C, 0x000, 0x000 } }, /* 谛 */
	{ 0xDAD1, { 0x000, 0x020, 0x2BC, 0x054, 0x410, 0x2A8, 0x244, 0x27C, 0x204, 0x244, 0x044, 0x000 } }, /* 谘 */
	{ 0xDAD2, { 0x000, 0x000, 0x2FC, 0x084, 0x480, 0x280, 0x2AC, 0x3FC, 0x2AC, 0x2A8, 0x084, 0x000 } }, /* 谝 */
	{ 0xDAD3, { 0x000, 0x450, 0x5FC, 0x050, 0x484, 0x0FC, 0x0FC, 0x020, 0x2FC, 0x250, 0x184, 0x000 } }, /* 谟 */
	{ 0xDAD4, { 0x000, 0x000, 0x208, 0x0FC, 0x400, 0x278, 0x008, 0x078, 0x350, 0x250, 0x08C, 0x000 } }, /* 谠 */
	{ 0xDAD5, { 0x4F8, 0x2A4, 0x0B4, 0x4FC, 0x048, 0x084, 0x078, 0x2A8, 0x230, 0x0CC, 0x000, 0x000 } }, /* 谡 */
	{ 0xDAD6, { 0x000, 0x048, 0x450, 0x0FC, 0x000, 0x68C, 0x2F8, 0x290, 0x290, 0x290, 0x0FC, 0x000 } }, /* 谥 */
	{ 0xDAD7, { 0x000, 0x020, 0x248, 0x054, 0x064, 0x4F8, 0x000, 0x0FC, 0x2B4, 0x2B4, 0x1FC, 0x000 } }, /* 谧 */
	{ 0xDAD8, { 0x000, 0x000, 0x0FC, 0x040, 0x4FC, 0x284, 0x0BC, 0x0B4, 0x284, 0x2B4, 0x084, 0x000 } }, /* 谪 */
	{ 0xDAD9, { 0x000, 0x040, 0x5FC, 0x000, 0x4A4, 0x4E4, 0x0E4, 0x000, 0x2FC, 0x644, 0x088, 0x000 } }, /* 谫 */
	{ 0xDADA, { 0x0DC, 0x408, 0x1DC, 0x4C8, 0x57C, 0x410, 0x488, 0x4F8, 0x688, 0x088, 0x000, 0x000 } }, /* 谮 */
	{ 0xDADB, { 0x000, 0x010, 0x4D0, 0x090, 0x5FC, 0x090, 0x0F8, 0x0D0, 0x300, 0x284, 0x020, 0x000 } }, /* 谯 */
	{ 0xDADC, { 0x4FC, 0x228, 0x0FC, 0x474, 0x080, 0x0FC, 0x0EC, 0x3BC, 0x2B4, 0x084, 0x000, 0x000 } }, /* 谲 */
	{ 0xDADD, { 0x008, 0x4CC, 0x008, 0x1FC, 0x568, 0x5E8, 0x568, 0x56C, 0x734, 0x000, 0x000, 0x000 } }, /* 谳 */
	{ 0xDADE, { 0x000, 0x020, 0x458, 0x0FC, 0x044, 0x0FC, 0x000, 0x000, 0x300, 0x344, 0x17C, 0x000 } }, /* 谵 */
	{ 0xDADF, { 0x010, 0x5D4, 0x050, 0x5FC, 0x4D0, 0x4C4, 0x5E8, 0x5E8, 0x6EC, 0x114, 0x000, 0x000 } }, /* 谶 */
	{ 0xDAE0, { 0x1F0, 0x108, 0x108, 0x108, 0x108, 0x108, 0x108, 0x130, 0x100, 0x100, 0x000, 0x000 } }, /* 卩 */
	{ 0xDAE1, { 0x000, 0x3F8, 0x030, 0x748, 0x150, 0x60C, 0x3F0, 0x3F0, 0x210, 0x224, 0x1F8, 0x000 } }, /* 卺 */
	{ 0xDAE2, { 0x700, 0x500, 0x500, 0x500, 0x500, 0x580, 0x480, 0x480, 0x500, 0x400, 0x000, 0x000 } }, /* 阝 */
	{ 0xDAE3, { 0x000, 0x700, 0x570, 0x650, 0x650, 0x550, 0x550, 0x750, 0x450, 0x494, 0x500, 0x000 } }, /* 阢 */
	{ 0xDAE4, { 0x000, 0x70C, 0x570, 0x510, 0x610, 0x67C, 0x510, 0x510, 0x710, 0x410, 0x410, 0x000 } }, /* 阡 */
	{ 0xDAE5, { 0x000, 0x008, 0x528, 0x568, 0x628, 0x428, 0x5FC, 0x508, 0x648, 0x448, 0x488, 0x000 } }, /* 阱 */
	{ 0xDAE6, { 0x01C, 0x540, 0x540, 0x47C, 0x540, 0x548, 0x558, 0x518, 0x49C, 0x4A0, 0x000, 0x000 } }, /* 阪 */
	{ 0xDAE7, { 0x000, 0x000, 0x510, 0x51C, 0x510, 0x410, 0x57C, 0x544, 0x744, 0x47C, 0x444, 0x000 } }, /* 阽 */
	{ 0xDAE8, { 0x000, 0x020, 0x540, 0x57C, 0x5A0, 0x520, 0x520, 0x520, 0x73C, 0x420, 0x420, 0x000 } }, /* 阼 */
	{ 0xDAE9, { 0x010, 0x510, 0x554, 0x610, 0x678, 0x560, 0x5A8, 0x698, 0x4B8, 0x544, 0x000, 0x000 } }, /* 陂 */
	{ 0xDAEA, { 0x778, 0x508, 0x510, 0x528, 0x544, 0x500, 0x410, 0x510, 0x410, 0x47C, 0x000, 0x000 } }, /* 陉 */
	{ 0xDAEB, { 0x000, 0x600, 0x510, 0x620, 0x648, 0x6F0, 0x524, 0x548, 0x618, 0x42C, 0x484, 0x000 } }, /* 陔 */
	{ 0xDAEC, { 0x010, 0x550, 0x550, 0x450, 0x5FC, 0x510, 0x554, 0x614, 0x418, 0x4E0, 0x000, 0x000 } }, /* 陟 */
	{ 0xDAED, { 0x000, 0x078, 0x544, 0x47C, 0x644, 0x47C, 0x510, 0x510, 0x610, 0x410, 0x4FC, 0x000 } }, /* 陧 */
	{ 0xDAEE, { 0x6E0, 0x6BC, 0x6B4, 0x6B4, 0x6B4, 0x4E4, 0x5A8, 0x6E8, 0x5AC, 0x430, 0x000, 0x000 } }, /* 陬 */
	{ 0xDAEF, { 0x608, 0x030, 0x230, 0x268, 0x268, 0x1F8, 0x108, 0x6FC, 0x000, 0x0FC, 0x000, 0x000 } }, /* 陲 */
	{ 0xDAF0, { 0x000, 0x620, 0x4FC, 0x694, 0x6FC, 0x6A4, 0x5FC, 0x500, 0x6FC, 0x400, 0x400, 0x000 } }, /* 陴 */
	{ 0xDAF1, { 0x778, 0x594, 0x6FC, 0x694, 0x600, 0x5FC, 0x550, 0x658, 0x468, 0x444, 0x000, 0x000 } }, /* 隈 */
	{ 0xDAF2, { 0x000, 0x720, 0x57C, 0x444, 0x644, 0x678, 0x504, 0x510, 0x678, 0x400, 0x4FC, 0x000 } }, /* 隍 */
	{ 0xDAF3, { 0x000, 0x020, 0x5FC, 0x0A4, 0x2FC, 0x2A4, 0x1A8, 0x128, 0x75C, 0x090, 0x11C, 0x000 } }, /* 隗 */
	{ 0xDAF4, { 0x67C, 0x144, 0x244, 0x27C, 0x248, 0x1FC, 0x148, 0x6FC, 0x004, 0x020, 0x000, 0x000 } }, /* 隰 */
	{ 0xDAF5, { 0x7DC, 0x114, 0x114, 0x118, 0x7D4, 0x114, 0x114, 0x114, 0x110, 0x110, 0x000, 0x000 } }, /* 邗 */
	{ 0xDAF6, { 0x03C, 0x324, 0x124, 0x128, 0x124, 0x124, 0x124, 0x72C, 0x020, 0x020, 0x000, 0x000 } }, /* 邛 */
	{ 0xDAF7, { 0x000, 0x11C, 0x014, 0x7C4, 0x408, 0x404, 0x404, 0x404, 0x40C, 0x400, 0x000, 0x000 } }, /* 邝 */
	{ 0xDAF8, { 0x100, 0x114, 0x7D4, 0x010, 0x018, 0x014, 0x014, 0x014, 0x390, 0x010, 0x000, 0x000 } }, /* 邙 */
	{ 0xDAF9, { 0x000, 0x100, 0x794, 0x404, 0x480, 0x408, 0x7C4, 0x044, 0x744, 0x040, 0x180, 0x000 } }, /* 邬 */
	{ 0xDAFA, { 0x000, 0x100, 0x11C, 0x7C4, 0x204, 0x388, 0x244, 0x244, 0x204, 0x40C, 0x480, 0x000 } }, /* 邡 */
	{ 0xDAFB, { 0x01C, 0x114, 0x114, 0x7D4, 0x554, 0x554, 0x6D2, 0x454, 0x450, 0x4D0, 0x000, 0x000 } }, /* 邴 */
	{ 0xDAFC, { 0x7DC, 0x114, 0x114, 0x314, 0x354, 0x554, 0x110, 0x114, 0x1D0, 0x010, 0x000, 0x000 } }, /* 邳 */
	{ 0xDAFD, { 0x29C, 0x294, 0x2D4, 0x294, 0x294, 0x294, 0x290, 0x6D4, 0x290, 0x010, 0x000, 0x000 } }, /* 邶 */
	{ 0xDAFE, { 0x280, 0x294, 0x294, 0x694, 0x6D4, 0x6D4, 0x290, 0x294, 0x710, 0x010, 0x000, 0x000 } }, /* 邺 */
	{ 0xDBA1, { 0x7DC, 0x504, 0x504, 0x508, 0x508, 0x504, 0x404, 0x6A4, 0x5E0, 0x000, 0x000, 0x000 } }, /* 邸 */
	{ 0xDBA2, { 0x000, 0x200, 0x224, 0x4A4, 0x7E0, 0x028, 0x7A4, 0x4A0, 0x4A4, 0x7AC, 0x020, 0x000 } }, /* 邰 */
	{ 0xDBA3, { 0x000, 0x100, 0x114, 0x104, 0x500, 0x188, 0x7C4, 0x104, 0x384, 0x2C4, 0x400, 0x000 } }, /* 郏 */
	{ 0xDBA4, { 0x01C, 0x214, 0x214, 0x4D0, 0x754, 0x114, 0x7D2, 0x114, 0x110, 0x710, 0x000, 0x000 } }, /* 郅 */
	{ 0xDBA5, { 0x100, 0x514, 0x7D4, 0x110, 0x7D8, 0x114, 0x390, 0x354, 0x510, 0x110, 0x000, 0x000 } }, /* 邾 */
	{ 0xDBA6, { 0x000, 0x100, 0x194, 0x254, 0x610, 0x018, 0x7D4, 0x110, 0x214, 0x3DC, 0x010, 0x000 } }, /* 郐 */
	{ 0xDBA7, { 0x000, 0x01C, 0x394, 0x394, 0x010, 0x7F8, 0x214, 0x512, 0x694, 0x2D0, 0x010, 0x000 } }, /* 郄 */
	{ 0xDBA8, { 0x000, 0x200, 0x214, 0x454, 0x750, 0x4D0, 0x3D4, 0x0D0, 0x7D4, 0x050, 0x010, 0x000 } }, /* 郇 */
	{ 0xDBA9, { 0x7DC, 0x044, 0x204, 0x608, 0x508, 0x7C4, 0x100, 0x1C4, 0x500, 0x100, 0x000, 0x000 } }, /* 郓 */
	{ 0xDBAA, { 0x7FC, 0x014, 0x6F4, 0x0B0, 0x4B4, 0x6F4, 0x2F0, 0x0B4, 0x2B0, 0x010, 0x000, 0x000 } }, /* 郦 */
	{ 0xDBAB, { 0x01C, 0x484, 0x484, 0x788, 0x788, 0x104, 0x784, 0x104, 0x3C0, 0x420, 0x000, 0x000 } }, /* 郢 */
	{ 0xDBAC, { 0x11C, 0x514, 0x784, 0x100, 0x7C8, 0x004, 0x7C0, 0x444, 0x7C0, 0x000, 0x000, 0x000 } }, /* 郜 */
	{ 0xDBAD, { 0x000, 0x29C, 0x194, 0x654, 0x110, 0x210, 0x314, 0x750, 0x154, 0x150, 0x110, 0x000 } }, /* 郗 */
	{ 0xDBAE, { 0x1DC, 0x014, 0x544, 0x500, 0x7C8, 0x084, 0x1C0, 0x704, 0x100, 0x300, 0x000, 0x000 } }, /* 郛 */
	{ 0xDBAF, { 0x000, 0x000, 0x7D4, 0x544, 0x7C0, 0x548, 0x7C4, 0x284, 0x7E4, 0x084, 0x080, 0x000 } }, /* 郫 */
	{ 0xDBB0, { 0x000, 0x11C, 0x544, 0x504, 0x388, 0x448, 0x104, 0x140, 0x104, 0x260, 0x400, 0x000 } }, /* 郯 */
	{ 0xDBB1, { 0x7C0, 0x014, 0x254, 0x250, 0x3D8, 0x514, 0x150, 0x196, 0x314, 0x7D0, 0x000, 0x000 } }, /* 郾 */
	{ 0xDBB2, { 0x7DC, 0x294, 0x7D4, 0x2D0, 0x6D8, 0x114, 0x110, 0x114, 0x150, 0x610, 0x000, 0x000 } }, /* 鄄 */
	{ 0xDBB3, { 0x7DC, 0x114, 0x114, 0x7D0, 0x010, 0x414, 0x7D0, 0x094, 0x350, 0x0D0, 0x000, 0x000 } }, /* 鄢 */
	{ 0xDBB4, { 0x280, 0x7D4, 0x394, 0x110, 0x558, 0x7D4, 0x7D0, 0x116, 0x11C, 0x710, 0x000, 0x000 } }, /* 鄞 */
	{ 0xDBB5, { 0x000, 0x100, 0x7D4, 0x294, 0x7D0, 0x7D8, 0x7D4, 0x450, 0x114, 0x7D4, 0x110, 0x000 } }, /* 鄣 */
	{ 0xDBB6, { 0x1CC, 0x114, 0x354, 0x7D4, 0x350, 0x7F4, 0x550, 0x7D2, 0x554, 0x7D0, 0x000, 0x000 } }, /* 鄱 */
	{ 0xDBB7, { 0x000, 0x280, 0x7D4, 0x114, 0x110, 0x7D8, 0x594, 0x7D0, 0x794, 0x454, 0x4D0, 0x000 } }, /* 鄯 */
	{ 0xDBB8, { 0x78C, 0x534, 0x554, 0x774, 0x798, 0x1D4, 0x012, 0x5D4, 0x2D4, 0x410, 0x000, 0x000 } }, /* 鄹 */
	{ 0xDBB9, { 0x3CC, 0x184, 0x124, 0x004, 0x244, 0x524, 0x3E0, 0x3E0, 0x7E4, 0x000, 0x000, 0x000 } }, /* 酃 */
	{ 0xDBBA, { 0x000, 0x374, 0x7F4, 0x3F4, 0x7F0, 0x414, 0x010, 0x450, 0x254, 0x7D0, 0x000, 0x000 } }, /* 酆 */
	{ 0xDBBB, { 0x000, 0x100, 0x1F0, 0x210, 0x420, 0x3F8, 0x008, 0x3F8, 0x008, 0x008, 0x008, 0x000 } }, /* 刍 */
	{ 0xDBBC, { 0x000, 0x180, 0x1F0, 0x220, 0x7F8, 0x248, 0x248, 0x7FC, 0x0E0, 0x190, 0x60C, 0x000 } }, /* 奂 */
	{ 0xDBBD, { 0x000, 0x010, 0x710, 0x23C, 0x394, 0x214, 0x214, 0x204, 0x4A4, 0x5E4, 0x048, 0x000 } }, /* 劢 */
	{ 0xDBBE, { 0x000, 0x200, 0x010, 0x7FC, 0x450, 0x510, 0x514, 0x514, 0x714, 0x0A4, 0x040, 0x000 } }, /* 劬 */
	{ 0xDBBF, { 0x010, 0x790, 0x290, 0x094, 0x494, 0x794, 0x484, 0x4A4, 0x7E4, 0x048, 0x000, 0x000 } }, /* 劭 */
	{ 0xDBC0, { 0x000, 0x110, 0x7FC, 0x212, 0x492, 0x150, 0x290, 0x590, 0x264, 0x440, 0x000, 0x000 } }, /* 劾 */
	{ 0xDBC1, { 0x100, 0x7BC, 0x264, 0x4BC, 0x480, 0x008, 0x3C8, 0x008, 0x7C8, 0x018, 0x000, 0x000 } }, /* 哿 */
	{ 0xDBC2, { 0x000, 0x000, 0x180, 0x118, 0x114, 0x104, 0x7D4, 0x4D4, 0x4D4, 0x7E4, 0x000, 0x000 } }, /* 勐 */
	{ 0xDBC3, { 0x000, 0x840, 0xB7C, 0x342, 0x790, 0x450, 0x4D0, 0x7D0, 0x7E4, 0x420, 0x000, 0x000 } }, /* 勖 */
	{ 0xDBC4, { 0x200, 0x7BC, 0x2BC, 0x4BC, 0x43C, 0x580, 0x71C, 0x738, 0x350, 0x298, 0x000, 0x000 } }, /* 勰 */
	{ 0xDBC5, { 0x040, 0x258, 0x248, 0x248, 0x3FC, 0x040, 0x3F8, 0x110, 0x0E0, 0x73C, 0x000, 0x000 } }, /* 叟 */
	{ 0xDBC6, { 0x048, 0x248, 0x31C, 0x248, 0x6E4, 0x4F0, 0x3F0, 0x110, 0x0E0, 0x73C, 0x000, 0x000 } }, /* 燮 */
	{ 0xDBC7, { 0x7BC, 0x4A4, 0x7BC, 0x340, 0x3F8, 0x7F8, 0x260, 0x3F8, 0x0B0, 0x7FC, 0x000, 0x000 } }, /* 矍 */
	{ 0xDBC8, { 0x000, 0x100, 0x200, 0x200, 0x780, 0x100, 0x100, 0x300, 0x380, 0x43C, 0x000, 0x000 } }, /* 廴 */
	{ 0xDBC9, { 0x000, 0x404, 0x404, 0x404, 0x404, 0x404, 0x404, 0x404, 0x7FC, 0x004, 0x000, 0x000 } }, /* 凵 */
	{ 0xDBCA, { 0x000, 0x040, 0x040, 0x5DC, 0x0E4, 0x174, 0x154, 0x24C, 0x0C4, 0x004, 0x7FC, 0x000 } }, /* 凼 */
	{ 0xDBCB, { 0x000, 0x050, 0x4A4, 0x454, 0x5B4, 0x404, 0x7F8, 0x208, 0x3E0, 0x204, 0x3F8, 0x000 } }, /* 鬯 */
	{ 0xDBCC, { 0x000, 0x000, 0x0C0, 0x080, 0x080, 0x100, 0x110, 0x208, 0x608, 0x7FC, 0x004, 0x000 } }, /* 厶 */
	{ 0xDBCD, { 0x000, 0x080, 0x190, 0x318, 0x304, 0x010, 0x190, 0x190, 0x110, 0x210, 0x410, 0x000 } }, /* 弁 */
	{ 0xDBCE, { 0x000, 0x080, 0x110, 0x3F8, 0x080, 0x110, 0x3F8, 0x648, 0x3F8, 0x248, 0x3F8, 0x000 } }, /* 畚 */
	{ 0xDBCF, { 0x000, 0x000, 0x7FC, 0x220, 0x74C, 0x074, 0x700, 0x258, 0x258, 0x698, 0x084, 0x000 } }, /* 巯 */
	{ 0xDBD0, { 0x000, 0x020, 0x110, 0x21C, 0x490, 0x110, 0x310, 0x040, 0x2C8, 0x040, 0x7FC, 0x000 } }, /* 坌 */
	{ 0xDBD1, { 0x000, 0x000, 0x0A0, 0x2A8, 0x2A8, 0x7FC, 0x040, 0x040, 0x248, 0x040, 0x7FC, 0x000 } }, /* 垩 */
	{ 0xDBD2, { 0x000, 0x040, 0x24C, 0x6E0, 0x628, 0x230, 0x29C, 0x040, 0x3F8, 0x040, 0x7FC, 0x000 } }, /* 垡 */
	{ 0xDBD3, { 0x000, 0x110, 0x390, 0x498, 0x320, 0x7B8, 0x7A4, 0x100, 0x3F8, 0x040, 0x7FC, 0x000 } }, /* 塾 */
	{ 0xDBD4, { 0x000, 0x118, 0x388, 0x564, 0x7FC, 0x7D0, 0x558, 0x3E0, 0x040, 0x040, 0x7FC, 0x000 } }, /* 墼 */
	{ 0xDBD5, { 0x000, 0x040, 0x7FC, 0x278, 0x750, 0x2D0, 0x150, 0x67C, 0x040, 0x040, 0x7FC, 0x000 } }, /* 壅 */
	{ 0xDBD6, { 0x000, 0x100, 0x1DC, 0x5B4, 0x5D0, 0x3C8, 0x7C8, 0x3F4, 0x040, 0x040, 0x7FC, 0x000 } }, /* 壑 */
	{ 0xDBD7, { 0x200, 0x210, 0x210, 0x710, 0x27C, 0x210, 0x210, 0x710, 0x010, 0x030, 0x000, 0x000 } }, /* 圩 */
	{ 0xDBD8, { 0x200, 0x200, 0x200, 0x27C, 0x220, 0x220, 0x20C, 0x600, 0x008, 0x018, 0x000, 0x000 } }, /* 圬 */
	{ 0xDBD9, { 0x000, 0x220, 0x220, 0x240, 0x780, 0x27C, 0x208, 0x210, 0x320, 0x040, 0x03C, 0x000 } }, /* 圪 */
	{ 0xDBDA, { 0x000, 0x204, 0x254, 0x254, 0x754, 0x254, 0x214, 0x214, 0x694, 0x084, 0x004, 0x000 } }, /* 圳 */
	{ 0xDBDB, { 0x000, 0x210, 0x210, 0x240, 0x740, 0x240, 0x240, 0x240, 0x740, 0x080, 0x080, 0x000 } }, /* 圹 */
	{ 0xDBDC, { 0x000, 0x278, 0x204, 0x204, 0x704, 0x27C, 0x240, 0x240, 0x3C0, 0x444, 0x07C, 0x000 } }, /* 圮 */
	{ 0xDBDD, { 0x000, 0x200, 0x244, 0x244, 0x744, 0x27C, 0x240, 0x240, 0x740, 0x044, 0x038, 0x000 } }, /* 圯 */
	{ 0xDBDE, { 0x27C, 0x200, 0x210, 0x77C, 0x214, 0x214, 0x294, 0x7A4, 0x0A4, 0x148, 0x000, 0x000 } }, /* 坜 */
	{ 0xDBDF, { 0x20C, 0x240, 0x240, 0x77C, 0x248, 0x248, 0x248, 0x748, 0x088, 0x088, 0x000, 0x000 } }, /* 圻 */
	{ 0xDBE0, { 0x200, 0x260, 0x240, 0x77C, 0x268, 0x228, 0x298, 0x690, 0x1AC, 0x140, 0x000, 0x000 } }, /* 坂 */
	{ 0xDBE1, { 0x000, 0x048, 0x048, 0x248, 0x648, 0x048, 0x078, 0x248, 0x648, 0x078, 0x048, 0x000 } }, /* 坩 */
	{ 0xDBE2, { 0x220, 0x228, 0x260, 0x770, 0x210, 0x250, 0x258, 0x690, 0x0B0, 0x11C, 0x000, 0x000 } }, /* 垅 */
	{ 0xDBE3, { 0x200, 0x200, 0x21C, 0x700, 0x200, 0x27C, 0x244, 0x644, 0x07C, 0x044, 0x000, 0x000 } }, /* 坫 */
	{ 0xDBE4, { 0x000, 0x220, 0x23C, 0x220, 0x67C, 0x244, 0x244, 0x24C, 0x680, 0x080, 0x100, 0x000 } }, /* 垆 */
	{ 0xDBE5, { 0x000, 0x23C, 0x240, 0x240, 0x77C, 0x240, 0x250, 0x258, 0x78C, 0x080, 0x080, 0x000 } }, /* 坼 */
	{ 0xDBE6, { 0x218, 0x290, 0x290, 0x790, 0x2FC, 0x290, 0x290, 0x688, 0x0CC, 0x084, 0x000, 0x000 } }, /* 坻 */
	{ 0xDBE7, { 0x000, 0x210, 0x210, 0x284, 0x780, 0x240, 0x278, 0x260, 0x340, 0x444, 0x03C, 0x000 } }, /* 坨 */
	{ 0xDBE8, { 0x278, 0x244, 0x244, 0x240, 0x220, 0x2AC, 0x3B0, 0x4A0, 0x120, 0x11C, 0x000, 0x000 } }, /* 坭 */
	{ 0xDBE9, { 0x238, 0x244, 0x254, 0x744, 0x2FC, 0x240, 0x350, 0x47C, 0x008, 0x008, 0x000, 0x000 } }, /* 坶 */
	{ 0xDBEA, { 0x000, 0x000, 0x000, 0x09C, 0x7E4, 0x044, 0x044, 0x0B4, 0x6D4, 0x024, 0x048, 0x000 } }, /* 坳 */
	{ 0xDBEB, { 0x000, 0x200, 0x278, 0x220, 0x720, 0x2A4, 0x264, 0x268, 0x320, 0x030, 0x0FC, 0x000 } }, /* 垭 */
	{ 0xDBEC, { 0x000, 0x200, 0x220, 0x220, 0x744, 0x2FC, 0x200, 0x230, 0x630, 0x000, 0x0FC, 0x000 } }, /* 垤 */
	{ 0xDBED, { 0x27C, 0x204, 0x23C, 0x204, 0x23C, 0x22C, 0x22C, 0x604, 0x004, 0x004, 0x000, 0x000 } }, /* 垌 */
	{ 0xDBEE, { 0x000, 0x210, 0x294, 0x294, 0x700, 0x27C, 0x204, 0x27C, 0x700, 0x000, 0x07C, 0x000 } }, /* 垲 */
	{ 0xDBEF, { 0x00C, 0x248, 0x208, 0x688, 0x2CC, 0x248, 0x2C8, 0x69C, 0x0E0, 0x10C, 0x000, 0x000 } }, /* 埏 */
	{ 0xDBF0, { 0x000, 0x220, 0x220, 0x284, 0x780, 0x2A8, 0x2A8, 0x2A8, 0x6B8, 0x084, 0x084, 0x000 } }, /* 垧 */
	{ 0xDBF1, { 0x000, 0x200, 0x210, 0x200, 0x728, 0x234, 0x214, 0x234, 0x76C, 0x0C4, 0x004, 0x000 } }, /* 垴 */
	{ 0xDBF2, { 0x000, 0x210, 0x210, 0x220, 0x628, 0x250, 0x234, 0x228, 0x6D8, 0x02C, 0x0C4, 0x000 } }, /* 垓 */
	{ 0xDBF3, { 0x000, 0x278, 0x200, 0x278, 0x700, 0x278, 0x204, 0x218, 0x710, 0x06C, 0x0C0, 0x000 } }, /* 垠 */
	{ 0xDBF4, { 0x000, 0x278, 0x244, 0x244, 0x778, 0x27C, 0x210, 0x230, 0x710, 0x010, 0x0FC, 0x000 } }, /* 埕 */
	{ 0xDBF5, { 0x004, 0x0E4, 0x0AC, 0x7A4, 0x0F0, 0x0B0, 0x0A0, 0x6E0, 0x0A0, 0x008, 0x000, 0x000 } }, /* 埘 */
	{ 0xDBF6, { 0x27C, 0x244, 0x27C, 0x210, 0x27C, 0x294, 0x2BC, 0x6A4, 0x084, 0x084, 0x000, 0x000 } }, /* 埚 */
	{ 0xDBF7, { 0x278, 0x244, 0x27C, 0x200, 0x2FC, 0x204, 0x204, 0x620, 0x028, 0x0C4, 0x000, 0x000 } }, /* 埙 */
	{ 0xDBF8, { 0x000, 0x21C, 0x280, 0x224, 0x740, 0x208, 0x2FC, 0x208, 0x348, 0x408, 0x018, 0x000 } }, /* 埒 */
	{ 0xDBF9, { 0x000, 0x020, 0x230, 0x284, 0x748, 0x200, 0x2FC, 0x210, 0x350, 0x450, 0x18C, 0x000 } }, /* 垸 */
	{ 0xDBFA, { 0x000, 0x210, 0x2FC, 0x220, 0x778, 0x248, 0x248, 0x278, 0x378, 0x000, 0x0FC, 0x000 } }, /* 埴 */
	{ 0xDBFB, { 0x000, 0x220, 0x2FC, 0x240, 0x2A8, 0x3FC, 0x2A0, 0x2F8, 0x4F8, 0x020, 0x01C, 0x000 } }, /* 埯 */
	{ 0xDBFC, { 0x278, 0x244, 0x27C, 0x74C, 0x240, 0x27C, 0x2A8, 0x654, 0x024, 0x04C, 0x000, 0x000 } }, /* 埸 */
	{ 0xDBFD, { 0x000, 0x210, 0x27C, 0x214, 0x27C, 0x204, 0x27C, 0x350, 0x4FC, 0x010, 0x010, 0x000 } }, /* 埤 */
	{ 0xDBFE, { 0x000, 0x220, 0x230, 0x258, 0x6A4, 0x220, 0x218, 0x220, 0x684, 0x0CC, 0x038, 0x000 } }, /* 埝 */
	{ 0xDCA1, { 0x000, 0x0B4, 0x6B0, 0x6FC, 0x0B0, 0x0FC, 0x2B4, 0x4B0, 0x134, 0x154, 0x000, 0x000 } }, /* 堋 */
	{ 0xDCA2, { 0x000, 0x200, 0x278, 0x290, 0x7FC, 0x2A4, 0x2FC, 0x230, 0x310, 0x450, 0x19C, 0x000 } }, /* 堍 */
	{ 0xDCA3, { 0x278, 0x20C, 0x604, 0x278, 0x2FC, 0x200, 0x2FC, 0x684, 0x088, 0x000, 0x000, 0x000 } }, /* 埽 */
	{ 0xDCA4, { 0x000, 0x020, 0x078, 0x22C, 0x62C, 0x0F8, 0x020, 0x2B8, 0x668, 0x0A4, 0x020, 0x000 } }, /* 埭 */
	{ 0xDCA5, { 0x000, 0x27C, 0x284, 0x2FC, 0x680, 0x2A4, 0x2BC, 0x380, 0x4C0, 0x144, 0x124, 0x000 } }, /* 堀 */
	{ 0xDCA6, { 0x028, 0x0A8, 0x2A8, 0x6B8, 0x080, 0x020, 0x3FC, 0x470, 0x0A8, 0x124, 0x000, 0x000 } }, /* 堞 */
	{ 0xDCA7, { 0x000, 0x2FC, 0x230, 0x2FC, 0x7B4, 0x2B4, 0x2FC, 0x200, 0x67C, 0x000, 0x0FC, 0x000 } }, /* 堙 */
	{ 0xDCA8, { 0x27C, 0x2A4, 0x7A4, 0x27C, 0x210, 0x2FC, 0x320, 0x644, 0x044, 0x098, 0x000, 0x000 } }, /* 塄 */
	{ 0xDCA9, { 0x000, 0x258, 0x208, 0x2BC, 0x780, 0x2BC, 0x280, 0x2BC, 0x498, 0x094, 0x0A4, 0x000 } }, /* 堠 */
	{ 0xDCAA, { 0x2FC, 0x200, 0x24C, 0x27C, 0x200, 0x2BC, 0x3A4, 0x4BC, 0x084, 0x084, 0x000, 0x000 } }, /* 塥 */
	{ 0xDCAB, { 0x27C, 0x290, 0x790, 0x2A4, 0x2BC, 0x2A4, 0x390, 0x0A4, 0x144, 0x110, 0x000, 0x000 } }, /* 塬 */
	{ 0xDCAC, { 0x27C, 0x2C4, 0x284, 0x67C, 0x2FC, 0x2FC, 0x200, 0x648, 0x030, 0x0EC, 0x000, 0x000 } }, /* 墁 */
	{ 0xDCAD, { 0x000, 0x030, 0x090, 0x0BC, 0x6FC, 0x07C, 0x07C, 0x754, 0x554, 0x154, 0x254, 0x000 } }, /* 墉 */
	{ 0xDCAE, { 0x2B8, 0x210, 0x234, 0x228, 0x2A8, 0x200, 0x2FC, 0x678, 0x084, 0x000, 0x000, 0x000 } }, /* 墚 */
	{ 0xDCAF, { 0x2FC, 0x284, 0x2FC, 0x2B4, 0x2B4, 0x290, 0x3FC, 0x490, 0x17C, 0x110, 0x000, 0x000 } }, /* 墀 */
	{ 0xDCB0, { 0x000, 0x110, 0x12C, 0x020, 0x798, 0x43C, 0x1E0, 0x1F0, 0x3FC, 0x1F0, 0x110, 0x000 } }, /* 馨 */
	{ 0xDCB1, { 0x100, 0x33C, 0x3B8, 0x488, 0x298, 0x680, 0x3F8, 0x3F8, 0x1E0, 0x060, 0x000, 0x000 } }, /* 鼙 */
	{ 0xDCB2, { 0x000, 0x210, 0x79C, 0x300, 0x788, 0x358, 0x354, 0x480, 0x30C, 0x144, 0x718, 0x000 } }, /* 懿 */
	{ 0xDCB3, { 0x000, 0x000, 0x100, 0x7FC, 0x100, 0x000, 0x000, 0x000, 0x000, 0x000, 0x000, 0x000 } }, /* 艹 */
	{ 0xDCB4, { 0x100, 0x1B0, 0x130, 0x080, 0x0C0, 0x090, 0x090, 0x110, 0x214, 0x400, 0x000, 0x000 } }, /* 艽 */
	{ 0xDCB5, { 0x100, 0x7FC, 0x110, 0x000, 0x3F0, 0x010, 0x11C, 0x104, 0x204, 0x418, 0x000, 0x000 } }, /* 艿 */
	{ 0xDCB6, { 0x000, 0x000, 0x1B0, 0x130, 0x040, 0x040, 0x3F8, 0x040, 0x040, 0x040, 0x7FC, 0x000 } }, /* 芏 */
	{ 0xDCB7, { 0x100, 0x7FC, 0x110, 0x010, 0x3C0, 0x040, 0x7FC, 0x040, 0x040, 0x040, 0x000, 0x000 } }, /* 芊 */
	{ 0xDCB8, { 0x100, 0x7FC, 0x100, 0x230, 0x110, 0x118, 0x188, 0x350, 0x270, 0x58C, 0x000, 0x000 } }, /* 芨 */
	{ 0xDCB9, { 0x110, 0x7FC, 0x110, 0x080, 0x7F0, 0x090, 0x390, 0x1D0, 0x112, 0x60C, 0x000, 0x000 } }, /* 芄 */
	{ 0xDCBA, { 0x110, 0x7FC, 0x100, 0x3F8, 0x008, 0x3F8, 0x200, 0x008, 0x008, 0x018, 0x000, 0x000 } }, /* 芎 */
	{ 0xDCBB, { 0x000, 0x100, 0x7FC, 0x110, 0x130, 0x008, 0x008, 0x200, 0x200, 0x204, 0x1F8, 0x000 } }, /* 芑 */
	{ 0xDCBC, { 0x110, 0x7FC, 0x110, 0x080, 0x310, 0x060, 0x188, 0x330, 0x060, 0x700, 0x000, 0x000 } }, /* 芗 */
	{ 0xDCBD, { 0x110, 0x7FC, 0x110, 0x040, 0x3F8, 0x040, 0x7FC, 0x0A0, 0x118, 0x604, 0x000, 0x000 } }, /* 芙 */
	{ 0xDCBE, { 0x100, 0x7FC, 0x120, 0x000, 0x000, 0x7FC, 0x0A0, 0x120, 0x124, 0x61C, 0x000, 0x000 } }, /* 芫 */
	{ 0xDCBF, { 0x110, 0x7FC, 0x110, 0x000, 0x000, 0x000, 0x0C0, 0x090, 0x118, 0x38C, 0x000, 0x000 } }, /* 芸 */
	{ 0xDCC0, { 0x100, 0x7FC, 0x110, 0x040, 0x040, 0x040, 0x248, 0x248, 0x248, 0x040, 0x000, 0x000 } }, /* 芾 */
	{ 0xDCC1, { 0x100, 0x7FC, 0x100, 0x040, 0x040, 0x3F0, 0x110, 0x0A0, 0x0E0, 0x71C, 0x000, 0x000 } }, /* 芰 */
	{ 0xDCC2, { 0x110, 0x7FC, 0x110, 0x3FC, 0x200, 0x260, 0x248, 0x040, 0x488, 0x598, 0x000, 0x000 } }, /* 苈 */
	{ 0xDCC3, { 0x000, 0x110, 0x7FC, 0x110, 0x3FC, 0x200, 0x288, 0x288, 0x290, 0x484, 0x47C, 0x000 } }, /* 苊 */
	{ 0xDCC4, { 0x000, 0x100, 0x7FC, 0x100, 0x3FC, 0x200, 0x3F8, 0x208, 0x3F8, 0x200, 0x3FC, 0x000 } }, /* 苣 */
	{ 0xDCC5, { 0x000, 0x100, 0x7FC, 0x130, 0x000, 0x400, 0x738, 0x420, 0x480, 0x724, 0x43C, 0x000 } }, /* 芘 */
	{ 0xDCC6, { 0x000, 0x110, 0x7FC, 0x110, 0x000, 0x040, 0x078, 0x040, 0x040, 0x340, 0x7FC, 0x000 } }, /* 芷 */
	{ 0xDCC7, { 0x100, 0x7FC, 0x110, 0x040, 0x3F8, 0x040, 0x0A0, 0x190, 0x008, 0x008, 0x000, 0x000 } }, /* 芮 */
	{ 0xDCC8, { 0x100, 0x7FC, 0x100, 0x3F0, 0x208, 0x248, 0x248, 0x0A0, 0x1A4, 0x63C, 0x000, 0x000 } }, /* 苋 */
	{ 0xDCC9, { 0x100, 0x7FC, 0x110, 0x018, 0x0E0, 0x380, 0x360, 0x020, 0x190, 0x30C, 0x000, 0x000 } }, /* 苌 */
	{ 0xDCCA, { 0x000, 0x7FC, 0x110, 0x000, 0x110, 0x110, 0x330, 0x2B0, 0x648, 0x444, 0x000, 0x000 } }, /* 苁 */
	{ 0xDCCB, { 0x100, 0x7FC, 0x100, 0x0C0, 0x110, 0x64C, 0x000, 0x010, 0x020, 0x040, 0x000, 0x000 } }, /* 芩 */
	{ 0xDCCC, { 0x110, 0x7FC, 0x110, 0x100, 0x3F8, 0x4A0, 0x120, 0x248, 0x088, 0x318, 0x000, 0x000 } }, /* 芴 */
	{ 0xDCCD, { 0x110, 0x7FC, 0x110, 0x100, 0x3F8, 0x648, 0x040, 0x0E0, 0x110, 0x60C, 0x000, 0x000 } }, /* 芡 */
	{ 0xDCCE, { 0x100, 0x7FC, 0x100, 0x3F8, 0x240, 0x240, 0x268, 0x020, 0x394, 0x20C, 0x000, 0x000 } }, /* 芪 */
	{ 0xDCCF, { 0x100, 0x7FC, 0x110, 0x0E0, 0x110, 0x61C, 0x1F0, 0x0A0, 0x0E0, 0x71C, 0x000, 0x000 } }, /* 芟 */
	{ 0xDCD0, { 0x000, 0x100, 0x7FC, 0x100, 0x040, 0x7FC, 0x040, 0x070, 0x058, 0x040, 0x040, 0x000 } }, /* 苄 */
	{ 0xDCD1, { 0x000, 0x100, 0x7FC, 0x110, 0x040, 0x040, 0x404, 0x404, 0x000, 0x000, 0x000, 0x000 } }, /* 苎 */
	{ 0xDCD2, { 0x100, 0x7FC, 0x100, 0x7D0, 0x090, 0x110, 0x1D0, 0x510, 0x114, 0x31C, 0x000, 0x000 } }, /* 芤 */
	{ 0xDCD3, { 0x100, 0x7FC, 0x100, 0x000, 0x210, 0x250, 0x210, 0x318, 0x224, 0x0C0, 0x000, 0x000 } }, /* 苡 */
	{ 0xDCD4, { 0x110, 0x7FC, 0x110, 0x040, 0x040, 0x3F8, 0x0E0, 0x150, 0x24C, 0x440, 0x000, 0x000 } }, /* 茉 */
	{ 0xDCD5, { 0x000, 0x010, 0x7FC, 0x010, 0x100, 0x7FC, 0x100, 0x1F0, 0x100, 0x1F0, 0x110, 0x000 } }, /* 苷 */
	{ 0xDCD6, { 0x000, 0x100, 0x7FC, 0x100, 0x7FC, 0x040, 0x0D0, 0x148, 0x640, 0x040, 0x7FC, 0x000 } }, /* 苤 */
	{ 0xDCD7, { 0x000, 0x100, 0x7FC, 0x100, 0x090, 0x7FC, 0x0A0, 0x038, 0x120, 0x2E4, 0x43C, 0x000 } }, /* 茏 */
	{ 0xDCD8, { 0x110, 0x7FC, 0x010, 0x090, 0x080, 0x080, 0x198, 0x290, 0x460, 0x18C, 0x000, 0x000 } }, /* 茇 */
	{ 0xDCD9, { 0x000, 0x100, 0x7FC, 0x100, 0x3F8, 0x208, 0x3F8, 0x208, 0x3F8, 0x208, 0x208, 0x000 } }, /* 苜 */
	{ 0xDCDA, { 0x000, 0x100, 0x7FC, 0x100, 0x1F0, 0x208, 0x3F8, 0x208, 0x3F8, 0x208, 0x7FC, 0x000 } }, /* 苴 */
	{ 0xDCDB, { 0x000, 0x100, 0x7FC, 0x100, 0x040, 0x248, 0x3F8, 0x248, 0x7FC, 0x208, 0x218, 0x000 } }, /* 苒 */
	{ 0xDCDC, { 0x000, 0x110, 0x7FC, 0x110, 0x1B0, 0x000, 0x0E0, 0x0A0, 0x0A0, 0x000, 0x008, 0x000 } }, /* 苘 */
	{ 0xDCDD, { 0x100, 0x7FC, 0x110, 0x100, 0x220, 0x6FC, 0x220, 0x220, 0x220, 0x2FC, 0x000, 0x000 } }, /* 茌 */
	{ 0xDCDE, { 0x110, 0x7FC, 0x110, 0x108, 0x218, 0x608, 0x208, 0x248, 0x208, 0x210, 0x000, 0x000 } }, /* 苻 */
	{ 0xDCDF, { 0x100, 0x7FC, 0x100, 0x0C0, 0x110, 0x64C, 0x1F0, 0x010, 0x0A0, 0x020, 0x000, 0x000 } }, /* 苓 */
	{ 0xDCE0, { 0x100, 0x7FC, 0x040, 0x3F8, 0x288, 0x210, 0x3FC, 0x004, 0x004, 0x008, 0x000, 0x000 } }, /* 茑 */
	{ 0xDCE1, { 0x100, 0x7FC, 0x100, 0x3A0, 0x424, 0x424, 0x424, 0x424, 0x728, 0x020, 0x000, 0x000 } }, /* 茚 */
	{ 0xDCE2, { 0x100, 0x7FC, 0x100, 0x380, 0x424, 0x4A4, 0x5A4, 0x524, 0x128, 0x620, 0x000, 0x000 } }, /* 茆 */
	{ 0xDCE3, { 0x000, 0x100, 0x7FC, 0x100, 0x130, 0x404, 0x040, 0x3F0, 0x040, 0x040, 0x7FC, 0x000 } }, /* 茔 */
	{ 0xDCE4, { 0x100, 0x7FC, 0x100, 0x7FC, 0x404, 0x1F0, 0x090, 0x3F0, 0x08C, 0x08C, 0x000, 0x000 } }, /* 茕 */
	{ 0xDCE5, { 0x000, 0x7FC, 0x000, 0x3F8, 0x208, 0x220, 0x3FC, 0x220, 0x394, 0x20C, 0x000, 0x000 } }, /* 苠 */
	{ 0xDCE6, { 0x000, 0x100, 0x7FC, 0x100, 0x3F8, 0x088, 0x108, 0x310, 0x308, 0x208, 0x308, 0x000 } }, /* 苕 */
	{ 0xDCE7, { 0x000, 0x100, 0x7FC, 0x100, 0x7FC, 0x0A0, 0x3FC, 0x0A4, 0x11C, 0x004, 0x20C, 0x000 } }, /* 茜 */
	{ 0xDCE8, { 0x110, 0x170, 0x040, 0x040, 0x3F8, 0x3F8, 0x640, 0x0E4, 0x1A8, 0x60C, 0x000, 0x000 } }, /* 荑 */
	{ 0xDCE9, { 0x110, 0x1B0, 0x118, 0x790, 0x0E0, 0x3B8, 0x018, 0x120, 0x120, 0x63C, 0x000, 0x000 } }, /* 荛 */
	{ 0xDCEA, { 0x100, 0x7FC, 0x000, 0x228, 0x220, 0x2A4, 0x218, 0x7FC, 0x040, 0x040, 0x000, 0x000 } }, /* 荜 */
	{ 0xDCEB, { 0x000, 0x120, 0x7FC, 0x120, 0x120, 0x120, 0x5A8, 0x520, 0x520, 0x7A0, 0x41C, 0x000 } }, /* 茈 */
	{ 0xDCEC, { 0x110, 0x7FC, 0x000, 0x3F8, 0x208, 0x3F8, 0x000, 0x60C, 0x400, 0x7FC, 0x000, 0x000 } }, /* 莒 */
	{ 0xDCED, { 0x100, 0x7FC, 0x100, 0x3FC, 0x404, 0x404, 0x4F4, 0x494, 0x404, 0x408, 0x000, 0x000 } }, /* 茼 */
	{ 0xDCEE, { 0x100, 0x7FC, 0x110, 0x3F8, 0x404, 0x4E4, 0x524, 0x4E4, 0x404, 0x7FC, 0x000, 0x000 } }, /* 茴 */
	{ 0xDCEF, { 0x100, 0x7FC, 0x110, 0x240, 0x3F8, 0x040, 0x1E0, 0x170, 0x258, 0x444, 0x000, 0x000 } }, /* 茱 */
	{ 0xDCF0, { 0x100, 0x7FC, 0x000, 0x778, 0x210, 0x778, 0x110, 0x37C, 0x300, 0x47C, 0x000, 0x000 } }, /* 莛 */
	{ 0xDCF1, { 0x100, 0x7FC, 0x118, 0x3C0, 0x0C0, 0x0B0, 0x318, 0x414, 0x110, 0x210, 0x000, 0x000 } }, /* 荞 */
	{ 0xDCF2, { 0x000, 0x7FC, 0x110, 0x128, 0x220, 0x6FC, 0x220, 0x250, 0x248, 0x284, 0x000, 0x000 } }, /* 茯 */
	{ 0xDCF3, { 0x000, 0x000, 0x7FC, 0x000, 0x118, 0x220, 0x620, 0x6FC, 0x220, 0x220, 0x2FC, 0x000 } }, /* 荏 */
	{ 0xDCF4, { 0x010, 0x7FC, 0x000, 0x27C, 0x400, 0x100, 0x210, 0x610, 0x210, 0x230, 0x000, 0x000 } }, /* 荇 */
	{ 0xDCF5, { 0x000, 0x110, 0x7FC, 0x140, 0x0E0, 0x110, 0x5F4, 0x040, 0x1F0, 0x040, 0x7FC, 0x000 } }, /* 荃 */
	{ 0xDCF6, { 0x100, 0x7FC, 0x140, 0x0A0, 0x318, 0x5F4, 0x200, 0x080, 0x110, 0x3E8, 0x000, 0x000 } }, /* 荟 */
	{ 0xDCF7, { 0x010, 0x7FC, 0x100, 0x3F8, 0x204, 0x7E4, 0x224, 0x224, 0x3E4, 0x208, 0x000, 0x000 } }, /* 荀 */
	{ 0xDCF8, { 0x110, 0x7FC, 0x100, 0x1F8, 0x310, 0x4E0, 0x1C0, 0x708, 0x008, 0x108, 0x000, 0x000 } }, /* 茗 */
	{ 0xDCF9, { 0x100, 0x7FC, 0x040, 0x7FC, 0x120, 0x0E0, 0x71C, 0x110, 0x110, 0x210, 0x000, 0x000 } }, /* 荠 */
	{ 0xDCFA, { 0x100, 0x7FC, 0x150, 0x7FC, 0x000, 0x318, 0x010, 0x0E0, 0x0E0, 0x70C, 0x000, 0x000 } }, /* 茭 */
	{ 0xDCFB, { 0x100, 0x7FC, 0x040, 0x7FC, 0x080, 0x118, 0x3AC, 0x0A0, 0x120, 0x63C, 0x000, 0x000 } }, /* 茺 */
	{ 0xDCFC, { 0x000, 0x100, 0x7FC, 0x100, 0x200, 0x020, 0x620, 0x020, 0x220, 0x430, 0x400, 0x000 } }, /* 茳 */
	{ 0xDCFD, { 0x110, 0x7FC, 0x100, 0x7FC, 0x544, 0x1F8, 0x240, 0x7FC, 0x040, 0x040, 0x000, 0x000 } }, /* 荦 */
	{ 0xDCFE, { 0x100, 0x7FC, 0x100, 0x7FC, 0x444, 0x048, 0x170, 0x150, 0x24C, 0x4C0, 0x000, 0x000 } }, /* 荥 */
	{ 0xDDA1, { 0x000, 0x7FC, 0x100, 0x008, 0x3F8, 0x3F8, 0x010, 0x7FC, 0x110, 0x030, 0x000, 0x000 } }, /* 荨 */
	{ 0xDDA2, { 0x120, 0x7FC, 0x100, 0x3F8, 0x218, 0x208, 0x3F8, 0x258, 0x3B0, 0x20C, 0x000, 0x000 } }, /* 茛 */
	{ 0xDDA3, { 0x020, 0x7FC, 0x000, 0x3F8, 0x208, 0x230, 0x290, 0x44C, 0x480, 0x020, 0x000, 0x000 } }, /* 荩 */
	{ 0xDDA4, { 0x100, 0x7FC, 0x000, 0x7FC, 0x184, 0x300, 0x160, 0x040, 0x098, 0x604, 0x000, 0x000 } }, /* 荬 */
	{ 0xDDA5, { 0x100, 0x7FC, 0x100, 0x790, 0x110, 0x154, 0x754, 0x150, 0x110, 0x230, 0x000, 0x000 } }, /* 荪 */
	{ 0xDDA6, { 0x000, 0x110, 0x7FC, 0x110, 0x200, 0x490, 0x710, 0x210, 0x610, 0x190, 0x400, 0x000 } }, /* 荭 */
	{ 0xDDA7, { 0x110, 0x7FC, 0x000, 0x208, 0x7FC, 0x708, 0x248, 0x608, 0x188, 0x410, 0x000, 0x000 } }, /* 荮 */
	{ 0xDDA8, { 0x000, 0x120, 0x7FC, 0x020, 0x220, 0x7BC, 0x040, 0x030, 0x3B0, 0x468, 0x0C4, 0x000 } }, /* 莰 */
	{ 0xDDA9, { 0x000, 0x7FC, 0x040, 0x248, 0x3F8, 0x404, 0x030, 0x060, 0x040, 0x040, 0x000, 0x000 } }, /* 荸 */
	{ 0xDDAA, { 0x020, 0x7FC, 0x020, 0x708, 0x47C, 0x508, 0x528, 0x528, 0x508, 0x418, 0x000, 0x000 } }, /* 莳 */
	{ 0xDDAB, { 0x000, 0x100, 0x7FC, 0x130, 0x208, 0x3F8, 0x040, 0x4EC, 0x4A4, 0x514, 0x408, 0x000 } }, /* 莴 */
	{ 0xDDAC, { 0x100, 0x7FC, 0x138, 0x040, 0x7FC, 0x150, 0x7E4, 0x0B8, 0x108, 0x618, 0x000, 0x000 } }, /* 莠 */
	{ 0xDDAD, { 0x000, 0x100, 0x7FC, 0x100, 0x7A8, 0x128, 0x128, 0x1A8, 0x710, 0x170, 0x20C, 0x000 } }, /* 莪 */
	{ 0xDDAE, { 0x000, 0x7FC, 0x200, 0x208, 0x5F8, 0x248, 0x7FC, 0x248, 0x3FC, 0x010, 0x000, 0x000 } }, /* 莓 */
	{ 0xDDAF, { 0x000, 0x7FC, 0x000, 0x000, 0x2BC, 0x6E8, 0x6A8, 0x290, 0x238, 0x244, 0x000, 0x000 } }, /* 莜 */
	{ 0xDDB0, { 0x000, 0x000, 0x7FC, 0x000, 0x120, 0x2FC, 0x608, 0x248, 0x250, 0x210, 0x200, 0x000 } }, /* 莅 */
	{ 0xDDB1, { 0x010, 0x7FC, 0x0C0, 0x1A0, 0x7F8, 0x040, 0x3FC, 0x040, 0x358, 0x0C0, 0x000, 0x000 } }, /* 荼 */
	{ 0xDDB2, { 0x000, 0x100, 0x7FC, 0x100, 0x0C0, 0x110, 0x7FC, 0x000, 0x150, 0x010, 0x7FC, 0x000 } }, /* 莶 */
	{ 0xDDB3, { 0x110, 0x7FC, 0x010, 0x3D8, 0x250, 0x3F8, 0x030, 0x7FC, 0x040, 0x0C0, 0x000, 0x000 } }, /* 莩 */
	{ 0xDDB4, { 0x110, 0x7FC, 0x010, 0x7C0, 0x258, 0x000, 0x7FC, 0x110, 0x0F0, 0x70C, 0x000, 0x000 } }, /* 荽 */
	{ 0xDDB5, { 0x000, 0x100, 0x7FC, 0x000, 0x728, 0x2FC, 0x530, 0x330, 0x550, 0x150, 0x28C, 0x000 } }, /* 莸 */
	{ 0xDDB6, { 0x100, 0x7FC, 0x000, 0x720, 0x264, 0x5A8, 0x330, 0x530, 0x148, 0x284, 0x000, 0x000 } }, /* 荻 */
	{ 0xDDB7, { 0x010, 0x7FC, 0x040, 0x3FC, 0x110, 0x130, 0x040, 0x040, 0x040, 0x040, 0x000, 0x000 } }, /* 莘 */
	{ 0xDDB8, { 0x100, 0x7FC, 0x140, 0x7FC, 0x404, 0x000, 0x7FC, 0x0A0, 0x124, 0x61C, 0x000, 0x000 } }, /* 莞 */
	{ 0xDDB9, { 0x110, 0x7FC, 0x140, 0x3F8, 0x208, 0x208, 0x3F8, 0x250, 0x2B0, 0x20C, 0x000, 0x000 } }, /* 莨 */
	{ 0xDDBA, { 0x020, 0x7FC, 0x1A0, 0x484, 0x1F0, 0x050, 0x100, 0x004, 0x7E4, 0x008, 0x000, 0x000 } }, /* 莺 */
	{ 0xDDBB, { 0x000, 0x120, 0x7FC, 0x000, 0x230, 0x510, 0x254, 0x67C, 0x430, 0x310, 0x41C, 0x000 } }, /* 莼 */
	{ 0xDDBC, { 0x000, 0x110, 0x1F0, 0x3F8, 0x3F8, 0x040, 0x1F8, 0x208, 0x308, 0x3F8, 0x218, 0x000 } }, /* 菁 */
	{ 0xDDBD, { 0x100, 0x7FC, 0x100, 0x7FC, 0x1F0, 0x110, 0x110, 0x7FC, 0x110, 0x604, 0x000, 0x000 } }, /* 萁 */
	{ 0xDDBE, { 0x020, 0x7FC, 0x000, 0x03C, 0x780, 0x23C, 0x388, 0x448, 0x048, 0x088, 0x000, 0x000 } }, /* 菥 */
	{ 0xDDBF, { 0x000, 0x000, 0x7FC, 0x000, 0x228, 0x748, 0x254, 0x7A0, 0x628, 0x27C, 0x200, 0x000 } }, /* 菘 */
	{ 0xDDC0, { 0x000, 0x110, 0x7FC, 0x1F0, 0x040, 0x248, 0x3F8, 0x3F8, 0x040, 0x040, 0x7FC, 0x000 } }, /* 堇 */
	{ 0xDDC1, { 0x100, 0x7FC, 0x000, 0x7FC, 0x110, 0x2F8, 0x60C, 0x040, 0x350, 0x0C8, 0x000, 0x000 } }, /* 萘 */
	{ 0xDDC2, { 0x000, 0x120, 0x1E0, 0x7FC, 0x3F0, 0x048, 0x048, 0x0C0, 0x7FC, 0x0E0, 0x388, 0x000 } }, /* 萋 */
	{ 0xDDC3, { 0x100, 0x7FC, 0x100, 0x228, 0x37C, 0x278, 0x368, 0x278, 0x290, 0x644, 0x000, 0x000 } }, /* 菝 */
	{ 0xDDC4, { 0x000, 0x000, 0x7FC, 0x000, 0x100, 0x124, 0x780, 0x118, 0x598, 0x138, 0x244, 0x000 } }, /* 菽 */
	{ 0xDDC5, { 0x020, 0x7FC, 0x3F8, 0x208, 0x208, 0x000, 0x3FC, 0x3FC, 0x204, 0x20C, 0x000, 0x000 } }, /* 菖 */
	{ 0xDDC6, { 0x000, 0x7FC, 0x210, 0x210, 0x690, 0x290, 0x2BC, 0x284, 0x224, 0x224, 0x000, 0x000 } }, /* 萜 */
	{ 0xDDC7, { 0x120, 0x7FC, 0x000, 0x358, 0x248, 0x358, 0x3F8, 0x0E0, 0x190, 0x60C, 0x000, 0x000 } }, /* 萸 */
	{ 0xDDC8, { 0x000, 0x010, 0x7FC, 0x000, 0x100, 0x220, 0x7F8, 0x220, 0x3F8, 0x220, 0x200, 0x000 } }, /* 萑 */
	{ 0xDDC9, { 0x100, 0x7FC, 0x040, 0x3F8, 0x248, 0x248, 0x3F8, 0x1A0, 0x7FC, 0x020, 0x000, 0x000 } }, /* 萆 */
	{ 0xDDCA, { 0x020, 0x7FC, 0x000, 0x5AC, 0x488, 0x5B8, 0x5B4, 0x598, 0x418, 0x124, 0x000, 0x000 } }, /* 菔 */
	{ 0xDDCB, { 0x020, 0x7FC, 0x100, 0x320, 0x7F8, 0x248, 0x3F8, 0x0A0, 0x1A0, 0x63C, 0x000, 0x000 } }, /* 菟 */
	{ 0xDDCC, { 0x110, 0x7FC, 0x110, 0x1F0, 0x220, 0x7B8, 0x200, 0x3B8, 0x208, 0x208, 0x000, 0x000 } }, /* 萏 */
	{ 0xDDCD, { 0x120, 0x7FC, 0x100, 0x040, 0x110, 0x310, 0x220, 0x7FC, 0x040, 0x040, 0x000, 0x000 } }, /* 萃 */
	{ 0xDDCE, { 0x000, 0x000, 0x7FC, 0x000, 0x110, 0x7A8, 0x244, 0x298, 0x080, 0x4B0, 0x108, 0x000 } }, /* 菸 */
	{ 0xDDCF, { 0x000, 0x000, 0x7FC, 0x100, 0x278, 0x088, 0x2F8, 0x088, 0x2F8, 0x488, 0x1FC, 0x000 } }, /* 菹 */
	{ 0xDDD0, { 0x000, 0x100, 0x7FC, 0x140, 0x7FC, 0x400, 0x7FC, 0x180, 0x308, 0x508, 0x108, 0x000 } }, /* 菪 */
	{ 0xDDD1, { 0x100, 0x7FC, 0x140, 0x7FC, 0x404, 0x000, 0x1F0, 0x1F8, 0x008, 0x1F8, 0x000, 0x000 } }, /* 菅 */
	{ 0xDDD2, { 0x110, 0x7FC, 0x040, 0x7FC, 0x504, 0x3B8, 0x2A8, 0x1A8, 0x120, 0x63C, 0x000, 0x000 } }, /* 菀 */
	{ 0xDDD3, { 0x110, 0x7FC, 0x110, 0x484, 0x1B0, 0x3C0, 0x198, 0x240, 0x158, 0x4C0, 0x000, 0x000 } }, /* 萦 */
	{ 0xDDD4, { 0x000, 0x100, 0x7FC, 0x100, 0x778, 0x168, 0x168, 0x768, 0x024, 0x2B4, 0x6A0, 0x000 } }, /* 菰 */
	{ 0xDDD5, { 0x000, 0x100, 0x7FC, 0x100, 0x3F0, 0x060, 0x554, 0x4E4, 0x4D4, 0x484, 0x004, 0x000 } }, /* 菡 */
	{ 0xDDD6, { 0x0A0, 0x7FC, 0x100, 0x3B4, 0x384, 0x7AC, 0x140, 0x7FC, 0x0B0, 0x70C, 0x000, 0x000 } }, /* 葜 */
	{ 0xDDD7, { 0x000, 0x020, 0x7FC, 0x000, 0x308, 0x13C, 0x788, 0x028, 0x788, 0x108, 0x618, 0x000 } }, /* 葑 */
	{ 0xDDD8, { 0x000, 0x020, 0x7FC, 0x010, 0x7FC, 0x1F0, 0x110, 0x110, 0x6F4, 0x290, 0x3F8, 0x000 } }, /* 葚 */
	{ 0xDDD9, { 0x000, 0x000, 0x7FC, 0x000, 0x000, 0x344, 0x37C, 0x344, 0x4FC, 0x044, 0x03C, 0x000 } }, /* 葙 */
	{ 0xDDDA, { 0x000, 0x120, 0x7FC, 0x108, 0x3FC, 0x020, 0x088, 0x3D8, 0x5D0, 0x4D8, 0x024, 0x000 } }, /* 葳 */
	{ 0xDDDB, { 0x120, 0x7FC, 0x010, 0x7FC, 0x410, 0x550, 0x598, 0x598, 0x4D8, 0x124, 0x000, 0x000 } }, /* 蒇 */
	{ 0xDDDC, { 0x100, 0x7FC, 0x000, 0x7B0, 0x420, 0x6BC, 0x3F8, 0x208, 0x208, 0x208, 0x000, 0x000 } }, /* 蒈 */
	{ 0xDDDD, { 0x000, 0x7FC, 0x1F8, 0x208, 0x000, 0x208, 0x3F8, 0x3F8, 0x208, 0x008, 0x000, 0x000 } }, /* 葺 */
	{ 0xDDDE, { 0x120, 0x1F0, 0x3F8, 0x248, 0x040, 0x7FC, 0x3F8, 0x248, 0x0B8, 0x70C, 0x000, 0x000 } }, /* 蒉 */
	{ 0xDDDF, { 0x000, 0x000, 0x7FC, 0x000, 0x3F8, 0x3F8, 0x248, 0x3F8, 0x500, 0x514, 0x0F0, 0x000 } }, /* 葸 */
	{ 0xDDE0, { 0x020, 0x7FC, 0x3B8, 0x2A4, 0x000, 0x3F8, 0x7FC, 0x100, 0x008, 0x018, 0x000, 0x000 } }, /* 萼 */
	{ 0xDDE1, { 0x000, 0x010, 0x7FC, 0x000, 0x2F8, 0x284, 0x6F8, 0x230, 0x278, 0x2A8, 0x220, 0x000 } }, /* 葆 */
	{ 0xDDE2, { 0x000, 0x000, 0x7FC, 0x100, 0x23C, 0x554, 0x554, 0x77C, 0x440, 0x740, 0x43C, 0x000 } }, /* 葩 */
	{ 0xDDE3, { 0x000, 0x7FC, 0x160, 0x1F0, 0x318, 0x1F0, 0x7FC, 0x1F0, 0x040, 0x040, 0x000, 0x000 } }, /* 葶 */
	{ 0xDDE4, { 0x020, 0x7FC, 0x040, 0x150, 0x0F0, 0x34C, 0x6C0, 0x190, 0x0F0, 0x38C, 0x000, 0x000 } }, /* 蒌 */
	{ 0xDDE5, { 0x120, 0x7FC, 0x008, 0x2E0, 0x0B8, 0x4D0, 0x0D8, 0x448, 0x568, 0x044, 0x000, 0x000 } }, /* 蒎 */
	{ 0xDDE6, { 0x000, 0x000, 0x7FC, 0x040, 0x404, 0x7F8, 0x1F0, 0x110, 0x100, 0x1F0, 0x7FC, 0x000 } }, /* 萱 */
	{ 0xDDE7, { 0x000, 0x120, 0x7FC, 0x020, 0x78C, 0x4BC, 0x400, 0x7A8, 0x408, 0x418, 0x464, 0x000 } }, /* 葭 */
	{ 0xDDE8, { 0x000, 0x130, 0x1F0, 0x3F8, 0x0C0, 0x080, 0x1B8, 0x3E8, 0x544, 0x0D0, 0x348, 0x000 } }, /* 蓁 */
	{ 0xDDE9, { 0x000, 0x120, 0x1F0, 0x3F8, 0x7FC, 0x0D8, 0x7C0, 0x0F8, 0x208, 0x3F8, 0x3F8, 0x000 } }, /* 蓍 */
	{ 0xDDEA, { 0x110, 0x110, 0x3F8, 0x1F8, 0x3FC, 0x128, 0x59C, 0x598, 0x490, 0x010, 0x000, 0x000 } }, /* 蓐 */
	{ 0xDDEB, { 0x000, 0x1B0, 0x110, 0x3F8, 0x208, 0x180, 0x7FC, 0x3F8, 0x538, 0x008, 0x008, 0x000 } }, /* 蓦 */
	{ 0xDDEC, { 0x000, 0x120, 0x7FC, 0x3F8, 0x248, 0x3E8, 0x2A8, 0x3F8, 0x000, 0x504, 0x5F0, 0x000 } }, /* 蒽 */
	{ 0xDDED, { 0x000, 0x110, 0x7FC, 0x110, 0x27C, 0x248, 0x6FC, 0x200, 0x244, 0x244, 0x244, 0x000 } }, /* 蓓 */
	{ 0xDDEE, { 0x000, 0x1B0, 0x110, 0x110, 0x68C, 0x1F0, 0x7BC, 0x0A4, 0x08C, 0x6B4, 0x18C, 0x000 } }, /* 蓊 */
	{ 0xDDEF, { 0x000, 0x110, 0x7FC, 0x040, 0x000, 0x1F8, 0x1F0, 0x7FC, 0x404, 0x514, 0x404, 0x000 } }, /* 蒿 */
	{ 0xDDF0, { 0x000, 0x110, 0x7FC, 0x040, 0x3FC, 0x6C0, 0x2A0, 0x6FC, 0x230, 0x058, 0x584, 0x000 } }, /* 蒺 */
	{ 0xDDF1, { 0x000, 0x120, 0x1F0, 0x040, 0x1B0, 0x2E8, 0x3F8, 0x0C0, 0x4A4, 0x5E4, 0x40C, 0x000 } }, /* 蓠 */
	{ 0xDDF2, { 0x010, 0x7FC, 0x040, 0x1B0, 0x7FC, 0x444, 0x3F8, 0x0F0, 0x108, 0x610, 0x000, 0x000 } }, /* 蒡 */
	{ 0xDDF3, { 0x000, 0x1B0, 0x100, 0x130, 0x1A0, 0x3F8, 0x7FC, 0x1A8, 0x3B0, 0x2A8, 0x4A0, 0x000 } }, /* 蒹 */
	{ 0xDDF4, { 0x000, 0x020, 0x7FC, 0x000, 0x29C, 0x7D4, 0x514, 0x554, 0x374, 0x224, 0x444, 0x000 } }, /* 蒴 */
	{ 0xDDF5, { 0x000, 0x020, 0x7FC, 0x020, 0x2F8, 0x088, 0x488, 0x0F8, 0x288, 0x4D8, 0x484, 0x000 } }, /* 蒗 */
	{ 0xDDF6, { 0x000, 0x010, 0x7FC, 0x000, 0x4E4, 0x0C0, 0x1B0, 0x444, 0x3F8, 0x150, 0x3FC, 0x000 } }, /* 蓥 */
	{ 0xDDF7, { 0x000, 0x120, 0x1B0, 0x000, 0x110, 0x27C, 0x7D4, 0x254, 0x254, 0x228, 0x2C4, 0x000 } }, /* 蓣 */
	{ 0xDDF8, { 0x000, 0x100, 0x7FC, 0x100, 0x7D0, 0x124, 0x570, 0x7D0, 0x390, 0x528, 0x144, 0x000 } }, /* 蔌 */
	{ 0xDDF9, { 0x0A0, 0x1A0, 0x3F8, 0x2A8, 0x000, 0x800, 0x300, 0x3F0, 0x250, 0x31C, 0x000, 0x000 } }, /* 甍 */
	{ 0xDDFA, { 0x000, 0x110, 0x7FC, 0x040, 0x2EC, 0x4A4, 0x4A4, 0x6E8, 0x0A0, 0x020, 0x71C, 0x000 } }, /* 蔸 */
	{ 0xDDFB, { 0x000, 0x100, 0x7FC, 0x000, 0x250, 0x450, 0x2FC, 0x610, 0x2DC, 0x2F0, 0x21C, 0x000 } }, /* 蓰 */
	{ 0xDDFC, { 0x000, 0x020, 0x7FC, 0x100, 0x3B0, 0x66C, 0x068, 0x108, 0x098, 0x0D8, 0x444, 0x000 } }, /* 蔹 */
	{ 0xDDFD, { 0x000, 0x110, 0x1B0, 0x200, 0x37C, 0x260, 0x378, 0x210, 0x018, 0x428, 0x144, 0x000 } }, /* 蔟 */
	{ 0xDDFE, { 0x020, 0x7FC, 0x000, 0x004, 0x4E4, 0x564, 0x5E4, 0x5F4, 0x5F4, 0x40C, 0x000, 0x000 } }, /* 蔺 */
	{ 0xDEA1, { 0x000, 0x120, 0x7FC, 0x2FC, 0x4F8, 0x088, 0x280, 0x040, 0x7FC, 0x158, 0x444, 0x000 } }, /* 蕖 */
	{ 0xDEA2, { 0x000, 0x110, 0x7FC, 0x040, 0x434, 0x394, 0x030, 0x7A8, 0x298, 0x2A0, 0x4FC, 0x000 } }, /* 蔻 */
	{ 0xDEA3, { 0x000, 0x110, 0x190, 0x060, 0x400, 0x2FC, 0x220, 0x644, 0x27C, 0x244, 0x2C4, 0x000 } }, /* 蓿 */
	{ 0xDEA4, { 0x000, 0x1B0, 0x000, 0x7B8, 0x288, 0x7E8, 0x178, 0x5A0, 0x2D8, 0x260, 0x380, 0x000 } }, /* 蓼 */
	{ 0xDEA5, { 0x000, 0x130, 0x100, 0x7FC, 0x040, 0x248, 0x248, 0x078, 0x744, 0x148, 0x5F4, 0x000 } }, /* 蕙 */
	{ 0xDEA6, { 0x000, 0x1B0, 0x190, 0x0B0, 0x6B4, 0x3F8, 0x3F8, 0x3F8, 0x3F8, 0x7FC, 0x040, 0x000 } }, /* 蕈 */
	{ 0xDEA7, { 0x000, 0x1B0, 0x1B0, 0x3FC, 0x400, 0x5DC, 0x4A4, 0x4C0, 0x5D0, 0x498, 0x124, 0x000 } }, /* 蕨 */
	{ 0xDEA8, { 0x000, 0x110, 0x1B0, 0x000, 0x328, 0x238, 0x59C, 0x788, 0x37C, 0x420, 0x11C, 0x000 } }, /* 蕤 */
	{ 0xDEA9, { 0x110, 0x110, 0x3F8, 0x3F8, 0x3F8, 0x7FC, 0x3F8, 0x3D8, 0x7D8, 0x064, 0x000, 0x000 } }, /* 蕞 */
	{ 0xDEAA, { 0x000, 0x1B0, 0x388, 0x2C4, 0x7F0, 0x250, 0x250, 0x3D8, 0x7D8, 0x064, 0x000, 0x000 } }, /* 蕺 */
	{ 0xDEAB, { 0x000, 0x1B0, 0x3F8, 0x2A8, 0x3F8, 0x5F2, 0x218, 0x218, 0x3F8, 0x3F8, 0x000, 0x000 } }, /* 瞢 */
	{ 0xDEAC, { 0x120, 0x1B0, 0x3F8, 0x050, 0x7FC, 0x150, 0x7FC, 0x248, 0x248, 0x3F8, 0x000, 0x000 } }, /* 蕃 */
	{ 0xDEAD, { 0x000, 0x1B0, 0x000, 0x284, 0x7C0, 0x540, 0x55C, 0x7A0, 0x120, 0x120, 0x140, 0x000 } }, /* 蕲 */
	{ 0xDEAE, { 0x000, 0x0A0, 0x1B0, 0x380, 0x428, 0x228, 0x328, 0x73C, 0x200, 0x7A4, 0x044, 0x000 } }, /* 蕻 */
	{ 0xDEAF, { 0x000, 0x120, 0x7FC, 0x000, 0x228, 0x228, 0x56C, 0x128, 0x36C, 0x228, 0x47C, 0x000 } }, /* 薤 */
	{ 0xDEB0, { 0x000, 0x1B0, 0x110, 0x2A8, 0x3F8, 0x7FC, 0x802, 0x120, 0x7F8, 0x1A0, 0x71C, 0x000 } }, /* 薨 */
	{ 0xDEB1, { 0x000, 0x120, 0x1B0, 0x208, 0x468, 0x3F4, 0x2F0, 0x610, 0x2A8, 0x238, 0x224, 0x000 } }, /* 薇 */
	{ 0xDEB2, { 0x000, 0x1B0, 0x060, 0x3F8, 0x110, 0x000, 0x208, 0x3F8, 0x3F8, 0x544, 0x5F0, 0x000 } }, /* 薏 */
	{ 0xDEB3, { 0x110, 0x150, 0x040, 0x220, 0x27C, 0x7C8, 0x278, 0x77C, 0x140, 0x640, 0x000, 0x000 } }, /* 蕹 */
	{ 0xDEB4, { 0x000, 0x7FC, 0x100, 0x110, 0x384, 0x520, 0x318, 0x298, 0x198, 0x664, 0x000, 0x000 } }, /* 薮 */
	{ 0xDEB5, { 0x000, 0x7FC, 0x180, 0x0BC, 0x280, 0x408, 0x798, 0x298, 0x390, 0x200, 0x000, 0x000 } }, /* 薜 */
	{ 0xDEB6, { 0x000, 0x1B0, 0x27C, 0x2A8, 0x3FC, 0x52C, 0x724, 0x3AC, 0x288, 0x488, 0x000, 0x000 } }, /* 薅 */
	{ 0xDEB7, { 0x000, 0x000, 0x170, 0x3F8, 0x3F8, 0x3F8, 0x7FC, 0x2F0, 0x1D0, 0x3F8, 0x7FC, 0x000 } }, /* 薹 */
	{ 0xDEB8, { 0x130, 0x100, 0x3F8, 0x7FC, 0x040, 0x318, 0x4C4, 0x2EC, 0x0A4, 0x0A8, 0x000, 0x000 } }, /* 薷 */
	{ 0xDEB9, { 0x080, 0x0B0, 0x1F8, 0x7FC, 0x3F8, 0x258, 0x3F8, 0x040, 0x4AC, 0x424, 0x000, 0x000 } }, /* 薰 */
	{ 0xDEBA, { 0x000, 0x000, 0x7FC, 0x200, 0x718, 0x798, 0x518, 0x388, 0x7FC, 0x000, 0x600, 0x000 } }, /* 藓 */
	{ 0xDEBB, { 0x1A0, 0x040, 0x7FC, 0x310, 0x1F0, 0x5E4, 0x5F4, 0x1F0, 0x0D0, 0x644, 0x000, 0x000 } }, /* 藁 */
	{ 0xDEBC, { 0x090, 0x090, 0x3A0, 0x114, 0x3A4, 0x5E8, 0x31C, 0x070, 0x178, 0x040, 0x000, 0x000 } }, /* 藜 */
	{ 0xDEBD, { 0x0A0, 0x0B0, 0x3F8, 0x554, 0x158, 0x340, 0x268, 0x660, 0x278, 0x3FC, 0x000, 0x000 } }, /* 藿 */
	{ 0xDEBE, { 0x130, 0x120, 0x038, 0x0FC, 0x028, 0x264, 0x378, 0x370, 0x250, 0x5FC, 0x000, 0x000 } }, /* 蘧 */
	{ 0xDEBF, { 0x110, 0x1B0, 0x280, 0x2CC, 0x6F0, 0x2FC, 0x6E0, 0x240, 0x2C0, 0x2A8, 0x000, 0x000 } }, /* 蘅 */
	{ 0xDEC0, { 0x080, 0x290, 0x254, 0x7F0, 0x558, 0x1B4, 0x3C0, 0x3F8, 0x150, 0x244, 0x000, 0x000 } }, /* 蘩 */
	{ 0xDEC1, { 0x0A0, 0x0A0, 0x310, 0x4A8, 0x438, 0x4B8, 0x000, 0x7FC, 0x150, 0x444, 0x000, 0x000 } }, /* 蘖 */
	{ 0xDEC2, { 0x090, 0x1D0, 0x3FC, 0x090, 0x1B8, 0x2A4, 0x1DC, 0x5D8, 0x450, 0x040, 0x000, 0x000 } }, /* 蘼 */
	{ 0xDEC3, { 0x110, 0x110, 0x110, 0x110, 0x7FC, 0x110, 0x110, 0x110, 0x210, 0x410, 0x000, 0x000 } }, /* 廾 */
	{ 0xDEC4, { 0x000, 0x040, 0x7FC, 0x0A0, 0x2A8, 0x120, 0x300, 0x190, 0x1B0, 0x110, 0x610, 0x000 } }, /* 弈 */
	{ 0xDEC5, { 0x000, 0x7FC, 0x0A0, 0x110, 0x20C, 0x150, 0x150, 0x250, 0x250, 0x410, 0x000, 0x000 } }, /* 夼 */
	{ 0xDEC6, { 0x000, 0x040, 0x7FC, 0x190, 0x118, 0x7F4, 0x290, 0x260, 0x250, 0x200, 0x3F8, 0x000 } }, /* 奁 */
	{ 0xDEC7, { 0x000, 0x000, 0x7FC, 0x110, 0x308, 0x7FC, 0x1F0, 0x110, 0x110, 0x7FC, 0x010, 0x000 } }, /* 耷 */
	{ 0xDEC8, { 0x000, 0x040, 0x7FC, 0x0A0, 0x6A8, 0x120, 0x140, 0x7FC, 0x0E0, 0x190, 0x60C, 0x000 } }, /* 奕 */
	{ 0xDEC9, { 0x000, 0x07C, 0x048, 0x200, 0x190, 0x3C0, 0x198, 0x240, 0x7FC, 0x0A0, 0x70C, 0x000 } }, /* 奚 */
	{ 0xDECA, { 0x090, 0x490, 0x0BC, 0x790, 0x2BC, 0x440, 0x7FC, 0x0A0, 0x190, 0x604, 0x000, 0x000 } }, /* 奘 */
	{ 0xDECB, { 0x000, 0x010, 0x7BC, 0x324, 0x4B4, 0x024, 0x7A4, 0x224, 0x3A0, 0x0A2, 0x13C, 0x000 } }, /* 匏 */
	{ 0xDECC, { 0x080, 0x080, 0x080, 0x7FC, 0x0A0, 0x0A0, 0x0A0, 0x120, 0x224, 0x43C, 0x000, 0x000 } }, /* 尢 */
	{ 0xDECD, { 0x200, 0x220, 0x23C, 0x3C4, 0x214, 0x214, 0x204, 0x20C, 0x484, 0x0FC, 0x000, 0x000 } }, /* 尥 */
	{ 0xDECE, { 0x000, 0x210, 0x230, 0x228, 0x3C4, 0x228, 0x228, 0x228, 0x448, 0x484, 0x0FC, 0x000 } }, /* 尬 */
	{ 0xDECF, { 0x008, 0x028, 0x6B0, 0x7B8, 0x020, 0x478, 0x434, 0x4FC, 0x500, 0x1FC, 0x000, 0x000 } }, /* 尴 */
	{ 0xDED0, { 0x040, 0x040, 0x1E0, 0x040, 0x040, 0x0C0, 0x140, 0x040, 0x040, 0x080, 0x000, 0x000 } }, /* 扌 */
	{ 0xDED1, { 0x240, 0x22C, 0x704, 0x204, 0x204, 0x304, 0x204, 0x204, 0x204, 0x604, 0x000, 0x000 } }, /* 扪 */
	{ 0xDED2, { 0x000, 0x220, 0x220, 0x720, 0x220, 0x260, 0x620, 0x20C, 0x208, 0x210, 0x608, 0x000 } }, /* 抟 */
	{ 0xDED3, { 0x210, 0x210, 0x7FC, 0x214, 0x27C, 0x614, 0x27C, 0x294, 0x210, 0x610, 0x000, 0x000 } }, /* 抻 */
	{ 0xDED4, { 0x204, 0x244, 0x74C, 0x2C4, 0x244, 0x654, 0x244, 0x244, 0x244, 0x648, 0x000, 0x000 } }, /* 拊 */
	{ 0xDED5, { 0x000, 0x200, 0x220, 0x74C, 0x240, 0x228, 0x67C, 0x228, 0x208, 0x248, 0x688, 0x000 } }, /* 拚 */
	{ 0xDED6, { 0x208, 0x248, 0x71C, 0x2A8, 0x2C8, 0x644, 0x2B4, 0x2F4, 0x224, 0x440, 0x000, 0x000 } }, /* 拗 */
	{ 0xDED7, { 0x210, 0x210, 0x710, 0x210, 0x27C, 0x600, 0x244, 0x244, 0x27C, 0x644, 0x000, 0x000 } }, /* 拮 */
	{ 0xDED8, { 0x238, 0x220, 0x720, 0x238, 0x248, 0x3CC, 0x208, 0x248, 0x248, 0x688, 0x000, 0x000 } }, /* 挢 */
	{ 0xDED9, { 0x254, 0x254, 0x7A8, 0x254, 0x220, 0x620, 0x244, 0x228, 0x218, 0x6E0, 0x000, 0x000 } }, /* 拶 */
	{ 0xDEDA, { 0x278, 0x208, 0x748, 0x200, 0x2FC, 0x684, 0x2FC, 0x280, 0x284, 0x67C, 0x000, 0x000 } }, /* 挹 */
	{ 0xDEDB, { 0x20C, 0x240, 0x704, 0x248, 0x200, 0x6FC, 0x208, 0x248, 0x208, 0x618, 0x000, 0x000 } }, /* 捋 */
	{ 0xDEDC, { 0x278, 0x220, 0x77C, 0x220, 0x278, 0x640, 0x27C, 0x2C4, 0x26C, 0x440, 0x000, 0x000 } }, /* 捃 */
	{ 0xDEDD, { 0x278, 0x220, 0x720, 0x278, 0x248, 0x7A4, 0x220, 0x2B4, 0x2A8, 0x660, 0x000, 0x000 } }, /* 掭 */
	{ 0xDEDE, { 0x200, 0x2A4, 0x6A4, 0x2E4, 0x2A4, 0x6E4, 0x0A2, 0x0F4, 0x020, 0x400, 0x000, 0x000 } }, /* 揶 */
	{ 0xDEDF, { 0x27C, 0x280, 0x790, 0x298, 0x298, 0x680, 0x290, 0x2BC, 0x290, 0x77C, 0x000, 0x000 } }, /* 捱 */
	{ 0xDEE0, { 0x220, 0x2FC, 0x728, 0x248, 0x2B4, 0x600, 0x230, 0x248, 0x284, 0x420, 0x000, 0x000 } }, /* 捺 */
	{ 0xDEE1, { 0x000, 0x200, 0x2FC, 0x730, 0x248, 0x2FC, 0x600, 0x200, 0x260, 0x200, 0x608, 0x000 } }, /* 掎 */
	{ 0xDEE2, { 0x27C, 0x284, 0x7B8, 0x290, 0x2B8, 0x698, 0x298, 0x280, 0x284, 0x484, 0x000, 0x000 } }, /* 掴 */
	{ 0xDEE3, { 0x000, 0x220, 0x2FC, 0x794, 0x2FC, 0x2A4, 0x6FC, 0x220, 0x2FC, 0x200, 0x400, 0x000 } }, /* 捭 */
	{ 0xDEE4, { 0x240, 0x240, 0x6C4, 0x2A4, 0x264, 0x67C, 0x264, 0x26C, 0x2A4, 0x42C, 0x000, 0x000 } }, /* 掬 */
	{ 0xDEE5, { 0x210, 0x210, 0x748, 0x228, 0x27C, 0x600, 0x27C, 0x244, 0x27C, 0x644, 0x000, 0x000 } }, /* 掊 */
	{ 0xDEE6, { 0x200, 0x27C, 0x204, 0x27C, 0x214, 0x27C, 0x290, 0x298, 0x2A8, 0x744, 0x000, 0x000 } }, /* 捩 */
	{ 0xDEE7, { 0x000, 0x210, 0x27C, 0x204, 0x27C, 0x23C, 0x324, 0x2BC, 0x2A4, 0x2A4, 0x724, 0x000 } }, /* 掮 */
	{ 0xDEE8, { 0x000, 0x278, 0x204, 0x6FC, 0x274, 0x200, 0x27C, 0x204, 0x224, 0x228, 0x4C4, 0x000 } }, /* 掼 */
	{ 0xDEE9, { 0x228, 0x2FC, 0x2A8, 0x238, 0x240, 0x220, 0x2FC, 0x230, 0x248, 0x480, 0x000, 0x000 } }, /* 揲 */
	{ 0xDEEA, { 0x000, 0x200, 0x2FC, 0x238, 0x254, 0x290, 0x348, 0x678, 0x248, 0x200, 0x6FC, 0x000 } }, /* 揸 */
	{ 0xDEEB, { 0x200, 0x280, 0x2A4, 0x2BC, 0x2BC, 0x390, 0x6A8, 0x298, 0x2A4, 0x4FC, 0x000, 0x000 } }, /* 揠 */
	{ 0xDEEC, { 0x000, 0x240, 0x250, 0x69C, 0x294, 0x2C8, 0x648, 0x248, 0x258, 0x2F4, 0x424, 0x000 } }, /* 揿 */
	{ 0xDEED, { 0x000, 0x220, 0x230, 0x258, 0x384, 0x2E4, 0x2A4, 0x2A4, 0x2E4, 0x2A4, 0x4A8, 0x000 } }, /* 揄 */
	{ 0xDEEE, { 0x000, 0x200, 0x2FC, 0x748, 0x208, 0x2FC, 0x678, 0x244, 0x27C, 0x244, 0x64C, 0x000 } }, /* 揞 */
	{ 0xDEEF, { 0x200, 0x2FC, 0x380, 0x228, 0x278, 0x344, 0x24C, 0x27C, 0x200, 0x6FC, 0x000, 0x000 } }, /* 揎 */
	{ 0xDEF0, { 0x2FC, 0x284, 0x2FC, 0x2A8, 0x2BC, 0x3A8, 0x6BC, 0x2A8, 0x328, 0x748, 0x000, 0x000 } }, /* 摒 */
	{ 0xDEF1, { 0x240, 0x228, 0x26C, 0x248, 0x2B4, 0x300, 0x6FC, 0x230, 0x248, 0x684, 0x000, 0x000 } }, /* 揆 */
	{ 0xDEF2, { 0x000, 0x240, 0x248, 0x778, 0x208, 0x220, 0x3EC, 0x258, 0x2B4, 0x254, 0x630, 0x000 } }, /* 掾 */
	{ 0xDEF3, { 0x000, 0x200, 0x210, 0x6FC, 0x280, 0x2F0, 0x29C, 0x280, 0x2C0, 0x3E4, 0x518, 0x000 } }, /* 摅 */
	{ 0xDEF4, { 0x278, 0x284, 0x7B4, 0x2B4, 0x2A4, 0x2FC, 0x200, 0x2D4, 0x340, 0x638, 0x000, 0x000 } }, /* 摁 */
	{ 0xDEF5, { 0x20C, 0x2B0, 0x290, 0x2F4, 0x2D8, 0x2D4, 0x2C0, 0x258, 0x348, 0x4A4, 0x000, 0x000 } }, /* 搋 */
	{ 0xDEF6, { 0x000, 0x040, 0x0FC, 0x650, 0x2F8, 0x2FC, 0x654, 0x0F8, 0x0D8, 0x054, 0x450, 0x000 } }, /* 搛 */
	{ 0xDEF7, { 0x020, 0x08C, 0x6E0, 0x04C, 0x060, 0x760, 0x4FC, 0x090, 0x090, 0x524, 0x000, 0x000 } }, /* 搠 */
	{ 0xDEF8, { 0x200, 0x284, 0x7FC, 0x2A8, 0x2FC, 0x2A8, 0x2F0, 0x28C, 0x238, 0x724, 0x000, 0x000 } }, /* 搌 */
	{ 0xDEF9, { 0x000, 0x200, 0x224, 0x724, 0x280, 0x2DC, 0x620, 0x228, 0x2EC, 0x220, 0x444, 0x000 } }, /* 搦 */
	{ 0xDEFA, { 0x278, 0x210, 0x638, 0x2CC, 0x2DC, 0x64C, 0x2B0, 0x230, 0x248, 0x484, 0x000, 0x000 } }, /* 搡 */
	{ 0xDEFB, { 0x27C, 0x294, 0x7F4, 0x2FC, 0x228, 0x270, 0x22C, 0x250, 0x254, 0x6A0, 0x000, 0x000 } }, /* 摞 */
	{ 0xDEFC, { 0x0DC, 0x234, 0x7FC, 0x2BC, 0x288, 0x694, 0x2FC, 0x240, 0x238, 0x4C4, 0x000, 0x000 } }, /* 撄 */
	{ 0xDEFD, { 0x200, 0x2FC, 0x6A8, 0x2A8, 0x2EC, 0x6A8, 0x2B8, 0x280, 0x368, 0x500, 0x000, 0x000 } }, /* 摭 */
	{ 0xDEFE, { 0x000, 0x008, 0x048, 0x7FC, 0x0B4, 0x2F4, 0x6A4, 0x0EC, 0x0A8, 0x3EC, 0x434, 0x000 } }, /* 撖 */
	{ 0xDFA1, { 0x2EC, 0x220, 0x72C, 0x22C, 0x2A0, 0x330, 0x644, 0x27C, 0x244, 0x644, 0x000, 0x000 } }, /* 摺 */
	{ 0xDFA2, { 0x000, 0x008, 0x7D8, 0x014, 0x2DC, 0x61C, 0x05C, 0x0C8, 0x014, 0x420, 0x000, 0x000 } }, /* 撷 */
	{ 0xDFA3, { 0x000, 0x220, 0x270, 0x2FC, 0x2FC, 0x2FC, 0x380, 0x200, 0x248, 0x248, 0x648, 0x000 } }, /* 撸 */
	{ 0xDFA4, { 0x000, 0x248, 0x2FC, 0x638, 0x2BC, 0x28C, 0x6FC, 0x27C, 0x2FC, 0x248, 0x418, 0x000 } }, /* 撙 */
	{ 0xDFA5, { 0x200, 0x2FC, 0x248, 0x294, 0x274, 0x37C, 0x630, 0x294, 0x2FC, 0x610, 0x000, 0x000 } }, /* 撺 */
	{ 0xDFA6, { 0x208, 0x2C8, 0x214, 0x3E0, 0x2DC, 0x348, 0x6C8, 0x3C8, 0x208, 0x408, 0x000, 0x000 } }, /* 擀 */
	{ 0xDFA7, { 0x27C, 0x2A4, 0x27C, 0x200, 0x200, 0x248, 0x278, 0x27C, 0x288, 0x424, 0x000, 0x000 } }, /* 擐 */
	{ 0xDFA8, { 0x008, 0x0E8, 0x6A0, 0x0F4, 0x000, 0x7FC, 0x1A8, 0x3BC, 0x0A8, 0x408, 0x000, 0x000 } }, /* 擗 */
	{ 0xDFA9, { 0x000, 0x220, 0x2FC, 0x7FC, 0x2FC, 0x278, 0x6B4, 0x2B4, 0x2FC, 0x248, 0x488, 0x000 } }, /* 擤 */
	{ 0xDFAA, { 0x000, 0x2EC, 0x224, 0x22C, 0x2A4, 0x250, 0x27C, 0x6FC, 0x250, 0x250, 0x67C, 0x000 } }, /* 擢 */
	{ 0xDFAB, { 0x200, 0x230, 0x6B0, 0x248, 0x240, 0x27C, 0x2D0, 0x290, 0x210, 0x6FC, 0x000, 0x000 } }, /* 攉 */
	{ 0xDFAC, { 0x090, 0x048, 0x6FC, 0x0F8, 0x2F8, 0x748, 0x0C8, 0x16C, 0x0F8, 0x4A8, 0x000, 0x000 } }, /* 攥 */
	{ 0xDFAD, { 0x230, 0x278, 0x638, 0x2FC, 0x278, 0x278, 0x278, 0x2F8, 0x258, 0x46C, 0x000, 0x000 } }, /* 攮 */
	{ 0xDFAE, { 0x080, 0x090, 0x080, 0x0BC, 0x7C0, 0x040, 0x040, 0x020, 0x034, 0x00C, 0x000, 0x000 } }, /* 弋 */
	{ 0xDFAF, { 0x000, 0x020, 0x020, 0x7FC, 0x000, 0x100, 0x010, 0x450, 0x410, 0x18C, 0x004, 0x000 } }, /* 忒 */
	{ 0xDFB0, { 0x000, 0x018, 0x010, 0x030, 0x250, 0x7D0, 0x250, 0x3D0, 0x250, 0x3C8, 0x244, 0x000 } }, /* 甙 */
	{ 0xDFB1, { 0x010, 0x714, 0x37C, 0x410, 0x210, 0x760, 0x208, 0x688, 0x26C, 0x204, 0x000, 0x000 } }, /* 弑 */
	{ 0xDFB2, { 0x000, 0x020, 0x720, 0x020, 0x028, 0x02C, 0x024, 0x720, 0x020, 0x020, 0x020, 0x000 } }, /* 卟 */
	{ 0xDFB3, { 0x000, 0x000, 0x720, 0x524, 0x428, 0x430, 0x430, 0x7E0, 0x520, 0x432, 0x01C, 0x000 } }, /* 叱 */
	{ 0xDFB4, { 0x000, 0x748, 0x148, 0x148, 0x148, 0x148, 0x748, 0x148, 0x08A, 0x10C, 0x000, 0x000 } }, /* 叽 */
	{ 0xDFB5, { 0x03C, 0x5A4, 0x4A4, 0x4A4, 0x4A4, 0x4A4, 0x7A4, 0x42C, 0x020, 0x020, 0x000, 0x000 } }, /* 叩 */
	{ 0xDFB6, { 0x000, 0x534, 0x524, 0x524, 0x524, 0x524, 0x724, 0x444, 0x084, 0x118, 0x000, 0x000 } }, /* 叨 */
	{ 0xDFB7, { 0x000, 0x010, 0x010, 0x5B0, 0x4B4, 0x484, 0x4A4, 0x4A4, 0x7A4, 0x444, 0x088, 0x000 } }, /* 叻 */
	{ 0xDFB8, { 0x000, 0x008, 0x7F0, 0x520, 0x520, 0x53C, 0x5A0, 0x520, 0x720, 0x420, 0x01C, 0x000 } }, /* 吒 */
	{ 0xDFB9, { 0x000, 0x044, 0x744, 0x428, 0x410, 0x410, 0x410, 0x710, 0x410, 0x410, 0x010, 0x000 } }, /* 吖 */
	{ 0xDFBA, { 0x000, 0x010, 0x710, 0x520, 0x544, 0x5D8, 0x510, 0x510, 0x728, 0x54C, 0x044, 0x000 } }, /* 吆 */
	{ 0xDFBB, { 0x000, 0x700, 0x17C, 0x100, 0x120, 0x1FC, 0x730, 0x128, 0x044, 0x084, 0x000, 0x000 } }, /* 呋 */
	{ 0xDFBC, { 0x000, 0xF20, 0x920, 0x920, 0x9FC, 0x930, 0xF50, 0x950, 0x090, 0x11C, 0x000, 0x000 } }, /* 呒 */
	{ 0xDFBD, { 0x000, 0x008, 0x768, 0x548, 0x100, 0x1FC, 0x110, 0x720, 0x140, 0x044, 0x07C, 0x000 } }, /* 呓 */
	{ 0xDFBE, { 0x000, 0x020, 0x620, 0x520, 0x5FC, 0x520, 0x530, 0x550, 0x748, 0x4AC, 0x104, 0x000 } }, /* 呔 */
	{ 0xDFBF, { 0x000, 0x000, 0x7C0, 0x590, 0x590, 0x5BC, 0x594, 0x794, 0x4A4, 0x124, 0x14C, 0x000 } }, /* 呖 */
	{ 0xDFC0, { 0x07C, 0x540, 0x518, 0x524, 0x524, 0x524, 0x7A8, 0x4A0, 0x0A4, 0x118, 0x000, 0x000 } }, /* 呃 */
	{ 0xDFC1, { 0x000, 0x000, 0x750, 0x114, 0x17C, 0x150, 0x110, 0x710, 0x010, 0x074, 0x00C, 0x000 } }, /* 吡 */
	{ 0xDFC2, { 0x000, 0x078, 0xE04, 0x814, 0x814, 0x804, 0x804, 0xE24, 0x828, 0x044, 0x080, 0x000 } }, /* 呗 */
	{ 0xDFC3, { 0x1F0, 0x208, 0x208, 0x1F8, 0x040, 0x7FC, 0x4A4, 0x514, 0x404, 0x40C, 0x000, 0x000 } }, /* 呙 */
	{ 0xDFC4, { 0x000, 0x020, 0x610, 0x500, 0x520, 0x5A4, 0x5A4, 0x5A0, 0x720, 0x424, 0x038, 0x000 } }, /* 吣 */
	{ 0xDFC5, { 0x064, 0x714, 0x514, 0x544, 0x504, 0x5E4, 0x714, 0x514, 0x024, 0x064, 0x000, 0x000 } }, /* 吲 */
	{ 0xDFC6, { 0x000, 0x07C, 0x680, 0x090, 0x0BC, 0x094, 0x094, 0x69C, 0x090, 0x080, 0x0FC, 0x000 } }, /* 咂 */
	{ 0xDFC7, { 0x000, 0x020, 0x720, 0x120, 0x120, 0x1FC, 0x120, 0x728, 0x524, 0x020, 0x020, 0x000 } }, /* 咔 */
	{ 0xDFC8, { 0x07C, 0xE94, 0x094, 0x0FC, 0x094, 0x094, 0x6FC, 0x810, 0x010, 0x010, 0x000, 0x000 } }, /* 呷 */
	{ 0xDFC9, { 0x000, 0x008, 0xEF8, 0x2A0, 0x2A0, 0x2A8, 0x2A8, 0x6A8, 0x9B4, 0x174, 0x100, 0x000 } }, /* 呱 */
	{ 0xDFCA, { 0x020, 0x630, 0x448, 0x4A4, 0x500, 0x478, 0x408, 0x750, 0x030, 0x010, 0x000, 0x000 } }, /* 呤 */
	{ 0xDFCB, { 0x020, 0x678, 0x048, 0x0B0, 0x030, 0x14C, 0x630, 0x000, 0x060, 0x008, 0x000, 0x000 } }, /* 咚 */
	{ 0xDFCC, { 0x000, 0x010, 0x610, 0x946, 0x942, 0x900, 0x97C, 0xF10, 0x810, 0x010, 0x030, 0x000 } }, /* 咛 */
	{ 0xDFCD, { 0x000, 0x010, 0x610, 0x110, 0x110, 0x17C, 0x110, 0x790, 0x410, 0x010, 0x07C, 0x000 } }, /* 咄 */
	{ 0xDFCE, { 0x000, 0x000, 0x61C, 0x0F4, 0x0B4, 0x094, 0x08C, 0x6C8, 0x068, 0x094, 0x120, 0x000 } }, /* 呶 */
	{ 0xDFCF, { 0x000, 0x000, 0x608, 0xA9C, 0xB20, 0xBC4, 0xA14, 0xAB4, 0xFB4, 0x024, 0x040, 0x000 } }, /* 呦 */
	{ 0xDFD0, { 0x000, 0x048, 0x648, 0x280, 0x2F4, 0x2D8, 0x208, 0x690, 0x6DC, 0x000, 0x1FC, 0x000 } }, /* 咝 */
	{ 0xDFD1, { 0x000, 0x07C, 0x680, 0x0BC, 0x080, 0x098, 0x090, 0x690, 0x6BC, 0x080, 0x07C, 0x000 } }, /* 哐 */
	{ 0xDFD2, { 0x000, 0x010, 0x010, 0x510, 0x510, 0x57C, 0x500, 0x544, 0x504, 0x07C, 0x004, 0x000 } }, /* 咭 */
	{ 0xDFD3, { 0x000, 0x000, 0x630, 0x020, 0x0FC, 0x0A4, 0x084, 0x6CC, 0x684, 0x0FC, 0x084, 0x000 } }, /* 哂 */
	{ 0xDFD4, { 0x000, 0x020, 0x7FC, 0x540, 0x450, 0x454, 0x4F0, 0x790, 0x428, 0x064, 0x080, 0x000 } }, /* 咴 */
	{ 0xDFD5, { 0x000, 0x000, 0x680, 0x018, 0x018, 0x1D0, 0x058, 0x654, 0x064, 0x0C0, 0x01C, 0x000 } }, /* 哒 */
	{ 0xDFD6, { 0x000, 0xEC4, 0xA00, 0xAE0, 0xAA0, 0xBA0, 0xE40, 0xA40, 0x084, 0x104, 0x000, 0x000 } }, /* 咧 */
	{ 0xDFD7, { 0x000, 0x6FC, 0x020, 0x07C, 0x0FC, 0x0A0, 0x634, 0x03C, 0x048, 0x184, 0x000, 0x000 } }, /* 咦 */
	{ 0xDFD8, { 0x040, 0x678, 0x1A8, 0x030, 0x0DC, 0x00C, 0x670, 0x050, 0x052, 0x18C, 0x000, 0x000 } }, /* 哓 */
	{ 0xDFD9, { 0x000, 0x010, 0x694, 0x0D8, 0x090, 0x0D4, 0x000, 0x620, 0x830, 0x000, 0x000, 0x000 } }, /* 哔 */
	{ 0xDFDA, { 0x000, 0x008, 0x628, 0x428, 0x4AC, 0x4A8, 0x4A8, 0x4A8, 0x4A8, 0x0E8, 0x08C, 0x000 } }, /* 呲 */
	{ 0xDFDB, { 0x000, 0x6A4, 0x028, 0x020, 0x0FC, 0x050, 0x650, 0x050, 0x090, 0x10C, 0x000, 0x000 } }, /* 咣 */
	{ 0xDFDC, { 0x000, 0x010, 0x610, 0x050, 0x020, 0x020, 0x07C, 0x684, 0x828, 0x010, 0x0C0, 0x000 } }, /* 哕 */
	{ 0xDFDD, { 0x000, 0x050, 0x050, 0x690, 0x290, 0x398, 0x2B8, 0x2B4, 0x6D0, 0x090, 0x090, 0x000 } }, /* 咻 */
	{ 0xDFDE, { 0x000, 0x040, 0x614, 0x094, 0x1FC, 0x194, 0x094, 0x694, 0x090, 0x0A0, 0x0A0, 0x000 } }, /* 咿 */
	{ 0xDFDF, { 0x008, 0x6C0, 0x488, 0x4B0, 0x4B4, 0x4A8, 0x4A0, 0x5A8, 0x024, 0x124, 0x000, 0x000 } }, /* 哌 */
	{ 0xDFE0, { 0x000, 0x020, 0x630, 0xA48, 0x0CC, 0x000, 0x000, 0x620, 0xA48, 0x048, 0x004, 0x000 } }, /* 哙 */
	{ 0xDFE1, { 0x038, 0x648, 0x048, 0x048, 0x080, 0x4FC, 0x670, 0x088, 0x184, 0x000, 0x000, 0x000 } }, /* 哚 */
	{ 0xDFE2, { 0x010, 0x6FC, 0x048, 0x030, 0x038, 0x0C8, 0x648, 0x048, 0x048, 0x088, 0x000, 0x000 } }, /* 哜 */
	{ 0xDFE3, { 0x000, 0x048, 0x608, 0x57C, 0x510, 0x57C, 0x510, 0x710, 0x57C, 0x010, 0x010, 0x000 } }, /* 咩 */
	{ 0xDFE4, { 0x000, 0x000, 0x684, 0x548, 0x100, 0x1FC, 0x570, 0x758, 0x08C, 0x100, 0x000, 0x000 } }, /* 咪 */
	{ 0xDFE5, { 0x000, 0x020, 0x630, 0x884, 0x008, 0x0E0, 0x020, 0x2FC, 0xE20, 0x024, 0x03C, 0x000 } }, /* 咤 */
	{ 0xDFE6, { 0x000, 0x000, 0x6F8, 0x0A4, 0x020, 0x064, 0x658, 0x2C0, 0x148, 0x064, 0x040, 0x000 } }, /* 哝 */
	{ 0xDFE7, { 0x000, 0x078, 0x748, 0x178, 0x148, 0x178, 0x144, 0x758, 0x150, 0x06C, 0x044, 0x000 } }, /* 哏 */
	{ 0xDFE8, { 0x000, 0x020, 0x648, 0x8DC, 0x800, 0x850, 0x8FC, 0xE10, 0x8FC, 0x010, 0x010, 0x000 } }, /* 哞 */
	{ 0xDFE9, { 0x000, 0x000, 0x6FC, 0x478, 0x420, 0x4FC, 0x460, 0x648, 0x430, 0x038, 0x084, 0x000 } }, /* 唛 */
	{ 0xDFEA, { 0x000, 0x000, 0x678, 0x220, 0x230, 0x238, 0x22C, 0x684, 0x240, 0x050, 0x090, 0x000 } }, /* 哧 */
	{ 0xDFEB, { 0x000, 0x008, 0x668, 0x868, 0x000, 0x086, 0x020, 0x6FC, 0x824, 0x040, 0x088, 0x000 } }, /* 唠 */
	{ 0xDFEC, { 0x0FC, 0x610, 0x07C, 0x094, 0x0F4, 0x0FC, 0x600, 0x060, 0x070, 0x18C, 0x000, 0x000 } }, /* 哽 */
	{ 0xDFED, { 0x000, 0x07C, 0x620, 0x078, 0x028, 0x068, 0x000, 0x678, 0x804, 0x07C, 0x000, 0x000 } }, /* 唔 */
	{ 0xDFEE, { 0x000, 0x004, 0x650, 0x2D0, 0x05C, 0x054, 0x1D4, 0x254, 0x654, 0x064, 0x0A4, 0x000 } }, /* 哳 */
	{ 0xDFEF, { 0x000, 0x000, 0x614, 0x018, 0x07C, 0x044, 0x054, 0x644, 0x020, 0x06C, 0x180, 0x000 } }, /* 唢 */
	{ 0xDFF0, { 0x000, 0x020, 0x67C, 0x084, 0x0FC, 0x0C4, 0x020, 0x62C, 0x5E0, 0x020, 0x03C, 0x000 } }, /* 唣 */
	{ 0xDFF1, { 0x000, 0x048, 0x630, 0x0EC, 0x020, 0x070, 0x650, 0x6D4, 0x154, 0x05C, 0x010, 0x000 } }, /* 唏 */
	{ 0xDFF2, { 0x000, 0x000, 0x000, 0xE80, 0xA8C, 0xBFC, 0xA10, 0xE7C, 0xE00, 0x020, 0x0FC, 0x000 } }, /* 唑 */
	{ 0xDFF3, { 0x000, 0x6A4, 0x0A0, 0x0A0, 0x0A0, 0x280, 0x680, 0x0E4, 0x090, 0x000, 0x000, 0x000 } }, /* 唧 */
	{ 0xDFF4, { 0x000, 0x020, 0xE60, 0xAF8, 0xA60, 0xAC8, 0xAAC, 0xE70, 0x8F8, 0x020, 0x020, 0x000 } }, /* 唪 */
	{ 0xDFF5, { 0x000, 0x7FC, 0x0F8, 0x020, 0x000, 0x0F8, 0x680, 0x0A0, 0x048, 0x184, 0x000, 0x000 } }, /* 啧 */
	{ 0xDFF6, { 0x000, 0x048, 0x648, 0x848, 0x020, 0x0FC, 0x040, 0x67C, 0x1C4, 0x17C, 0x044, 0x000 } }, /* 喏 */
	{ 0xDFF7, { 0x000, 0x008, 0x668, 0x168, 0x100, 0x1FC, 0x194, 0x7FC, 0x494, 0x0F4, 0x084, 0x000 } }, /* 喵 */
	{ 0xDFF8, { 0x008, 0x648, 0x2FC, 0x2D8, 0x2F8, 0x6D8, 0x7EC, 0x148, 0x048, 0x048, 0x000, 0x000 } }, /* 啉 */
	{ 0xDFF9, { 0x000, 0x008, 0x688, 0xADC, 0xA80, 0xB5C, 0xBD0, 0xE44, 0xAC4, 0x058, 0x044, 0x000 } }, /* 啭 */
	{ 0xDFFA, { 0x000, 0x07C, 0x680, 0x8B0, 0x890, 0x8B8, 0x880, 0xEA8, 0x8B8, 0x100, 0x104, 0x000 } }, /* 啁 */
	{ 0xDFFB, { 0x000, 0x040, 0x640, 0x180, 0x070, 0x020, 0x0F8, 0x620, 0x8F8, 0x004, 0x00C, 0x000 } }, /* 啕 */
	{ 0xDFFC, { 0x000, 0x040, 0x67C, 0x1B4, 0x054, 0x0A4, 0x048, 0x610, 0x1D4, 0x148, 0x030, 0x000 } }, /* 唿 */
	{ 0xDFFD, { 0x000, 0x010, 0x7FC, 0x140, 0x148, 0x1FC, 0x190, 0x710, 0x0FC, 0x010, 0x010, 0x000 } }, /* 啐 */
	{ 0xDFFE, { 0x010, 0xEFC, 0x248, 0x250, 0x220, 0x220, 0x648, 0x850, 0x038, 0x0C4, 0x000, 0x000 } }, /* 唼 */
	{ 0xE0A1, { 0x000, 0x000, 0x6FC, 0x048, 0x0FC, 0x000, 0x048, 0x678, 0x848, 0x048, 0x008, 0x000 } }, /* 唷 */
	{ 0xE0A2, { 0x010, 0x654, 0x130, 0x128, 0x180, 0x114, 0x7B0, 0x030, 0x048, 0x084, 0x000, 0x000 } }, /* 啖 */
	{ 0xE0A3, { 0x000, 0x000, 0x690, 0x254, 0x250, 0x2FC, 0x264, 0x658, 0x158, 0x158, 0x0A0, 0x000 } }, /* 啵 */
	{ 0xE0A4, { 0x000, 0x010, 0x6FC, 0x180, 0x17C, 0x110, 0x150, 0x750, 0x5D0, 0x0B0, 0x10C, 0x000 } }, /* 啶 */
	{ 0xE0A5, { 0x000, 0x6DC, 0x2B4, 0x2F4, 0x2BC, 0x2F4, 0x690, 0x2B4, 0x0F0, 0x010, 0x000, 0x000 } }, /* 啷 */
	{ 0xE0A6, { 0x000, 0x6FC, 0x084, 0x0F8, 0x090, 0x0BC, 0x690, 0x0B8, 0x12C, 0x144, 0x000, 0x000 } }, /* 唳 */
	{ 0xE0A7, { 0x000, 0x000, 0xE90, 0xAF8, 0xA08, 0xAE8, 0xBD8, 0xBD8, 0x9D0, 0x2C4, 0x004, 0x000 } }, /* 唰 */
	{ 0xE0A8, { 0x0C0, 0x624, 0x5C8, 0x56C, 0x590, 0x5FC, 0x7D4, 0x458, 0x088, 0x134, 0x000, 0x000 } }, /* 啜 */
	{ 0xE0A9, { 0x000, 0x000, 0x6EC, 0x0AC, 0x0B8, 0x080, 0x030, 0x6FC, 0x078, 0x084, 0x000, 0x000 } }, /* 喋 */
	{ 0xE0AA, { 0x000, 0x048, 0x7FC, 0x048, 0x030, 0x048, 0x1FC, 0x600, 0x448, 0x048, 0x048, 0x000 } }, /* 嗒 */
	{ 0xE0AB, { 0x000, 0x000, 0x6FC, 0x200, 0x2FC, 0x294, 0x294, 0x6B4, 0x2FC, 0x084, 0x084, 0x000 } }, /* 喃 */
	{ 0xE0AC, { 0x000, 0x0FC, 0x680, 0x2BC, 0x2B4, 0x2BC, 0x2BC, 0x680, 0x13C, 0x110, 0x000, 0x000 } }, /* 喱 */
	{ 0xE0AD, { 0x000, 0x020, 0x6FC, 0x248, 0x2EC, 0x230, 0x2F8, 0x600, 0x678, 0x000, 0x0FC, 0x000 } }, /* 喹 */
	{ 0xE0AE, { 0x000, 0x010, 0x694, 0x090, 0x090, 0x088, 0x060, 0x684, 0x0FC, 0x08C, 0x080, 0x000 } }, /* 喈 */
	{ 0xE0AF, { 0x07C, 0xE94, 0x8FC, 0x894, 0x87C, 0x830, 0xE92, 0x89A, 0x082, 0x084, 0x000, 0x000 } }, /* 喁 */
	{ 0xE0B0, { 0x07C, 0x692, 0x8FE, 0x8B6, 0x800, 0x844, 0xE7C, 0x844, 0x044, 0x00C, 0x000, 0x000 } }, /* 喟 */
	{ 0xE0B1, { 0x000, 0x000, 0x6C8, 0xA18, 0xAF4, 0xA88, 0xAD8, 0xF98, 0xA14, 0x024, 0x000, 0x000 } }, /* 啾 */
	{ 0xE0B2, { 0x000, 0x684, 0x0CC, 0x084, 0x0FC, 0x010, 0x648, 0x028, 0x030, 0x0CC, 0x000, 0x000 } }, /* 嗖 */
	{ 0xE0B3, { 0x000, 0x6FC, 0x048, 0x128, 0x1FC, 0x078, 0x604, 0x578, 0x04C, 0x04C, 0x000, 0x000 } }, /* 喑 */
	{ 0xE0B4, { 0x000, 0x040, 0x7FC, 0x110, 0x444, 0x3F8, 0x248, 0x040, 0x3F8, 0x208, 0x208, 0x000 } }, /* 啻 */
	{ 0xE0B5, { 0x000, 0x048, 0x668, 0x010, 0x07C, 0x020, 0x0FC, 0x660, 0x0D0, 0x190, 0x07C, 0x000 } }, /* 嗟 */
	{ 0xE0B6, { 0x000, 0x000, 0x648, 0x0FC, 0x038, 0x0CC, 0x020, 0x2FC, 0x648, 0x038, 0x0C4, 0x000 } }, /* 喽 */
	{ 0xE0B7, { 0x000, 0x248, 0x210, 0x7FC, 0x540, 0x3F8, 0x660, 0x000, 0x3F8, 0x208, 0x208, 0x000 } }, /* 喾 */
	{ 0xE0B8, { 0x000, 0x0FC, 0x684, 0x0FC, 0x080, 0x0BC, 0x2AC, 0x790, 0x17C, 0x110, 0x07C, 0x000 } }, /* 喔 */
	{ 0xE0B9, { 0x000, 0x040, 0x078, 0x6F8, 0x018, 0x06C, 0x0A8, 0x678, 0x6B4, 0x0D4, 0x020, 0x000 } }, /* 喙 */
	{ 0xE0BA, { 0x020, 0x6FC, 0x078, 0x060, 0x0C8, 0x0FC, 0x620, 0x6FC, 0x068, 0x0A4, 0x000, 0x000 } }, /* 嗪 */
	{ 0xE0BB, { 0x040, 0x6C0, 0x25C, 0x2D4, 0x2F4, 0x290, 0x6E8, 0x088, 0x15C, 0x024, 0x000, 0x000 } }, /* 嗷 */
	{ 0xE0BC, { 0x000, 0x6FC, 0xA7C, 0xA30, 0xA48, 0xAF0, 0xE6C, 0x8B0, 0x08C, 0x020, 0x000, 0x000 } }, /* 嗉 */
	{ 0xE0BD, { 0x000, 0x6FC, 0x224, 0x2E4, 0x28C, 0x3E4, 0x6A0, 0x6A4, 0x0E0, 0x000, 0x000, 0x000 } }, /* 嘟 */
	{ 0xE0BE, { 0x000, 0x000, 0x6FC, 0x020, 0x060, 0x048, 0x080, 0x6FC, 0x0B4, 0x0B4, 0x1FC, 0x000 } }, /* 嗑 */
	{ 0xE0BF, { 0x0FC, 0x648, 0x048, 0x078, 0x0FC, 0x008, 0x65C, 0x0D8, 0x0F8, 0x124, 0x000, 0x000 } }, /* 嗫 */
	{ 0xE0C0, { 0x000, 0x000, 0x6FC, 0x200, 0x2FC, 0x284, 0x3B4, 0x6B4, 0x0B4, 0x084, 0x088, 0x000 } }, /* 嗬 */
	{ 0xE0C1, { 0x000, 0x000, 0x6FC, 0x078, 0x048, 0x048, 0x048, 0x678, 0x0FC, 0x000, 0x084, 0x000 } }, /* 嗔 */
	{ 0xE0C2, { 0x000, 0x000, 0x6FC, 0x0FC, 0x0A0, 0x048, 0x060, 0x67C, 0x000, 0x084, 0x020, 0x000 } }, /* 嗦 */
	{ 0xE0C3, { 0x0FC, 0x600, 0x07C, 0x04C, 0x000, 0x0FC, 0x6A8, 0x0B8, 0x090, 0x084, 0x000, 0x000 } }, /* 嗝 */
	{ 0xE0C4, { 0x0FC, 0x620, 0x0CC, 0x0CC, 0x0FC, 0x078, 0x660, 0x0C8, 0x030, 0x0CC, 0x000, 0x000 } }, /* 嗄 */
	{ 0xE0C5, { 0x000, 0x078, 0x684, 0x0B4, 0x0A4, 0x0A4, 0x6F8, 0x400, 0x0D4, 0x140, 0x038, 0x000 } }, /* 嗯 */
	{ 0xE0C6, { 0x000, 0x020, 0x6FC, 0x0F8, 0x0C8, 0x020, 0x0FC, 0x648, 0x1FC, 0x020, 0x000, 0x000 } }, /* 嗥 */
	{ 0xE0C7, { 0x000, 0x048, 0x690, 0x230, 0x2C8, 0x270, 0x2E0, 0x670, 0x048, 0x030, 0x0E0, 0x000 } }, /* 嗲 */
	{ 0xE0C8, { 0x01C, 0x620, 0x208, 0x2FC, 0x220, 0x260, 0x678, 0x068, 0x1B0, 0x0E4, 0x000, 0x000 } }, /* 嗳 */
	{ 0xE0C9, { 0x000, 0x008, 0x648, 0xAFC, 0xA00, 0xAC4, 0xAFC, 0xEB4, 0xAB4, 0x0B4, 0x1FC, 0x000 } }, /* 嗌 */
	{ 0xE0CA, { 0x000, 0x0A0, 0xE2A, 0xAFA, 0xA4E, 0xA4A, 0xA4A, 0xEFE, 0x812, 0x092, 0x104, 0x000 } }, /* 嗍 */
	{ 0xE0CB, { 0x000, 0x020, 0x6FC, 0x240, 0x33C, 0x214, 0x27C, 0x690, 0x354, 0x10C, 0x008, 0x000 } }, /* 嗨 */
	{ 0xE0CC, { 0x000, 0x038, 0x688, 0x218, 0x23C, 0x2BC, 0x2B4, 0x6BC, 0x084, 0x1C0, 0x01C, 0x000 } }, /* 嗵 */
	{ 0xE0CD, { 0x000, 0x6A4, 0x230, 0x2FC, 0x200, 0x2F8, 0x6A4, 0x0F8, 0x024, 0x0E4, 0x000, 0x000 } }, /* 嗤 */
	{ 0xE0CE, { 0x040, 0x4E8, 0x6DC, 0x0E8, 0x64C, 0x040, 0x440, 0x3F8, 0x208, 0x208, 0x000, 0x000 } }, /* 辔 */
	{ 0xE0CF, { 0x000, 0x0A8, 0x7E8, 0x2BC, 0x248, 0x2E8, 0x264, 0x244, 0x6F4, 0x054, 0x068, 0x000 } }, /* 嘞 */
	{ 0xE0D0, { 0x000, 0x000, 0x6FC, 0x2FC, 0x2F4, 0x2FC, 0x2FC, 0x678, 0x048, 0x048, 0x048, 0x000 } }, /* 嘈 */
	{ 0xE0D1, { 0x0FC, 0x630, 0x2FC, 0x2F4, 0x200, 0x278, 0x600, 0x610, 0x084, 0x120, 0x000, 0x000 } }, /* 嘌 */
	{ 0xE0D2, { 0x010, 0x010, 0x6FC, 0x250, 0x254, 0x2F8, 0x708, 0x7C8, 0x15C, 0x014, 0x000, 0x000 } }, /* 嘁 */
	{ 0xE0D3, { 0x0DC, 0x734, 0x27C, 0x2B8, 0x2C8, 0x290, 0x660, 0x048, 0x030, 0x0C4, 0x000, 0x000 } }, /* 嘤 */
	{ 0xE0D4, { 0x000, 0x694, 0x07C, 0x0CC, 0x0A4, 0x0EC, 0x6AC, 0x0A4, 0x0B4, 0x114, 0x000, 0x000 } }, /* 嘣 */
	{ 0xE0D5, { 0x010, 0x610, 0x2E0, 0x280, 0x2DC, 0x2C8, 0x6FC, 0x248, 0x154, 0x020, 0x000, 0x000 } }, /* 嗾 */
	{ 0xE0D6, { 0x010, 0x6FC, 0x008, 0x0FC, 0x090, 0x0B0, 0x6B0, 0x2A8, 0x0B0, 0x084, 0x000, 0x000 } }, /* 嘀 */
	{ 0xE0D7, { 0x000, 0x000, 0x6FC, 0x2A0, 0x048, 0x0F4, 0x068, 0x030, 0x684, 0x084, 0x0FC, 0x000 } }, /* 嘧 */
	{ 0xE0D8, { 0x044, 0x6E4, 0x248, 0x204, 0x2E4, 0x2A8, 0x6A4, 0x0A4, 0x0F8, 0x010, 0x000, 0x000 } }, /* 嘭 */
	{ 0xE0D9, { 0x0FC, 0x600, 0x268, 0x2FC, 0x220, 0x238, 0x678, 0x108, 0x144, 0x090, 0x000, 0x000 } }, /* 噘 */
	{ 0xE0DA, { 0x000, 0x020, 0x6FC, 0x010, 0x048, 0x0FC, 0x078, 0x648, 0x020, 0x08C, 0x020, 0x000 } }, /* 嘹 */
	{ 0xE0DB, { 0x000, 0x600, 0x0FC, 0x000, 0x0FC, 0x030, 0x630, 0x0FC, 0x050, 0x18C, 0x000, 0x000 } }, /* 噗 */
	{ 0xE0DC, { 0x0F8, 0x688, 0x288, 0x200, 0x2FC, 0x2FC, 0x6B4, 0x0A8, 0x0E8, 0x034, 0x000, 0x000 } }, /* 嘬 */
	{ 0xE0DD, { 0x000, 0x050, 0x6FC, 0x290, 0x3F8, 0x210, 0x250, 0x654, 0x200, 0x054, 0x100, 0x000 } }, /* 噍 */
	{ 0xE0DE, { 0x000, 0x020, 0x6FC, 0x284, 0x2B4, 0x2B4, 0x2EC, 0x600, 0x2FC, 0x050, 0x184, 0x000 } }, /* 噢 */
	{ 0xE0DF, { 0x000, 0x020, 0x650, 0x2CC, 0x234, 0x2B0, 0x2F8, 0x620, 0x2F4, 0x074, 0x004, 0x000 } }, /* 噙 */
	{ 0xE0E0, { 0x000, 0x060, 0x690, 0x0FC, 0x0FC, 0x0FC, 0x0FC, 0x600, 0x048, 0x048, 0x0C8, 0x000 } }, /* 噜 */
	{ 0xE0E1, { 0x000, 0x008, 0x728, 0x194, 0x198, 0x1BC, 0x100, 0x74C, 0x07C, 0x044, 0x044, 0x000 } }, /* 噌 */
	{ 0xE0E2, { 0x000, 0x0C0, 0x618, 0x0C4, 0x0F8, 0x184, 0x048, 0x648, 0x640, 0x048, 0x1FC, 0x000 } }, /* 噔 */
	{ 0xE0E3, { 0x048, 0x6FC, 0x200, 0x2FC, 0x278, 0x278, 0x6FC, 0x0B4, 0x0D4, 0x004, 0x000, 0x000 } }, /* 嚆 */
	{ 0xE0E4, { 0x008, 0x6C8, 0x2D8, 0x2FC, 0x248, 0x2F8, 0x600, 0x020, 0x084, 0x020, 0x000, 0x000 } }, /* 噤 */
	{ 0xE0E5, { 0x020, 0x620, 0x2B4, 0x2B0, 0x218, 0x2A0, 0x678, 0x178, 0x174, 0x030, 0x000, 0x000 } }, /* 噱 */
	{ 0xE0E6, { 0x000, 0x020, 0x658, 0x1FC, 0x000, 0x088, 0x0F8, 0x678, 0x000, 0x044, 0x030, 0x000 } }, /* 噫 */
	{ 0xE0E7, { 0x000, 0x020, 0x6FC, 0x250, 0x258, 0x2FC, 0x2FC, 0x648, 0x0F4, 0x020, 0x0FC, 0x000 } }, /* 噻 */
	{ 0xE0E8, { 0x000, 0x008, 0x6C8, 0x204, 0x2D4, 0x204, 0x2C8, 0x788, 0x1BC, 0x0C8, 0x288, 0x000 } }, /* 噼 */
	{ 0xE0E9, { 0x0FC, 0x620, 0x0B4, 0x048, 0x048, 0x0FC, 0x620, 0x0B4, 0x084, 0x084, 0x000, 0x000 } }, /* 嚅 */
	{ 0xE0EA, { 0x000, 0x020, 0x6FC, 0x250, 0x2B4, 0x248, 0x2FC, 0x680, 0x678, 0x088, 0x020, 0x000 } }, /* 嚓 */
	{ 0xE0EB, { 0x07C, 0x630, 0x090, 0x000, 0x040, 0x07C, 0x7D0, 0x090, 0x050, 0x0FC, 0x000, 0x000 } }, /* 嚯 */
	{ 0xE0EC, { 0x000, 0x020, 0x678, 0x238, 0x2A4, 0x2F8, 0x2F8, 0x6F8, 0x078, 0x0D8, 0x04C, 0x000 } }, /* 囔 */
	{ 0xE0ED, { 0x000, 0x404, 0x404, 0x404, 0x404, 0x404, 0x404, 0x404, 0x7FC, 0x404, 0x000, 0x000 } }, /* 囗 */
	{ 0xE0EE, { 0x000, 0x3F8, 0x404, 0x5F4, 0x464, 0x444, 0x444, 0x444, 0x444, 0x484, 0x404, 0x000 } }, /* 囝 */
	{ 0xE0EF, { 0x3FC, 0x444, 0x444, 0x5F4, 0x4A4, 0x4A4, 0x464, 0x594, 0x7FC, 0x404, 0x000, 0x000 } }, /* 囡 */
	{ 0xE0F0, { 0x7FC, 0x444, 0x4C4, 0x534, 0x4A4, 0x4C4, 0x484, 0x4F4, 0x404, 0x404, 0x000, 0x000 } }, /* 囵 */
	{ 0xE0F1, { 0x3F8, 0x404, 0x584, 0x5F4, 0x4A4, 0x554, 0x454, 0x594, 0x404, 0x404, 0x000, 0x000 } }, /* 囫 */
	{ 0xE0F2, { 0x3F8, 0x444, 0x4E4, 0x514, 0x444, 0x5F4, 0x424, 0x444, 0x404, 0x7FC, 0x000, 0x000 } }, /* 囹 */
	{ 0xE0F3, { 0x3FC, 0x404, 0x5F4, 0x484, 0x594, 0x494, 0x4F4, 0x414, 0x404, 0x404, 0x000, 0x000 } }, /* 囿 */
	{ 0xE0F4, { 0x3F8, 0x404, 0x4C4, 0x5E4, 0x494, 0x404, 0x5F4, 0x534, 0x404, 0x404, 0x000, 0x000 } }, /* 圄 */
	{ 0xE0F5, { 0x7FC, 0x444, 0x554, 0x5F4, 0x404, 0x5F4, 0x5F4, 0x514, 0x514, 0x7FC, 0x000, 0x000 } }, /* 圊 */
	{ 0xE0F6, { 0x7FC, 0x444, 0x5F4, 0x554, 0x4A4, 0x5F4, 0x444, 0x554, 0x444, 0x404, 0x000, 0x000 } }, /* 圉 */
	{ 0xE0F7, { 0x7FC, 0x5F4, 0x5B4, 0x404, 0x5E4, 0x5F4, 0x494, 0x7B4, 0x484, 0x7FC, 0x000, 0x000 } }, /* 圜 */
	{ 0xE0F8, { 0x210, 0x27C, 0x790, 0x2FC, 0x290, 0x2FC, 0x290, 0x310, 0x214, 0x210, 0x000, 0x000 } }, /* 帏 */
	{ 0xE0F9, { 0x000, 0x210, 0x230, 0x7FC, 0x2D0, 0x290, 0x2FC, 0x298, 0x328, 0x264, 0x200, 0x000 } }, /* 帙 */
	{ 0xE0FA, { 0x000, 0x200, 0x210, 0x7FC, 0x2D0, 0x2F8, 0x2E4, 0x2C0, 0x3D8, 0x298, 0x220, 0x000 } }, /* 帔 */
	{ 0xE0FB, { 0x200, 0x7BC, 0x0A8, 0x398, 0x3BC, 0x440, 0x3F8, 0x248, 0x248, 0x040, 0x000, 0x000 } }, /* 帑 */
	{ 0xE0FC, { 0x000, 0x210, 0x27C, 0x730, 0x230, 0x2FC, 0x220, 0x27C, 0x348, 0x208, 0x208, 0x000 } }, /* 帱 */
	{ 0xE0FD, { 0x000, 0x210, 0x27C, 0x7FC, 0x290, 0x280, 0x2FC, 0x2D4, 0x354, 0x228, 0x244, 0x000 } }, /* 帻 */
	{ 0xE0FE, { 0x200, 0x244, 0x750, 0x250, 0x250, 0x250, 0x254, 0x358, 0x244, 0x244, 0x000, 0x000 } }, /* 帼 */
	{ 0xE1A1, { 0x200, 0x200, 0x77C, 0x2C8, 0x27C, 0x240, 0x27C, 0x340, 0x27C, 0x240, 0x000, 0x000 } }, /* 帷 */
	{ 0xE1A2, { 0x200, 0x244, 0x77C, 0x340, 0x37C, 0x334, 0x338, 0x3BC, 0x280, 0x23C, 0x000, 0x000 } }, /* 幄 */
	{ 0xE1A3, { 0x278, 0x244, 0x744, 0x200, 0x2EC, 0x2FC, 0x300, 0x328, 0x210, 0x2EC, 0x000, 0x000 } }, /* 幔 */
	{ 0xE1A4, { 0x000, 0x210, 0x27C, 0x728, 0x300, 0x37C, 0x37C, 0x34C, 0x310, 0x230, 0x210, 0x000 } }, /* 幛 */
	{ 0xE1A5, { 0x000, 0x228, 0x26C, 0x7FC, 0x208, 0x27C, 0x210, 0x210, 0x37C, 0x228, 0x2C4, 0x000 } }, /* 幞 */
	{ 0xE1A6, { 0x000, 0x20C, 0x250, 0x750, 0x27C, 0x234, 0x2D4, 0x254, 0x37C, 0x254, 0x244, 0x000 } }, /* 幡 */
	{ 0xE1A7, { 0x040, 0x248, 0x3F8, 0x200, 0x110, 0x118, 0x188, 0x250, 0x270, 0x59C, 0x000, 0x000 } }, /* 岌 */
	{ 0xE1A8, { 0x000, 0x200, 0x204, 0x284, 0x684, 0x2BC, 0x280, 0x280, 0x780, 0x484, 0x03C, 0x000 } }, /* 屺 */
	{ 0xE1A9, { 0x200, 0x228, 0x2A8, 0x2A8, 0x2FC, 0x2A8, 0x2A8, 0xFA8, 0x048, 0x048, 0x000, 0x000 } }, /* 岍 */
	{ 0xE1AA, { 0x000, 0x010, 0x27C, 0x210, 0x290, 0x2FC, 0x2A8, 0x2A8, 0x790, 0x038, 0x044, 0x000 } }, /* 岐 */
	{ 0xE1AB, { 0x000, 0x000, 0x240, 0x244, 0xAD4, 0xAC8, 0xAC8, 0xACC, 0xAD4, 0xFC0, 0x03C, 0x000 } }, /* 岖 */
	{ 0xE1AC, { 0x000, 0x208, 0x2A8, 0x2A8, 0x2FC, 0x298, 0x2A8, 0x7A8, 0x0C8, 0x098, 0x000, 0x000 } }, /* 岈 */
	{ 0xE1AD, { 0x23C, 0x244, 0x254, 0x254, 0x254, 0x254, 0x210, 0x730, 0x040, 0x08C, 0x000, 0x000 } }, /* 岘 */
	{ 0xE1AE, { 0x000, 0x078, 0x040, 0x0C0, 0x0A0, 0x110, 0x24C, 0x648, 0x248, 0x248, 0x008, 0x000 } }, /* 岙 */
	{ 0xE1AF, { 0x040, 0x444, 0x3F8, 0x040, 0x1B0, 0x64C, 0x040, 0x3F0, 0x010, 0x020, 0x000, 0x000 } }, /* 岑 */
	{ 0xE1B0, { 0x040, 0x448, 0x3F8, 0x3F0, 0x008, 0x028, 0x0C8, 0x4E8, 0x528, 0x004, 0x000, 0x000 } }, /* 岚 */
	{ 0xE1B1, { 0x000, 0x040, 0x444, 0x7FC, 0x000, 0x7F8, 0x040, 0x3F8, 0x000, 0x004, 0x3FC, 0x000 } }, /* 岜 */
	{ 0xE1B2, { 0x000, 0x010, 0x210, 0x2FC, 0x290, 0x290, 0x2BC, 0x2A4, 0x6A4, 0x6BC, 0x024, 0x000 } }, /* 岵 */
	{ 0xE1B3, { 0x040, 0x440, 0x3F8, 0x7FC, 0x008, 0x3C8, 0x228, 0x3E8, 0x208, 0x018, 0x000, 0x000 } }, /* 岢 */
	{ 0xE1B4, { 0x000, 0x040, 0x244, 0x080, 0x180, 0x100, 0x240, 0x378, 0x150, 0x24C, 0x4C0, 0x000 } }, /* 岽 */
	{ 0xE1B5, { 0x200, 0x254, 0x254, 0xA54, 0xA54, 0xA54, 0xA7C, 0xF10, 0x010, 0x010, 0x000, 0x000 } }, /* 岬 */
	{ 0xE1B6, { 0x000, 0x210, 0x210, 0x27C, 0xA50, 0xA50, 0xA7C, 0xA50, 0xB50, 0x57C, 0x040, 0x000 } }, /* 岫 */
	{ 0xE1B7, { 0x000, 0x100, 0x228, 0x23C, 0x6E0, 0x210, 0x24C, 0x040, 0x248, 0x248, 0x3F8, 0x000 } }, /* 岱 */
	{ 0xE1B8, { 0x200, 0x220, 0x224, 0x2C4, 0x274, 0x204, 0x214, 0x334, 0x504, 0x00C, 0x000, 0x000 } }, /* 岣 */
	{ 0xE1B9, { 0x044, 0x444, 0x3F8, 0x180, 0x424, 0x4A4, 0x5A4, 0x424, 0x128, 0x620, 0x000, 0x000 } }, /* 峁 */
	{ 0xE1BA, { 0x000, 0x24C, 0x244, 0xA7C, 0xA50, 0xA7C, 0xA40, 0xB48, 0x56C, 0x044, 0x000, 0x000 } }, /* 岷 */
	{ 0xE1BB, { 0x27C, 0x228, 0x238, 0x2B8, 0x2C4, 0x2B0, 0x290, 0x2FC, 0x790, 0x010, 0x000, 0x000 } }, /* 峄 */
	{ 0xE1BC, { 0x000, 0x200, 0x27C, 0x244, 0xA44, 0xA44, 0xA6C, 0xA6C, 0xB5C, 0x544, 0x044, 0x000 } }, /* 峒 */
	{ 0xE1BD, { 0x000, 0x23C, 0x200, 0x230, 0xA28, 0xA48, 0xAEC, 0xA28, 0xB28, 0x548, 0x048, 0x000 } }, /* 峤 */
	{ 0xE1BE, { 0x220, 0x220, 0x23C, 0x240, 0x2E8, 0x238, 0x228, 0x338, 0x528, 0x004, 0x000, 0x000 } }, /* 峋 */
	{ 0xE1BF, { 0x000, 0x220, 0x238, 0x248, 0xAFC, 0xA14, 0xA14, 0xA14, 0xB14, 0xD10, 0x030, 0x000 } }, /* 峥 */
	{ 0xE1C0, { 0x228, 0x27C, 0x228, 0x300, 0x352, 0x310, 0x334, 0x324, 0x124, 0x048, 0x000, 0x000 } }, /* 崂 */
	{ 0xE1C1, { 0x000, 0x010, 0x210, 0x210, 0x354, 0x310, 0x37C, 0x330, 0x758, 0x094, 0x010, 0x000 } }, /* 崃 */
	{ 0xE1C2, { 0x000, 0x040, 0x64C, 0x000, 0x228, 0x748, 0x244, 0x2A0, 0x628, 0x248, 0x044, 0x000 } }, /* 崧 */
	{ 0xE1C3, { 0x000, 0x210, 0x27C, 0x328, 0x344, 0x37C, 0x350, 0x358, 0x378, 0x510, 0x01C, 0x000 } }, /* 崦 */
	{ 0xE1C4, { 0x040, 0x444, 0x000, 0x7FC, 0x444, 0x444, 0x4E4, 0x414, 0x404, 0x60C, 0x000, 0x000 } }, /* 崮 */
	{ 0xE1C5, { 0x000, 0x248, 0x218, 0x264, 0x210, 0x220, 0x23C, 0x2FC, 0x724, 0x024, 0x02C, 0x000 } }, /* 崤 */
	{ 0xE1C6, { 0x000, 0x210, 0x27C, 0x238, 0x244, 0x238, 0x23C, 0x218, 0x77C, 0x010, 0x030, 0x000 } }, /* 崞 */
	{ 0xE1C7, { 0x000, 0x210, 0x27C, 0x240, 0x22C, 0x244, 0x23C, 0x210, 0x210, 0x710, 0x07C, 0x000 } }, /* 崆 */
	{ 0xE1C8, { 0x27C, 0x244, 0x27C, 0xB48, 0xB68, 0xB7C, 0xB48, 0xFA8, 0x0BC, 0x080, 0x000, 0x000 } }, /* 崛 */
	{ 0xE1C9, { 0x028, 0x27C, 0x228, 0xB7C, 0xB00, 0xB10, 0xB38, 0xF38, 0x154, 0x010, 0x000, 0x000 } }, /* 嵘 */
	{ 0xE1CA, { 0x27C, 0x228, 0xB7C, 0x32C, 0x37C, 0x310, 0x36C, 0x728, 0x018, 0x064, 0x000, 0x000 } }, /* 崾 */
	{ 0xE1CB, { 0x040, 0x248, 0x028, 0x3FC, 0x1C0, 0x098, 0x3D8, 0x5D0, 0x4D8, 0x024, 0x000, 0x000 } }, /* 崴 */
	{ 0xE1CC, { 0x000, 0x040, 0x7F8, 0x000, 0x248, 0x3F8, 0x048, 0x3F8, 0x548, 0x504, 0x1F0, 0x000 } }, /* 崽 */
	{ 0xE1CD, { 0x000, 0x440, 0x7F8, 0x000, 0x7F8, 0x3F8, 0x048, 0x6F8, 0x0D0, 0x150, 0x43C, 0x000 } }, /* 嵬 */
	{ 0xE1CE, { 0x040, 0x648, 0x0E0, 0x130, 0x6EC, 0x388, 0x2E8, 0x268, 0x2C8, 0x088, 0x000, 0x000 } }, /* 嵛 */
	{ 0xE1CF, { 0x000, 0x028, 0x228, 0x210, 0x27C, 0x210, 0x27C, 0x220, 0x37C, 0x780, 0x07C, 0x000 } }, /* 嵯 */
	{ 0xE1D0, { 0x000, 0x250, 0x210, 0x37C, 0xB38, 0xB54, 0xB20, 0xB7C, 0xB48, 0x118, 0x0E4, 0x000 } }, /* 嵝 */
	{ 0xE1D1, { 0x000, 0x220, 0x228, 0x27C, 0x348, 0x348, 0x3FC, 0x364, 0x348, 0x76C, 0x070, 0x000 } }, /* 嵫 */
	{ 0xE1D2, { 0x23C, 0x250, 0xB54, 0xB40, 0xB7C, 0xB64, 0xB64, 0x0BC, 0x0A4, 0x024, 0x000, 0x000 } }, /* 嵋 */
	{ 0xE1D3, { 0x000, 0x078, 0x000, 0x97C, 0x908, 0x94C, 0x94C, 0x930, 0xF58, 0x084, 0x000, 0x000 } }, /* 嵊 */
	{ 0xE1D4, { 0x000, 0x040, 0x3F8, 0x040, 0x000, 0x118, 0x1F0, 0x7FC, 0x4E4, 0x514, 0x404, 0x000 } }, /* 嵩 */
	{ 0xE1D5, { 0x000, 0x200, 0x200, 0xB74, 0xB28, 0xB4C, 0xB44, 0xB78, 0xF40, 0x040, 0x048, 0x000 } }, /* 嵴 */
	{ 0xE1D6, { 0x000, 0x010, 0x27C, 0x328, 0xB00, 0xB7C, 0xB7C, 0xB44, 0xB10, 0x17C, 0x010, 0x000 } }, /* 嶂 */
	{ 0xE1D7, { 0x210, 0x210, 0x27C, 0x358, 0x350, 0x344, 0x3AC, 0xF7C, 0x044, 0x084, 0x000, 0x000 } }, /* 嶙 */
	{ 0xE1D8, { 0x000, 0x000, 0x018, 0x14C, 0x97C, 0x984, 0x948, 0x948, 0xF08, 0x128, 0x07C, 0x000 } }, /* 嶝 */
	{ 0xE1D9, { 0x040, 0x378, 0x260, 0x758, 0x770, 0x1D8, 0x750, 0x150, 0x840, 0x004, 0x000, 0x000 } }, /* 豳 */
	{ 0xE1DA, { 0x040, 0x3F8, 0x43C, 0x608, 0x398, 0x614, 0x510, 0x7D0, 0x370, 0x49C, 0x000, 0x000 } }, /* 嶷 */
	{ 0xE1DB, { 0x040, 0x3F8, 0x000, 0x310, 0x7BC, 0x7A4, 0x7A4, 0x7B4, 0x798, 0x4A4, 0x000, 0x000 } }, /* 巅 */
	{ 0xE1DC, { 0x000, 0x020, 0x040, 0x190, 0x220, 0x0C0, 0x140, 0x040, 0x040, 0x040, 0x040, 0x000 } }, /* 彳 */
	{ 0xE1DD, { 0x000, 0x000, 0x200, 0x4FC, 0x300, 0x27C, 0x644, 0x244, 0x244, 0x288, 0x200, 0x000 } }, /* 彷 */
	{ 0xE1DE, { 0x000, 0x248, 0x440, 0x278, 0x240, 0x648, 0x248, 0x240, 0x24C, 0x200, 0x000, 0x000 } }, /* 徂 */
	{ 0xE1DF, { 0x000, 0x240, 0x444, 0x3C4, 0x2D4, 0x674, 0x254, 0x274, 0x244, 0x20C, 0x000, 0x000 } }, /* 徇 */
	{ 0xE1E0, { 0x000, 0x048, 0x240, 0x4FC, 0x320, 0x2F8, 0x620, 0x220, 0x2B4, 0x220, 0x220, 0x000 } }, /* 徉 */
	{ 0xE1E1, { 0x000, 0x020, 0x248, 0x4F0, 0x128, 0x2FC, 0x660, 0x248, 0x2B0, 0x230, 0x284, 0x000 } }, /* 後 */
	{ 0xE1E2, { 0x000, 0x020, 0x2FC, 0x420, 0x2A8, 0x220, 0x6FC, 0x270, 0x268, 0x2A4, 0x220, 0x000 } }, /* 徕 */
	{ 0xE1E3, { 0x000, 0x010, 0x210, 0x450, 0x350, 0x234, 0x610, 0x21C, 0x2D0, 0x2B0, 0x20C, 0x000 } }, /* 徙 */
	{ 0xE1E4, { 0x000, 0x000, 0x284, 0x440, 0x230, 0x284, 0x6B4, 0x284, 0x2B4, 0x284, 0x284, 0x000 } }, /* 徜 */
	{ 0xE1E5, { 0x000, 0x020, 0x2F8, 0x488, 0x288, 0x278, 0x6FC, 0x220, 0x278, 0x220, 0x2FC, 0x000 } }, /* 徨 */
	{ 0xE1E6, { 0x01C, 0x200, 0x480, 0x100, 0x2FC, 0x600, 0x2FC, 0x200, 0x284, 0x2FC, 0x000, 0x000 } }, /* 徭 */
	{ 0xE1E7, { 0x008, 0x520, 0x1FC, 0x214, 0x4F4, 0x4F0, 0x048, 0x0C8, 0x1F4, 0x020, 0x000, 0x000 } }, /* 徵 */
	{ 0xE1E8, { 0x088, 0x5E0, 0x1FC, 0x334, 0x4B4, 0x5D0, 0x088, 0x088, 0x15C, 0x020, 0x000, 0x000 } }, /* 徼 */
	{ 0xE1E9, { 0x1B0, 0x5B0, 0x1B0, 0x3B4, 0x4C4, 0x5E4, 0x1E4, 0x0E4, 0x0F4, 0x004, 0x000, 0x000 } }, /* 衢 */
	{ 0xE1EA, { 0x010, 0x060, 0x0C0, 0x110, 0x030, 0x0C0, 0x008, 0x030, 0x0C0, 0x300, 0x000, 0x000 } }, /* 彡 */
	{ 0xE1EB, { 0x000, 0x120, 0x0C0, 0x1C0, 0x260, 0x060, 0x0A0, 0x120, 0x220, 0x060, 0x0C0, 0x000 } }, /* 犭 */
	{ 0xE1EC, { 0x000, 0x020, 0x320, 0x278, 0x528, 0x328, 0x528, 0x508, 0x148, 0x288, 0x48C, 0x000 } }, /* 犰 */
	{ 0xE1ED, { 0x000, 0x37C, 0x210, 0x510, 0x110, 0x310, 0x510, 0x110, 0x110, 0x610, 0x000, 0x000 } }, /* 犴 */
	{ 0xE1EE, { 0x010, 0x510, 0x27C, 0x440, 0x140, 0x340, 0x540, 0x140, 0x180, 0x680, 0x000, 0x000 } }, /* 犷 */
	{ 0xE1EF, { 0x000, 0x400, 0x308, 0x648, 0x148, 0x148, 0x37C, 0x504, 0x17C, 0x104, 0x60C, 0x000 } }, /* 犸 */
	{ 0xE1F0, { 0x000, 0x500, 0x22C, 0x620, 0x120, 0x178, 0x320, 0x528, 0x108, 0x3FC, 0x600, 0x000 } }, /* 狃 */
	{ 0xE1F1, { 0x000, 0x020, 0x720, 0x248, 0x4DC, 0x344, 0x310, 0x550, 0x150, 0x250, 0x68C, 0x000 } }, /* 狁 */
	{ 0xE1F2, { 0x000, 0x500, 0x354, 0x614, 0x17C, 0x154, 0x354, 0x57C, 0x110, 0x110, 0x610, 0x000 } }, /* 狎 */
	{ 0xE1F3, { 0x020, 0x360, 0x244, 0x5C4, 0x154, 0x354, 0x574, 0x148, 0x140, 0x67C, 0x000, 0x000 } }, /* 狍 */
	{ 0xE1F4, { 0x120, 0x230, 0x67C, 0x234, 0x2F8, 0x3B0, 0x57C, 0x150, 0x294, 0x680, 0x000, 0x000 } }, /* 狒 */
	{ 0xE1F5, { 0x000, 0x010, 0x610, 0x6FC, 0x210, 0x254, 0x3F0, 0x558, 0x018, 0x298, 0x6A4, 0x000 } }, /* 狨 */
	{ 0xE1F6, { 0x000, 0x010, 0x730, 0x248, 0x484, 0x138, 0x300, 0x57C, 0x120, 0x248, 0x6F4, 0x000 } }, /* 狯 */
	{ 0xE1F7, { 0x010, 0x510, 0x284, 0x600, 0x108, 0x308, 0x548, 0x108, 0x308, 0x610, 0x000, 0x000 } }, /* 狩 */
	{ 0xE1F8, { 0x000, 0x648, 0x248, 0x69C, 0x2AC, 0x2EC, 0x4A8, 0x2A8, 0x288, 0x490, 0x000, 0x000 } }, /* 狲 */
	{ 0xE1F9, { 0x000, 0x510, 0x214, 0x678, 0x010, 0x17C, 0x300, 0x510, 0x178, 0x200, 0x6FC, 0x000 } }, /* 狴 */
	{ 0xE1FA, { 0x07C, 0x344, 0x27C, 0x100, 0x144, 0x37C, 0x544, 0x17C, 0x144, 0x64C, 0x000, 0x000 } }, /* 狷 */
	{ 0xE1FB, { 0x024, 0x6C4, 0x24C, 0x2EC, 0x24C, 0x26C, 0x4CC, 0x2CC, 0x244, 0x444, 0x000, 0x000 } }, /* 猁 */
	{ 0xE1FC, { 0x000, 0x730, 0x248, 0x4FC, 0x100, 0x378, 0x500, 0x148, 0x284, 0x620, 0x000, 0x000 } }, /* 狳 */
	{ 0xE1FD, { 0x000, 0x020, 0x730, 0x248, 0x4FC, 0x300, 0x320, 0x508, 0x148, 0x200, 0x6FC, 0x000 } }, /* 猃 */
	{ 0xE1FE, { 0x000, 0x010, 0x77C, 0x200, 0x57C, 0x100, 0x300, 0x57C, 0x144, 0x37C, 0x644, 0x000 } }, /* 狺 */
	{ 0xE2A1, { 0x000, 0x020, 0x728, 0x27C, 0x400, 0x144, 0x320, 0x568, 0x1A8, 0x230, 0x6C4, 0x000 } }, /* 狻 */
	{ 0xE2A2, { 0x000, 0x110, 0x67C, 0x638, 0x244, 0x2FC, 0x600, 0x550, 0x150, 0x200, 0x608, 0x000 } }, /* 猗 */
	{ 0xE2A3, { 0x000, 0x57C, 0x284, 0x6FC, 0x284, 0x27C, 0x330, 0x530, 0x078, 0x284, 0x600, 0x000 } }, /* 猓 */
	{ 0xE2A4, { 0x57C, 0x228, 0x628, 0x07C, 0x120, 0x37C, 0x544, 0x118, 0x210, 0x6E0, 0x000, 0x000 } }, /* 猡 */
	{ 0xE2A5, { 0x568, 0x244, 0x644, 0x044, 0x144, 0x378, 0x520, 0x100, 0x240, 0x68C, 0x000, 0x000 } }, /* 猊 */
	{ 0xE2A6, { 0x000, 0x030, 0x730, 0x24C, 0x4B8, 0x110, 0x330, 0x530, 0x148, 0x140, 0x648, 0x000 } }, /* 猞 */
	{ 0xE2A7, { 0x000, 0x120, 0x330, 0x248, 0x048, 0x378, 0x394, 0x500, 0x1FC, 0x210, 0x610, 0x000 } }, /* 猝 */
	{ 0xE2A8, { 0x000, 0x010, 0x650, 0x654, 0x2E4, 0x208, 0x69C, 0x26C, 0x268, 0x248, 0x490, 0x000 } }, /* 猕 */
	{ 0xE2A9, { 0x14C, 0x650, 0x6F0, 0x25C, 0x250, 0x2B4, 0x5B4, 0x0F0, 0x294, 0x624, 0x000, 0x000 } }, /* 猢 */
	{ 0xE2AA, { 0x000, 0x500, 0x2FC, 0x630, 0x248, 0x3F4, 0x248, 0x578, 0x048, 0x200, 0x6FC, 0x000 } }, /* 猹 */
	{ 0xE2AB, { 0x000, 0x57C, 0x214, 0x67C, 0x054, 0x100, 0x3FC, 0x550, 0x158, 0x268, 0x644, 0x000 } }, /* 猥 */
	{ 0xE2AC, { 0x57C, 0x354, 0x654, 0x17C, 0x100, 0x344, 0x57C, 0x144, 0x144, 0x644, 0x000, 0x000 } }, /* 猬 */
	{ 0xE2AD, { 0x000, 0x57C, 0x250, 0x654, 0x140, 0x17C, 0x364, 0x524, 0x13C, 0x3A4, 0x6A4, 0x000 } }, /* 猸 */
	{ 0xE2AE, { 0x000, 0x578, 0x228, 0x6FC, 0x234, 0x250, 0x300, 0x5FC, 0x078, 0x28C, 0x600, 0x000 } }, /* 猱 */
	{ 0xE2AF, { 0x000, 0x000, 0x37C, 0x248, 0x100, 0x1FC, 0x3FC, 0x5C4, 0x110, 0x2FC, 0x600, 0x000 } }, /* 獐 */
	{ 0xE2B0, { 0x000, 0x010, 0x37C, 0x208, 0x5FC, 0x178, 0x34C, 0x544, 0x170, 0x250, 0x68C, 0x000 } }, /* 獍 */
	{ 0xE2B1, { 0x0FC, 0x600, 0x648, 0x2EC, 0x220, 0x6F8, 0x2F8, 0x208, 0x354, 0x510, 0x000, 0x000 } }, /* 獗 */
	{ 0xE2B2, { 0x000, 0x020, 0x6FC, 0x230, 0x248, 0x3FC, 0x278, 0x448, 0x010, 0x288, 0x424, 0x000 } }, /* 獠 */
	{ 0xE2B3, { 0x000, 0x080, 0x6DC, 0x540, 0x3F4, 0x220, 0x6FC, 0x230, 0x3FC, 0x320, 0x520, 0x000 } }, /* 獬 */
	{ 0xE2B4, { 0x000, 0x178, 0x620, 0x620, 0x2FC, 0x2E4, 0x6FC, 0x6FC, 0x230, 0x200, 0x494, 0x000 } }, /* 獯 */
	{ 0xE2B5, { 0x000, 0x67C, 0x6CC, 0x6AC, 0x210, 0x6FC, 0x0FC, 0x250, 0x250, 0x47C, 0x000, 0x000 } }, /* 獾 */
	{ 0xE2B6, { 0x200, 0x208, 0x3BC, 0x488, 0x488, 0x348, 0x17C, 0x108, 0x208, 0x408, 0x000, 0x000 } }, /* 舛 */
	{ 0xE2B7, { 0x000, 0x010, 0x5BC, 0x7E4, 0x518, 0x7B0, 0x31C, 0x324, 0x39C, 0x508, 0x060, 0x000 } }, /* 夥 */
	{ 0xE2B8, { 0x220, 0x230, 0x258, 0x7FC, 0x548, 0x378, 0x178, 0x05C, 0x248, 0x444, 0x000, 0x000 } }, /* 飧 */
	{ 0xE2B9, { 0x000, 0x080, 0x3F8, 0x3C0, 0x7FC, 0x040, 0x040, 0x248, 0x248, 0x1B0, 0x60C, 0x000 } }, /* 夤 */
	{ 0xE2BA, { 0x000, 0x100, 0x100, 0x1F8, 0x310, 0x290, 0x4E0, 0x060, 0x0B0, 0x308, 0x404, 0x000 } }, /* 夂 */
	{ 0xE2BB, { 0x000, 0x200, 0x3C0, 0x440, 0x400, 0x100, 0x100, 0x1C0, 0x180, 0x100, 0x000, 0x000 } }, /* 饣 */
	{ 0xE2BC, { 0x200, 0x258, 0x710, 0x520, 0x07C, 0x224, 0x254, 0x2D4, 0x224, 0x04C, 0x000, 0x000 } }, /* 饧 */
	{ 0xE2BD, { 0x000, 0x200, 0x420, 0x77C, 0x120, 0x0A4, 0x2A4, 0x2FC, 0x320, 0x324, 0x21C, 0x000 } }, /* 饨 */
	{ 0xE2BE, { 0x200, 0x260, 0x540, 0x5F8, 0x200, 0x208, 0x208, 0x308, 0x208, 0x004, 0x000, 0x000 } }, /* 饩 */
	{ 0xE2BF, { 0x200, 0x070, 0x790, 0x510, 0x010, 0x230, 0x210, 0x210, 0x310, 0x27C, 0x000, 0x000 } }, /* 饪 */
	{ 0xE2C0, { 0x000, 0x470, 0x700, 0x500, 0x07C, 0x230, 0x230, 0x328, 0x24C, 0x084, 0x000, 0x000 } }, /* 饫 */
	{ 0xE2C1, { 0x200, 0x220, 0x7BC, 0x4C0, 0x010, 0x27C, 0x204, 0x324, 0x364, 0x2CC, 0x000, 0x000 } }, /* 饬 */
	{ 0xE2C2, { 0x220, 0x420, 0x748, 0x17C, 0x000, 0x278, 0x240, 0x340, 0x378, 0x240, 0x000, 0x000 } }, /* 饴 */
	{ 0xE2C3, { 0x000, 0x020, 0x220, 0x77C, 0x504, 0x034, 0x224, 0x224, 0x334, 0x304, 0x004, 0x000 } }, /* 饷 */
	{ 0xE2C4, { 0x200, 0x27C, 0x710, 0x5FC, 0x000, 0x218, 0x210, 0x210, 0x310, 0x230, 0x000, 0x000 } }, /* 饽 */
	{ 0xE2C5, { 0x220, 0x230, 0x748, 0x548, 0x4B4, 0x230, 0x230, 0x248, 0x284, 0x020, 0x000, 0x000 } }, /* 馀 */
	{ 0xE2C6, { 0x000, 0x444, 0x77C, 0x144, 0x078, 0x010, 0x07C, 0x010, 0x270, 0x4CC, 0x000, 0x000 } }, /* 馄 */
	{ 0xE2C7, { 0x000, 0x000, 0x610, 0x538, 0x158, 0x084, 0x048, 0x078, 0x148, 0x200, 0x0FC, 0x000 } }, /* 馇 */
	{ 0xE2C8, { 0x200, 0x4CC, 0x7C4, 0x184, 0x07C, 0x030, 0x048, 0x328, 0x230, 0x0CC, 0x000, 0x000 } }, /* 馊 */
	{ 0xE2C9, { 0x000, 0x4FC, 0x700, 0x1CC, 0x0FC, 0x284, 0x230, 0x37C, 0x228, 0x084, 0x000, 0x000 } }, /* 馍 */
	{ 0xE2CA, { 0x000, 0x208, 0x228, 0x710, 0x57C, 0x030, 0x020, 0x03C, 0x37C, 0x2A0, 0x07C, 0x000 } }, /* 馐 */
	{ 0xE2CB, { 0x000, 0x048, 0x4FC, 0x748, 0x130, 0x0B4, 0x0FC, 0x070, 0x330, 0x230, 0x0FC, 0x000 } }, /* 馑 */
	{ 0xE2CC, { 0x008, 0x4C8, 0x6CC, 0x0F4, 0x014, 0x0A4, 0x0EC, 0x0E8, 0x62C, 0x430, 0x000, 0x000 } }, /* 馓 */
	{ 0xE2CD, { 0x000, 0x4B4, 0x7DC, 0x0B0, 0x040, 0x4FC, 0x008, 0x0FC, 0x648, 0x484, 0x000, 0x000 } }, /* 馔 */
	{ 0xE2CE, { 0x0FC, 0x430, 0x630, 0x3FC, 0x0F8, 0x478, 0x4FC, 0x4FC, 0x650, 0x16C, 0x000, 0x000 } }, /* 馕 */
	{ 0xE2CF, { 0x040, 0x3FC, 0x000, 0x080, 0x098, 0x0E0, 0x480, 0x480, 0x484, 0x478, 0x000, 0x000 } }, /* 庀 */
	{ 0xE2D0, { 0x000, 0x040, 0x3FC, 0x400, 0x5F8, 0x440, 0x5FC, 0x440, 0x440, 0x480, 0x11C, 0x000 } }, /* 庑 */
	{ 0xE2D1, { 0x000, 0x020, 0x3FC, 0x020, 0x160, 0x020, 0x4F0, 0x488, 0x450, 0x470, 0x18C, 0x000 } }, /* 庋 */
	{ 0xE2D2, { 0x000, 0x040, 0x3FC, 0x480, 0x4F8, 0x700, 0x6A0, 0x4A8, 0x488, 0x484, 0x0FC, 0x000 } }, /* 庖 */
	{ 0xE2D3, { 0x000, 0x000, 0x3FC, 0x090, 0x090, 0x17C, 0x338, 0x438, 0x454, 0x454, 0x410, 0x000 } }, /* 庥 */
	{ 0xE2D4, { 0x000, 0x000, 0x3FC, 0x480, 0x050, 0x420, 0x420, 0x420, 0x5FC, 0x420, 0x020, 0x000 } }, /* 庠 */
	{ 0xE2D5, { 0x000, 0x000, 0x3FC, 0x480, 0x7FC, 0x4F0, 0x400, 0x488, 0x4F8, 0x530, 0x10C, 0x000 } }, /* 庹 */
	{ 0xE2D6, { 0x000, 0x040, 0x7FC, 0x440, 0x4D0, 0x488, 0x7FC, 0x5F8, 0x568, 0x420, 0x03C, 0x000 } }, /* 庵 */
	{ 0xE2D7, { 0x000, 0x000, 0x7FC, 0x420, 0x5B8, 0x528, 0x528, 0x5F8, 0x470, 0x4D8, 0x104, 0x000 } }, /* 庾 */
	{ 0xE2D8, { 0x000, 0x020, 0x7FC, 0x040, 0x124, 0x1FC, 0x524, 0x4F0, 0x4A0, 0x420, 0x020, 0x000 } }, /* 庳 */
	{ 0xE2D9, { 0x000, 0x040, 0x7FC, 0x5F8, 0x7FC, 0x448, 0x498, 0x5FC, 0x488, 0x440, 0x188, 0x000 } }, /* 赓 */
	{ 0xE2DA, { 0x000, 0x040, 0x7FC, 0x490, 0x5D0, 0x5F4, 0x5F0, 0x490, 0x548, 0x558, 0x024, 0x000 } }, /* 廒 */
	{ 0xE2DB, { 0x000, 0x040, 0x7FC, 0x498, 0x498, 0x4F0, 0x56C, 0x460, 0x420, 0x460, 0x1FC, 0x000 } }, /* 廑 */
	{ 0xE2DC, { 0x000, 0x020, 0x200, 0x1FC, 0x1FC, 0x1F8, 0x0FC, 0x5FC, 0x4AC, 0x470, 0x1FC, 0x000 } }, /* 廛 */
	{ 0xE2DD, { 0x000, 0x040, 0x7FC, 0x51C, 0x544, 0x5D4, 0x588, 0x5BC, 0x5E8, 0x4A8, 0x248, 0x000 } }, /* 廨 */
	{ 0xE2DE, { 0x000, 0x040, 0x660, 0x5FC, 0x5F8, 0x5F0, 0x5F8, 0x5F8, 0x5FC, 0x428, 0x064, 0x000 } }, /* 廪 */
	{ 0xE2DF, { 0x040, 0x550, 0x57C, 0x7F8, 0x578, 0x554, 0x5F8, 0x5F8, 0x5F8, 0x108, 0x000, 0x000 } }, /* 膺 */
	{ 0xE2E0, { 0x000, 0x000, 0x000, 0x580, 0x480, 0x400, 0x000, 0x000, 0x000, 0x000, 0x100, 0x000 } }, /* 忄 */
	{ 0xE2E1, { 0x000, 0x200, 0x27C, 0x224, 0x6A4, 0x224, 0x224, 0x224, 0x244, 0x2C4, 0x208, 0x000 } }, /* 忉 */
	{ 0xE2E2, { 0x000, 0x208, 0x208, 0x208, 0x788, 0x208, 0x248, 0x208, 0x208, 0x208, 0x218, 0x000 } }, /* 忖 */
	{ 0xE2E3, { 0x000, 0x200, 0x270, 0x210, 0x690, 0x27C, 0x210, 0x210, 0x210, 0x210, 0x210, 0x000 } }, /* 忏 */
	{ 0xE2E4, { 0x200, 0x278, 0x720, 0x620, 0x2FC, 0x230, 0x230, 0x250, 0x254, 0x28C, 0x000, 0x000 } }, /* 怃 */
	{ 0xE2E5, { 0x200, 0x230, 0x230, 0x600, 0x278, 0x248, 0x228, 0x230, 0x238, 0x284, 0x000, 0x000 } }, /* 忮 */
	{ 0xE2E6, { 0x000, 0x200, 0x240, 0x200, 0x7A8, 0x290, 0x210, 0x228, 0x220, 0x200, 0x27C, 0x000 } }, /* 怄 */
	{ 0xE2E7, { 0x000, 0x210, 0x210, 0x27C, 0x794, 0x294, 0x214, 0x2D4, 0x210, 0x210, 0x210, 0x000 } }, /* 忡 */
	{ 0xE2E8, { 0x000, 0x220, 0x220, 0x250, 0x690, 0x210, 0x27C, 0x210, 0x210, 0x210, 0x210, 0x000 } }, /* 忤 */
	{ 0xE2E9, { 0x000, 0x200, 0x27C, 0x340, 0x2B8, 0x200, 0x208, 0x208, 0x208, 0x20C, 0x204, 0x000 } }, /* 忾 */
	{ 0xE2EA, { 0x000, 0x200, 0x248, 0x240, 0x640, 0x2FC, 0x250, 0x250, 0x248, 0x274, 0x200, 0x000 } }, /* 怅 */
	{ 0xE2EB, { 0x000, 0x220, 0x230, 0x748, 0x6CC, 0x2FC, 0x248, 0x248, 0x240, 0x244, 0x238, 0x000 } }, /* 怆 */
	{ 0xE2EC, { 0x000, 0x200, 0x228, 0x748, 0x644, 0x284, 0x220, 0x220, 0x208, 0x25C, 0x244, 0x000 } }, /* 忪 */
	{ 0xE2ED, { 0x000, 0x200, 0x210, 0x27C, 0x720, 0x600, 0x208, 0x204, 0x200, 0x200, 0x200, 0x000 } }, /* 忭 */
	{ 0xE2EE, { 0x000, 0x200, 0x27C, 0x224, 0x724, 0x278, 0x220, 0x220, 0x220, 0x26C, 0x200, 0x000 } }, /* 忸 */
	{ 0xE2EF, { 0x000, 0x210, 0x210, 0x27C, 0x610, 0x210, 0x27C, 0x244, 0x244, 0x27C, 0x244, 0x000 } }, /* 怙 */
	{ 0xE2F0, { 0x000, 0x210, 0x210, 0x330, 0x730, 0x230, 0x238, 0x258, 0x294, 0x210, 0x210, 0x000 } }, /* 怵 */
	{ 0xE2F1, { 0x000, 0x200, 0x230, 0x204, 0x748, 0x200, 0x2FC, 0x210, 0x200, 0x200, 0x200, 0x000 } }, /* 怦 */
	{ 0xE2F2, { 0x200, 0x244, 0x304, 0x77C, 0x244, 0x204, 0x27C, 0x200, 0x2FC, 0x200, 0x000, 0x000 } }, /* 怛 */
	{ 0xE2F3, { 0x000, 0x200, 0x200, 0x27C, 0x704, 0x204, 0x2FC, 0x230, 0x220, 0x248, 0x284, 0x000 } }, /* 怏 */
	{ 0xE2F4, { 0x000, 0x220, 0x220, 0x67C, 0x6C0, 0x21C, 0x210, 0x200, 0x21C, 0x200, 0x200, 0x000 } }, /* 怍 */
	{ 0xE2F5, { 0x000, 0x200, 0x244, 0x744, 0x740, 0x240, 0x244, 0x218, 0x280, 0x294, 0x21C, 0x000 } }, /* 怩 */
	{ 0xE2F6, { 0x000, 0x230, 0x230, 0x37C, 0x234, 0x2F8, 0x2B0, 0x27C, 0x254, 0x254, 0x290, 0x000 } }, /* 怫 */
	{ 0xE2F7, { 0x000, 0x27C, 0x224, 0x724, 0x224, 0x2CC, 0x200, 0x244, 0x244, 0x244, 0x244, 0x000 } }, /* 怊 */
	{ 0xE2F8, { 0x000, 0x200, 0x248, 0x740, 0x630, 0x2CC, 0x230, 0x230, 0x2BC, 0x210, 0x200, 0x000 } }, /* 怿 */
	{ 0xE2F9, { 0x000, 0x200, 0x220, 0x308, 0x25C, 0x200, 0x200, 0x244, 0x244, 0x27C, 0x244, 0x000 } }, /* 怡 */
	{ 0xE2FA, { 0x000, 0x208, 0x2E8, 0x31C, 0x2E8, 0x244, 0x204, 0x2B4, 0x2F4, 0x224, 0x240, 0x000 } }, /* 恸 */
	{ 0xE2FB, { 0x200, 0x2C0, 0x390, 0x390, 0x2FC, 0x290, 0x290, 0x2A8, 0x2A4, 0x244, 0x000, 0x000 } }, /* 恹 */
	{ 0xE2FC, { 0x000, 0x000, 0x2A8, 0x288, 0x3C8, 0x2C8, 0x2C8, 0x2C8, 0x240, 0x2A4, 0x204, 0x000 } }, /* 恻 */
	{ 0xE2FD, { 0x000, 0x210, 0x214, 0x37C, 0x700, 0x27C, 0x204, 0x27C, 0x240, 0x244, 0x27C, 0x000 } }, /* 恺 */
	{ 0xE2FE, { 0x000, 0x220, 0x260, 0x744, 0x6C4, 0x2D4, 0x274, 0x254, 0x274, 0x204, 0x20C, 0x000 } }, /* 恂 */
	{ 0xE3A1, { 0x000, 0x220, 0x278, 0x768, 0x730, 0x230, 0x2CC, 0x278, 0x240, 0x278, 0x240, 0x000 } }, /* 恪 */
	{ 0xE3A2, { 0x2FC, 0x284, 0x220, 0x77C, 0x250, 0x2FC, 0x210, 0x2FC, 0x210, 0x210, 0x000, 0x000 } }, /* 恽 */
	{ 0xE3A3, { 0x000, 0x200, 0x2FC, 0x210, 0x7FC, 0x200, 0x218, 0x210, 0x230, 0x210, 0x220, 0x000 } }, /* 悖 */
	{ 0xE3A4, { 0x000, 0x000, 0x230, 0x210, 0x77C, 0x284, 0x2FC, 0x230, 0x248, 0x284, 0x000, 0x000 } }, /* 悚 */
	{ 0xE3A5, { 0x000, 0x220, 0x2B4, 0x2B4, 0x7A8, 0x2AC, 0x230, 0x200, 0x278, 0x200, 0x2FC, 0x000 } }, /* 悭 */
	{ 0xE3A6, { 0x000, 0x200, 0x294, 0x794, 0x3F4, 0xA94, 0x27C, 0x210, 0x234, 0x210, 0x2FC, 0x000 } }, /* 悝 */
	{ 0xE3A7, { 0x000, 0x200, 0x284, 0x394, 0x3BC, 0x2B4, 0x2BC, 0x2D4, 0x294, 0x2FC, 0x280, 0x000 } }, /* 悃 */
	{ 0xE3A8, { 0x000, 0x278, 0x244, 0x744, 0x600, 0x27C, 0x214, 0x27C, 0x200, 0x244, 0x27C, 0x000 } }, /* 悒 */
	{ 0xE3A9, { 0x248, 0x208, 0x27C, 0x714, 0x2F0, 0x250, 0x234, 0x254, 0x2D4, 0x290, 0x000, 0x000 } }, /* 悌 */
	{ 0xE3AA, { 0x000, 0x220, 0x248, 0x27C, 0x348, 0x2E4, 0x278, 0x248, 0x2B0, 0x238, 0x2C4, 0x000 } }, /* 悛 */
	{ 0xE3AB, { 0x200, 0x290, 0x2B8, 0x390, 0x2B8, 0x2FC, 0x290, 0x2A8, 0x2C0, 0x2FC, 0x000, 0x000 } }, /* 惬 */
	{ 0xE3AC, { 0x000, 0x010, 0x27C, 0x210, 0x7FC, 0xA48, 0x27C, 0x210, 0x2FC, 0x210, 0x210, 0x000 } }, /* 悻 */
	{ 0xE3AD, { 0x000, 0x220, 0x228, 0x2EC, 0x720, 0x2EC, 0x220, 0x220, 0x2EC, 0x220, 0x220, 0x000 } }, /* 悱 */
	{ 0xE3AE, { 0x000, 0x210, 0x294, 0x750, 0x230, 0x284, 0x2B4, 0x2AC, 0x2BC, 0x284, 0x284, 0x000 } }, /* 惝 */
	{ 0xE3AF, { 0x000, 0x27C, 0x284, 0x3A4, 0x7FC, 0xA94, 0x2BC, 0x2A4, 0x2B4, 0x284, 0x204, 0x000 } }, /* 惘 */
	{ 0xE3B0, { 0x200, 0x284, 0x3B4, 0x794, 0x2BC, 0x284, 0x2AC, 0x2BC, 0x284, 0x204, 0x000, 0x000 } }, /* 惆 */
	{ 0xE3B1, { 0x000, 0x200, 0x240, 0x3B4, 0x254, 0xAA4, 0x248, 0x200, 0x2D4, 0x248, 0x230, 0x000 } }, /* 惚 */
	{ 0xE3B2, { 0x000, 0x200, 0x27C, 0x340, 0x748, 0x27C, 0x294, 0x210, 0x2FC, 0x210, 0x210, 0x000 } }, /* 悴 */
	{ 0xE3B3, { 0x200, 0x280, 0x278, 0x380, 0xA78, 0x200, 0x2B4, 0x294, 0x2B4, 0x2FC, 0x000, 0x000 } }, /* 愠 */
	{ 0xE3B4, { 0x200, 0x2FC, 0x3FC, 0x230, 0xA00, 0x2FC, 0x284, 0x2A4, 0x228, 0x284, 0x000, 0x000 } }, /* 愦 */
	{ 0xE3B5, { 0x248, 0x2B4, 0x3EC, 0x200, 0xA00, 0x2FC, 0x240, 0x20C, 0x200, 0x218, 0x000, 0x000 } }, /* 愕 */
	{ 0xE3B6, { 0x200, 0x2AC, 0x3A4, 0x37C, 0x210, 0x260, 0x238, 0x244, 0x244, 0x288, 0x000, 0x000 } }, /* 愣 */
	{ 0xE3B7, { 0x200, 0x284, 0x7FC, 0x200, 0x2FC, 0x220, 0x2B4, 0x2A4, 0x2A4, 0x204, 0x000, 0x000 } }, /* 惴 */
	{ 0xE3B8, { 0x008, 0x0C8, 0x608, 0x4EC, 0x48C, 0x0C8, 0x1A8, 0x310, 0x024, 0x020, 0x000, 0x000 } }, /* 愀 */
	{ 0xE3B9, { 0x000, 0x240, 0x27C, 0x2F8, 0x744, 0x244, 0x278, 0x278, 0x2E8, 0x230, 0x2CC, 0x000 } }, /* 愎 */
	{ 0xE3BA, { 0x000, 0x200, 0x27C, 0x778, 0x630, 0x248, 0x2F0, 0x26C, 0x230, 0x28C, 0x220, 0x000 } }, /* 愫 */
	{ 0xE3BB, { 0x000, 0x040, 0x0FC, 0x250, 0x754, 0x0FC, 0x054, 0x0F8, 0x0D8, 0x0D4, 0x050, 0x000 } }, /* 慊 */
	{ 0xE3BC, { 0x000, 0x010, 0x290, 0x2FC, 0x7FC, 0x2BC, 0x290, 0x254, 0x254, 0x37C, 0x254, 0x000 } }, /* 慵 */
	{ 0xE3BD, { 0x27C, 0x244, 0x344, 0x330, 0x2FC, 0x27C, 0x244, 0x210, 0x2DC, 0x224, 0x000, 0x000 } }, /* 憬 */
	{ 0xE3BE, { 0x000, 0x050, 0x27C, 0x7D0, 0x2FC, 0x250, 0x258, 0x27C, 0x200, 0x2A4, 0x280, 0x000 } }, /* 憔 */
	{ 0xE3BF, { 0x000, 0x010, 0x068, 0x278, 0x700, 0x8B4, 0x0FC, 0x0F4, 0x010, 0x030, 0x2FC, 0x000 } }, /* 憧 */
	{ 0xE3C0, { 0x048, 0x248, 0x348, 0x6FC, 0x200, 0x2FC, 0x200, 0x298, 0x2E0, 0x11C, 0x000, 0x000 } }, /* 憷 */
	{ 0xE3C1, { 0x000, 0x020, 0x200, 0x2FC, 0x7F4, 0x8B4, 0x000, 0x000, 0x0FC, 0x288, 0x224, 0x000 } }, /* 懔 */
	{ 0xE3C2, { 0x200, 0x000, 0x6FC, 0x7BC, 0x000, 0x178, 0x048, 0x048, 0x248, 0x248, 0x000, 0x000 } }, /* 懵 */
	{ 0xE3C3, { 0x000, 0x0C0, 0x0C0, 0x1B0, 0x110, 0x24C, 0x568, 0x268, 0x244, 0x080, 0x000, 0x000 } }, /* 忝 */
	{ 0xE3C4, { 0x000, 0x020, 0x578, 0x5F8, 0x57C, 0x57C, 0x544, 0x4A0, 0x74C, 0x148, 0x2C0, 0x000 } }, /* 隳 */
	{ 0xE3C5, { 0x000, 0x200, 0x204, 0x004, 0x404, 0x404, 0x404, 0x404, 0x404, 0x404, 0x40C, 0x000 } }, /* 闩 */
	{ 0xE3C6, { 0x000, 0x000, 0x204, 0x404, 0x5F4, 0x404, 0x4F4, 0x404, 0x404, 0x404, 0x40C, 0x000 } }, /* 闫 */
	{ 0xE3C7, { 0x000, 0x200, 0x004, 0x444, 0x5F4, 0x444, 0x444, 0x5FC, 0x454, 0x444, 0x40C, 0x000 } }, /* 闱 */
	{ 0xE3C8, { 0x000, 0x200, 0x204, 0x444, 0x5F4, 0x484, 0x4C4, 0x544, 0x6F4, 0x404, 0x40C, 0x000 } }, /* 闳 */
	{ 0xE3C9, { 0x000, 0x200, 0x204, 0x444, 0x444, 0x434, 0x4A4, 0x464, 0x4F4, 0x514, 0x40C, 0x000 } }, /* 闵 */
	{ 0xE3CA, { 0x000, 0x200, 0x004, 0x444, 0x5F4, 0x404, 0x4A4, 0x424, 0x52C, 0x634, 0x40C, 0x000 } }, /* 闶 */
	{ 0xE3CB, { 0x000, 0x200, 0x204, 0x424, 0x524, 0x424, 0x534, 0x554, 0x584, 0x474, 0x40C, 0x000 } }, /* 闼 */
	{ 0xE3CC, { 0x000, 0x200, 0x204, 0x0E4, 0x514, 0x5F4, 0x404, 0x514, 0x514, 0x404, 0x40C, 0x000 } }, /* 闾 */
	{ 0xE3CD, { 0x000, 0x200, 0x204, 0x1F4, 0x454, 0x5F4, 0x4F4, 0x554, 0x554, 0x404, 0x40C, 0x000 } }, /* 阃 */
	{ 0xE3CE, { 0x000, 0x200, 0x284, 0x0E4, 0x524, 0x554, 0x5F4, 0x554, 0x544, 0x474, 0x40C, 0x000 } }, /* 阄 */
	{ 0xE3CF, { 0x000, 0x200, 0x244, 0x044, 0x514, 0x5F4, 0x5F4, 0x554, 0x524, 0x594, 0x40C, 0x000 } }, /* 阆 */
	{ 0xE3D0, { 0x000, 0x200, 0x214, 0x414, 0x5F4, 0x5B4, 0x4B4, 0x5A4, 0x4BC, 0x444, 0x40C, 0x000 } }, /* 阈 */
	{ 0xE3D1, { 0x000, 0x200, 0x204, 0x1F4, 0x5F4, 0x534, 0x404, 0x514, 0x514, 0x5F4, 0x40C, 0x000 } }, /* 阊 */
	{ 0xE3D2, { 0x000, 0x200, 0x204, 0x1B4, 0x514, 0x514, 0x5F4, 0x4A4, 0x4A4, 0x534, 0x40C, 0x000 } }, /* 阋 */
	{ 0xE3D3, { 0x000, 0x200, 0x214, 0x5F4, 0x554, 0x5F4, 0x404, 0x5A4, 0x4E4, 0x5B4, 0x40C, 0x000 } }, /* 阌 */
	{ 0xE3D4, { 0x000, 0x200, 0x204, 0x5E4, 0x544, 0x524, 0x5BC, 0x514, 0x5F4, 0x5F4, 0x40C, 0x000 } }, /* 阍 */
	{ 0xE3D5, { 0x000, 0x0FC, 0x204, 0x514, 0x7B4, 0x50C, 0x584, 0x514, 0x6A4, 0x694, 0x40C, 0x000 } }, /* 阏 */
	{ 0xE3D6, { 0x000, 0x000, 0x004, 0x5F4, 0x5F4, 0x514, 0x5F4, 0x444, 0x4E4, 0x5A4, 0x40C, 0x000 } }, /* 阒 */
	{ 0xE3D7, { 0x000, 0x2FC, 0x204, 0x5A4, 0x4B4, 0x5B4, 0x64C, 0x5F4, 0x4C4, 0x514, 0x40C, 0x000 } }, /* 阕 */
	{ 0xE3D8, { 0x000, 0x0FC, 0x004, 0x5E4, 0x444, 0x4A4, 0x5D4, 0x5F4, 0x5B4, 0x5F4, 0x40C, 0x000 } }, /* 阖 */
	{ 0xE3D9, { 0x000, 0x0FC, 0x044, 0x5F4, 0x554, 0x534, 0x534, 0x534, 0x7FC, 0x534, 0x40C, 0x000 } }, /* 阗 */
	{ 0xE3DA, { 0x000, 0x000, 0x204, 0x1A4, 0x5BC, 0x404, 0x644, 0x7C4, 0x534, 0x544, 0x40C, 0x000 } }, /* 阙 */
	{ 0xE3DB, { 0x000, 0x400, 0x204, 0x1A4, 0x4BC, 0x6E4, 0x5B4, 0x594, 0x7D4, 0x4A4, 0x404, 0x000 } }, /* 阚 */
	{ 0xE3DC, { 0x000, 0x000, 0x010, 0x190, 0x090, 0x030, 0x070, 0x190, 0x010, 0x010, 0x010, 0x000 } }, /* 丬 */
	{ 0xE3DD, { 0x008, 0x108, 0x108, 0x1F8, 0x008, 0x7F8, 0x108, 0x108, 0x308, 0x408, 0x000, 0x000 } }, /* 爿 */
	{ 0xE3DE, { 0x020, 0x528, 0x520, 0x778, 0x120, 0x728, 0x110, 0x530, 0x548, 0x104, 0x000, 0x000 } }, /* 戕 */
	{ 0xE3DF, { 0x400, 0x300, 0x000, 0x400, 0x200, 0x000, 0x300, 0x200, 0x400, 0x400, 0x000, 0x000 } }, /* 氵 */
	{ 0xE3E0, { 0x000, 0x020, 0x240, 0x07C, 0x480, 0x0F8, 0x010, 0x220, 0x440, 0x440, 0x47C, 0x000 } }, /* 汔 */
	{ 0xE3E1, { 0x400, 0x2C8, 0x080, 0x480, 0x2F8, 0x080, 0x280, 0x280, 0x484, 0x47C, 0x000, 0x000 } }, /* 汜 */
	{ 0xE3E2, { 0x400, 0x2F8, 0x0A8, 0x428, 0x248, 0x050, 0x230, 0x430, 0x448, 0x584, 0x000, 0x000 } }, /* 汊 */
	{ 0xE3E3, { 0x000, 0x000, 0x210, 0x0FC, 0x410, 0x2FC, 0x010, 0x2FC, 0x210, 0x410, 0x410, 0x000 } }, /* 沣 */
	{ 0xE3E4, { 0x000, 0x278, 0x000, 0x400, 0x0FC, 0x050, 0x250, 0x250, 0x494, 0x58C, 0x000, 0x000 } }, /* 沅 */
	{ 0xE3E5, { 0x000, 0x220, 0x030, 0x430, 0x230, 0x078, 0x268, 0x2A4, 0x420, 0x420, 0x000, 0x000 } }, /* 沐 */
	{ 0xE3E6, { 0x400, 0x220, 0x020, 0x4BC, 0x0A4, 0x0A4, 0x204, 0x404, 0x404, 0x408, 0x000, 0x000 } }, /* 沔 */
	{ 0xE3E7, { 0x000, 0x000, 0x220, 0x0FC, 0x400, 0x284, 0x084, 0x2FC, 0x200, 0x400, 0x41C, 0x000 } }, /* 沌 */
	{ 0xE3E8, { 0x400, 0x2FC, 0x084, 0x484, 0x2FC, 0x084, 0x284, 0x284, 0x484, 0x484, 0x000, 0x000 } }, /* 汨 */
	{ 0xE3E9, { 0x000, 0x200, 0x084, 0x484, 0x2F4, 0x084, 0x284, 0x284, 0x484, 0x400, 0x000, 0x000 } }, /* 汩 */
	{ 0xE3EA, { 0x000, 0x020, 0x220, 0x0FC, 0x420, 0x220, 0x038, 0x224, 0x220, 0x420, 0x420, 0x000 } }, /* 汴 */
	{ 0xE3EB, { 0x000, 0x020, 0x200, 0x0FC, 0x448, 0x048, 0x050, 0x230, 0x230, 0x458, 0x584, 0x000 } }, /* 汶 */
	{ 0xE3EC, { 0x020, 0x200, 0x0FC, 0x400, 0x070, 0x048, 0x248, 0x248, 0x48A, 0x48C, 0x000, 0x000 } }, /* 沆 */
	{ 0xE3ED, { 0x010, 0x250, 0x030, 0x4FE, 0x220, 0x034, 0x24C, 0x244, 0x484, 0x50C, 0x000, 0x000 } }, /* 沩 */
	{ 0xE3EE, { 0x000, 0x000, 0x7C8, 0x15C, 0x544, 0x144, 0x154, 0x154, 0x514, 0x524, 0x048, 0x000 } }, /* 泐 */
	{ 0xE3EF, { 0x000, 0x248, 0x0CC, 0x448, 0x048, 0x078, 0x248, 0x248, 0x478, 0x448, 0x000, 0x000 } }, /* 泔 */
	{ 0xE3F0, { 0x000, 0x228, 0x020, 0x4FC, 0x230, 0x070, 0x268, 0x2A4, 0x520, 0x420, 0x000, 0x000 } }, /* 沭 */
	{ 0xE3F1, { 0x000, 0x000, 0x248, 0x060, 0x470, 0x040, 0x048, 0x218, 0x490, 0x560, 0x01C, 0x000 } }, /* 泷 */
	{ 0xE3F2, { 0x020, 0x23C, 0x020, 0x47C, 0x084, 0x0C4, 0x284, 0x480, 0x480, 0x100, 0x000, 0x000 } }, /* 泸 */
	{ 0xE3F3, { 0x020, 0x220, 0x0FC, 0x4A4, 0x2A0, 0x1FC, 0x230, 0x050, 0x4C8, 0x504, 0x000, 0x000 } }, /* 泱 */
	{ 0xE3F4, { 0x400, 0x2FC, 0x030, 0x410, 0x010, 0x050, 0x2CC, 0x280, 0x4FC, 0x400, 0x000, 0x000 } }, /* 泗 */
	{ 0xE3F5, { 0x000, 0x040, 0x27C, 0x080, 0x500, 0x0BC, 0x0E4, 0x284, 0x488, 0x482, 0x47C, 0x000 } }, /* 沲 */
	{ 0xE3F6, { 0x000, 0x020, 0x270, 0x050, 0x4AC, 0x120, 0x0F8, 0x208, 0x250, 0x420, 0x410, 0x000 } }, /* 泠 */
	{ 0xE3F7, { 0x440, 0x29C, 0x034, 0x414, 0x014, 0x054, 0x3D4, 0x454, 0x450, 0x590, 0x000, 0x000 } }, /* 泖 */
	{ 0xE3F8, { 0x41C, 0x280, 0x090, 0x490, 0x0FC, 0x010, 0x290, 0x494, 0x510, 0x420, 0x000, 0x000 } }, /* 泺 */
	{ 0xE3F9, { 0x000, 0x020, 0x620, 0x0FC, 0x440, 0x288, 0x0F0, 0x220, 0x448, 0x4D8, 0x484, 0x000 } }, /* 泫 */
	{ 0xE3FA, { 0x000, 0x000, 0x284, 0x088, 0x030, 0x430, 0x000, 0x2FC, 0x400, 0x400, 0x400, 0x000 } }, /* 泮 */
	{ 0xE3FB, { 0x000, 0x020, 0x210, 0x0FE, 0x480, 0x248, 0x058, 0x260, 0x240, 0x644, 0x43C, 0x000 } }, /* 沱 */
	{ 0xE3FC, { 0x408, 0x2C8, 0x008, 0x4C0, 0x410, 0x0D0, 0x254, 0x454, 0x45C, 0x4D0, 0x000, 0x000 } }, /* 泓 */
	{ 0xE3FD, { 0x000, 0x288, 0x080, 0x4F8, 0x090, 0x0FC, 0x290, 0x290, 0x4CC, 0x484, 0x000, 0x000 } }, /* 泯 */
	{ 0xE3FE, { 0x400, 0x218, 0x010, 0x438, 0x2C4, 0x000, 0x230, 0x000, 0x420, 0x4FC, 0x000, 0x000 } }, /* 泾 */
	{ 0xE4A1, { 0x400, 0x200, 0x000, 0x4C8, 0x280, 0x0F8, 0x280, 0x078, 0x400, 0x5FC, 0x000, 0x000 } }, /* 洹 */
	{ 0xE4A2, { 0x020, 0x660, 0x040, 0x440, 0x4C8, 0x1F8, 0x200, 0x278, 0x400, 0x488, 0x000, 0x000 } }, /* 洧 */
	{ 0xE4A3, { 0x404, 0x284, 0x084, 0x4E4, 0x124, 0x124, 0x044, 0x444, 0x484, 0x104, 0x000, 0x000 } }, /* 洌 */
	{ 0xE4A4, { 0x020, 0x220, 0x02C, 0x4A8, 0x0A8, 0x1FC, 0x220, 0x450, 0x4C8, 0x104, 0x000, 0x000 } }, /* 浃 */
	{ 0xE4A5, { 0x420, 0x23C, 0x020, 0x4FC, 0x084, 0x0A4, 0x2A4, 0x0A0, 0x44C, 0x184, 0x000, 0x000 } }, /* 浈 */
	{ 0xE4A6, { 0x4FC, 0x204, 0x024, 0x4FC, 0x024, 0x034, 0x24C, 0x4C4, 0x4FC, 0x004, 0x000, 0x000 } }, /* 洇 */
	{ 0xE4A7, { 0x400, 0x3FC, 0x104, 0x574, 0x144, 0x144, 0x374, 0x504, 0x5FC, 0x504, 0x000, 0x000 } }, /* 洄 */
	{ 0xE4A8, { 0x000, 0x020, 0x6A0, 0x0F8, 0x020, 0x0FC, 0x030, 0x270, 0x0E8, 0x5A4, 0x420, 0x000 } }, /* 洙 */
	{ 0xE4A9, { 0x000, 0x020, 0x620, 0x084, 0x484, 0x6FC, 0x084, 0x2FC, 0x284, 0x484, 0x484, 0x000 } }, /* 洎 */
	{ 0xE4AA, { 0x020, 0x640, 0x0FC, 0x0D4, 0x6D4, 0x0D4, 0x2D4, 0x2D4, 0x4D4, 0x5FC, 0x000, 0x000 } }, /* 洫 */
	{ 0xE4AB, { 0x000, 0x020, 0x270, 0x050, 0x08C, 0x630, 0x000, 0x260, 0x040, 0x488, 0x4C4, 0x000 } }, /* 浍 */
	{ 0xE4AC, { 0x050, 0x250, 0x154, 0x4D0, 0x050, 0x0D8, 0x154, 0x450, 0x490, 0x50C, 0x000, 0x000 } }, /* 洮 */
	{ 0xE4AD, { 0x000, 0x040, 0x640, 0x07C, 0x080, 0x5D0, 0x050, 0x250, 0x270, 0x404, 0x40C, 0x000 } }, /* 洵 */
	{ 0xE4AE, { 0x000, 0x040, 0x278, 0x0C8, 0x430, 0x078, 0x0B4, 0x2B0, 0x4B0, 0x430, 0x400, 0x000 } }, /* 洚 */
	{ 0xE4AF, { 0x000, 0x484, 0x204, 0x1E4, 0x444, 0x144, 0x0C4, 0x0C4, 0x4E4, 0x504, 0x00C, 0x000 } }, /* 浏 */
	{ 0xE4B0, { 0x000, 0x010, 0x6A0, 0x038, 0x5C8, 0x488, 0x0BC, 0x288, 0x4C8, 0x488, 0x408, 0x000 } }, /* 浒 */
	{ 0xE4B1, { 0x4F8, 0x204, 0x078, 0x40C, 0x088, 0x008, 0x208, 0x448, 0x448, 0x018, 0x000, 0x000 } }, /* 浔 */
	{ 0xE4B2, { 0x000, 0x080, 0x680, 0x1D4, 0x490, 0x010, 0x150, 0x4D0, 0x4D0, 0x5BC, 0x100, 0x000 } }, /* 洳 */
	{ 0xE4B3, { 0x000, 0x420, 0x230, 0x020, 0x4F8, 0x0A4, 0x0FC, 0x270, 0x468, 0x5A4, 0x020, 0x000 } }, /* 涑 */
	{ 0xE4B4, { 0x000, 0x4FC, 0x220, 0x0F8, 0x448, 0x0FC, 0x000, 0x2F8, 0x284, 0x488, 0x484, 0x000 } }, /* 浯 */
	{ 0xE4B5, { 0x420, 0x2FC, 0x020, 0x4A8, 0x020, 0x1FC, 0x270, 0x4A8, 0x524, 0x020, 0x000, 0x000 } }, /* 涞 */
	{ 0xE4B6, { 0x000, 0x4FC, 0x304, 0x17C, 0x524, 0x134, 0x1FC, 0x32C, 0x52C, 0x504, 0x584, 0x000 } }, /* 涠 */
	{ 0xE4B7, { 0x400, 0x2C4, 0x084, 0x6FC, 0x010, 0x090, 0x290, 0x480, 0x570, 0x11C, 0x000, 0x000 } }, /* 浞 */
	{ 0xE4B8, { 0x47C, 0x284, 0x0FC, 0x400, 0x084, 0x0FC, 0x284, 0x2FC, 0x484, 0x48C, 0x000, 0x000 } }, /* 涓 */
	{ 0xE4B9, { 0x420, 0x2A4, 0x0FC, 0x420, 0x050, 0x1AC, 0x200, 0x418, 0x410, 0x410, 0x000, 0x000 } }, /* 涔 */
	{ 0xE4BA, { 0x000, 0x418, 0x2C0, 0x080, 0x6FC, 0x090, 0x090, 0x3FC, 0x400, 0x488, 0x104, 0x000 } }, /* 浜 */
	{ 0xE4BB, { 0x488, 0x270, 0x04C, 0x420, 0x0FC, 0x040, 0x0FC, 0x584, 0x484, 0x000, 0x000, 0x000 } }, /* 浠 */
	{ 0xE4BC, { 0x000, 0x000, 0x270, 0x090, 0x4F8, 0x0A4, 0x0A4, 0x2B4, 0x010, 0x450, 0x58C, 0x000 } }, /* 浼 */
	{ 0xE4BD, { 0x000, 0x020, 0x2FC, 0x104, 0x400, 0x000, 0x0FC, 0x250, 0x450, 0x490, 0x10C, 0x000 } }, /* 浣 */
	{ 0xE4BE, { 0x020, 0x2F8, 0x008, 0x5FC, 0x420, 0x078, 0x380, 0x478, 0x408, 0x0C8, 0x000, 0x000 } }, /* 渚 */
	{ 0xE4BF, { 0x408, 0x2FC, 0x008, 0x478, 0x208, 0x078, 0x2C8, 0x440, 0x4C8, 0x504, 0x000, 0x000 } }, /* 淇 */
	{ 0xE4C0, { 0x48C, 0x290, 0x090, 0x490, 0x0D4, 0x1D4, 0x184, 0x4A4, 0x4A4, 0x0A4, 0x000, 0x000 } }, /* 淅 */
	{ 0xE4C1, { 0x080, 0x698, 0x1C4, 0x0A4, 0x480, 0x1D0, 0x390, 0x484, 0x4BC, 0x0A4, 0x000, 0x000 } }, /* 淞 */
	{ 0xE4C2, { 0x020, 0x2FC, 0x020, 0x4FC, 0x054, 0x090, 0x2B0, 0x420, 0x478, 0x184, 0x000, 0x000 } }, /* 渎 */
	{ 0xE4C3, { 0x4FC, 0x220, 0x040, 0x528, 0x0F8, 0x1B8, 0x450, 0x494, 0x510, 0x020, 0x000, 0x000 } }, /* 涿 */
	{ 0xE4C4, { 0x000, 0x2A4, 0x0FC, 0x4A4, 0x0FC, 0x000, 0x048, 0x448, 0x488, 0x108, 0x000, 0x000 } }, /* 淠 */
	{ 0xE4C5, { 0x4F8, 0x288, 0x0F8, 0x420, 0x124, 0x1FC, 0x324, 0x1F8, 0x420, 0x43C, 0x000, 0x000 } }, /* 渑 */
	{ 0xE4C6, { 0x000, 0x020, 0x660, 0x058, 0x08C, 0x420, 0x020, 0x2F8, 0x4A8, 0x4A0, 0x5FC, 0x000 } }, /* 淦 */
	{ 0xE4C7, { 0x5DC, 0x36C, 0x16C, 0x56C, 0x16C, 0x1E4, 0x360, 0x560, 0x460, 0x2DC, 0x000, 0x000 } }, /* 淝 */
	{ 0xE4C8, { 0x000, 0x420, 0x2FC, 0x104, 0x478, 0x000, 0x0FC, 0x220, 0x4A8, 0x524, 0x060, 0x000 } }, /* 淙 */
	{ 0xE4C9, { 0x000, 0x020, 0x2FC, 0x000, 0x430, 0x0B4, 0x0FC, 0x294, 0x4FC, 0x400, 0x000, 0x000 } }, /* 渖 */
	{ 0xE4CA, { 0x000, 0x020, 0x6FC, 0x100, 0x0F8, 0x688, 0x0F8, 0x280, 0x484, 0x48C, 0x484, 0x000 } }, /* 涫 */
	{ 0xE4CB, { 0x4F8, 0x208, 0x0F8, 0x408, 0x020, 0x0A0, 0x238, 0x4E8, 0x524, 0x460, 0x000, 0x000 } }, /* 渌 */
	{ 0xE4CC, { 0x404, 0x304, 0x1EC, 0x50C, 0x1CC, 0x14C, 0x14C, 0x744, 0x664, 0x044, 0x000, 0x000 } }, /* 涮 */
	{ 0xE4CD, { 0x4A8, 0x2AC, 0x0A8, 0x4B8, 0x080, 0x020, 0x1FC, 0x430, 0x4A8, 0x124, 0x000, 0x000 } }, /* 渫 */
	{ 0xE4CE, { 0x000, 0x400, 0x250, 0x0F8, 0x454, 0x054, 0x0FC, 0x220, 0x4F8, 0x420, 0x1FC, 0x000 } }, /* 湮 */
	{ 0xE4CF, { 0x400, 0x220, 0x020, 0x4D4, 0x054, 0x054, 0x054, 0x454, 0x4FC, 0x104, 0x000, 0x000 } }, /* 湎 */
	{ 0xE4D0, { 0x048, 0x780, 0x084, 0x5E4, 0x0AC, 0x1D8, 0x598, 0x698, 0x4A4, 0x080, 0x000, 0x000 } }, /* 湫 */
	{ 0xE4D1, { 0x420, 0x2AC, 0x0A4, 0x4A4, 0x0FC, 0x020, 0x2F8, 0x448, 0x430, 0x18C, 0x000, 0x000 } }, /* 溲 */
	{ 0xE4D2, { 0x020, 0x2FC, 0x084, 0x084, 0x4FC, 0x0FC, 0x020, 0x4F8, 0x420, 0x5FC, 0x000, 0x000 } }, /* 湟 */
	{ 0xE4D3, { 0x000, 0x480, 0x2DC, 0x134, 0x5D4, 0x414, 0x1F4, 0x408, 0x528, 0x414, 0x0A4, 0x000 } }, /* 溆 */
	{ 0xE4D4, { 0x450, 0x288, 0x18C, 0x440, 0x040, 0x090, 0x2F8, 0x450, 0x450, 0x5FC, 0x000, 0x000 } }, /* 湓 */
	{ 0xE4D5, { 0x008, 0x450, 0x1FC, 0x404, 0x534, 0x1F4, 0x134, 0x5F4, 0x524, 0x54C, 0x000, 0x000 } }, /* 湔 */
	{ 0xE4D6, { 0x000, 0x420, 0x2FC, 0x000, 0x478, 0x000, 0x084, 0x2FC, 0x484, 0x400, 0x5FC, 0x000 } }, /* 渲 */
	{ 0xE4D7, { 0x4FC, 0x284, 0x0FC, 0x400, 0x030, 0x024, 0x154, 0x57C, 0x510, 0x6FC, 0x000, 0x000 } }, /* 渥 */
	{ 0xE4D8, { 0x000, 0x4FC, 0x2A4, 0x0B4, 0x480, 0x07C, 0x044, 0x144, 0x57C, 0x544, 0x444, 0x000 } }, /* 湄 */
	{ 0xE4D9, { 0x000, 0x010, 0x418, 0x1E8, 0x03C, 0x5AC, 0x02C, 0x5BC, 0x4A0, 0x420, 0x01C, 0x000 } }, /* 滟 */
	{ 0xE4DA, { 0x420, 0x2FC, 0x020, 0x460, 0x1FC, 0x0F8, 0x524, 0x4F8, 0x468, 0x120, 0x000, 0x000 } }, /* 溱 */
	{ 0xE4DB, { 0x000, 0x020, 0x6FC, 0x020, 0x5FC, 0x048, 0x0E4, 0x0F8, 0x450, 0x450, 0x5FC, 0x000 } }, /* 溘 */
	{ 0xE4DC, { 0x4FC, 0x288, 0x088, 0x4F8, 0x1FC, 0x008, 0x054, 0x4D8, 0x4D8, 0x124, 0x000, 0x000 } }, /* 滠 */
	{ 0xE4DD, { 0x050, 0x6FC, 0x040, 0x46C, 0x050, 0x098, 0x554, 0x450, 0x450, 0x190, 0x000, 0x000 } }, /* 漭 */
	{ 0xE4DE, { 0x040, 0x3FC, 0x040, 0x5FC, 0x100, 0x0F8, 0x220, 0x438, 0x428, 0x5FC, 0x000, 0x000 } }, /* 滢 */
	{ 0xE4DF, { 0x028, 0x6FC, 0x020, 0x4A4, 0x0AC, 0x0FC, 0x208, 0x5FC, 0x448, 0x018, 0x000, 0x000 } }, /* 溥 */
	{ 0xE4E0, { 0x400, 0x250, 0x0F8, 0x454, 0x0FC, 0x020, 0x5FC, 0x470, 0x4A8, 0x124, 0x000, 0x000 } }, /* 溧 */
	{ 0xE4E1, { 0x4FC, 0x200, 0x000, 0x4FC, 0x058, 0x06C, 0x548, 0x548, 0x528, 0x218, 0x000, 0x000 } }, /* 溽 */
	{ 0xE4E2, { 0x000, 0x478, 0x284, 0x084, 0x4FC, 0x000, 0x0A4, 0x0A4, 0x4EC, 0x524, 0x444, 0x000 } }, /* 溻 */
	{ 0xE4E3, { 0x4FC, 0x304, 0x134, 0x564, 0x134, 0x154, 0x53C, 0x514, 0x524, 0x104, 0x000, 0x000 } }, /* 溷 */
	{ 0xE4E4, { 0x000, 0x480, 0x298, 0x158, 0x400, 0x0F8, 0x020, 0x0E0, 0x5FC, 0x420, 0x03C, 0x000 } }, /* 滗 */
	{ 0xE4E5, { 0x020, 0x2FC, 0x0FC, 0x484, 0x084, 0x0F8, 0x228, 0x474, 0x450, 0x184, 0x000, 0x000 } }, /* 溴 */
	{ 0xE4E6, { 0x408, 0x28C, 0x070, 0x470, 0x18C, 0x078, 0x220, 0x4A8, 0x428, 0x5FC, 0x000, 0x000 } }, /* 滏 */
	{ 0xE4E7, { 0x000, 0x420, 0x2FC, 0x030, 0x438, 0x0FC, 0x178, 0x110, 0x57C, 0x544, 0x04C, 0x000 } }, /* 溏 */
	{ 0xE4E8, { 0x000, 0x420, 0x2FC, 0x050, 0x4FC, 0x020, 0x1FC, 0x040, 0x478, 0x488, 0x118, 0x000 } }, /* 滂 */
	{ 0xE4E9, { 0x000, 0x400, 0x104, 0x000, 0x488, 0x0F8, 0x0F8, 0x220, 0x5FC, 0x448, 0x184, 0x000 } }, /* 溟 */
	{ 0xE4EA, { 0x050, 0x2FC, 0x050, 0x5FC, 0x0F8, 0x0A4, 0x2AC, 0x4FC, 0x448, 0x184, 0x000, 0x000 } }, /* 潢 */
	{ 0xE4EB, { 0x000, 0x450, 0x3FC, 0x000, 0x5A4, 0x048, 0x0F0, 0x26C, 0x4A4, 0x4A8, 0x124, 0x000 } }, /* 潆 */
	{ 0xE4EC, { 0x000, 0x000, 0x5FC, 0x020, 0x428, 0x5FC, 0x028, 0x020, 0x534, 0x524, 0x524, 0x000 } }, /* 潇 */
	{ 0xE4ED, { 0x008, 0x2DC, 0x0C8, 0x4FC, 0x028, 0x040, 0x1FC, 0x450, 0x430, 0x5C4, 0x000, 0x000 } }, /* 漤 */
	{ 0xE4EE, { 0x050, 0x6FC, 0x0FC, 0x4D4, 0x0F4, 0x0FC, 0x2F8, 0x488, 0x488, 0x488, 0x000, 0x000 } }, /* 漕 */
	{ 0xE4EF, { 0x000, 0x020, 0x220, 0x1FC, 0x570, 0x13C, 0x10C, 0x550, 0x57C, 0x510, 0x230, 0x000 } }, /* 滹 */
	{ 0xE4F0, { 0x4F8, 0x2A4, 0x0FC, 0x4FC, 0x040, 0x0F0, 0x26C, 0x0A0, 0x4A8, 0x524, 0x000, 0x000 } }, /* 漯 */
	{ 0xE4F1, { 0x000, 0x020, 0x2F8, 0x0A8, 0x420, 0x0FC, 0x0FC, 0x200, 0x544, 0x54C, 0x478, 0x000 } }, /* 漶 */
	{ 0xE4F2, { 0x000, 0x088, 0x4D0, 0x13C, 0x114, 0x414, 0x0B0, 0x1C8, 0x448, 0x5DC, 0x024, 0x000 } }, /* 潋 */
	{ 0xE4F3, { 0x010, 0x594, 0x094, 0x19C, 0x488, 0x09C, 0x364, 0x49C, 0x494, 0x584, 0x000, 0x000 } }, /* 潴 */
	{ 0xE4F4, { 0x000, 0x040, 0x5BC, 0x198, 0x4A4, 0x0BC, 0x1B4, 0x694, 0x4B4, 0x484, 0x508, 0x000 } }, /* 漪 */
	{ 0xE4F5, { 0x000, 0x420, 0x2FC, 0x150, 0x5FC, 0x154, 0x1F8, 0x510, 0x558, 0x550, 0x2CC, 0x000 } }, /* 漉 */
	{ 0xE4F6, { 0x000, 0x410, 0x01C, 0x1E0, 0x53C, 0x188, 0x168, 0x568, 0x568, 0x6F8, 0x24C, 0x000 } }, /* 漩 */
	{ 0xE4F7, { 0x000, 0x4C8, 0x050, 0x1DC, 0x550, 0x1F0, 0x150, 0x548, 0x548, 0x758, 0x054, 0x000 } }, /* 澉 */
	{ 0xE4F8, { 0x004, 0x5C0, 0x09C, 0x4C0, 0x010, 0x130, 0x1C0, 0x540, 0x4E0, 0x108, 0x000, 0x000 } }, /* 澍 */
	{ 0xE4F9, { 0x104, 0x5F0, 0x150, 0x5D8, 0x154, 0x154, 0x5F4, 0x414, 0x534, 0x224, 0x000, 0x000 } }, /* 澌 */
	{ 0xE4FA, { 0x000, 0x080, 0x3DC, 0x0D8, 0x5BC, 0x000, 0x0F8, 0x2F8, 0x488, 0x488, 0x088, 0x000 } }, /* 潸 */
	{ 0xE4FB, { 0x040, 0x5A4, 0x0A4, 0x598, 0x1A4, 0x1FC, 0x5A4, 0x6A4, 0x4A4, 0x0A4, 0x000, 0x000 } }, /* 潲 */
	{ 0xE4FC, { 0x000, 0x020, 0x2FC, 0x058, 0x400, 0x0B4, 0x0FC, 0x2B4, 0x020, 0x430, 0x4FC, 0x000 } }, /* 潼 */
	{ 0xE4FD, { 0x4FC, 0x304, 0x178, 0x518, 0x17C, 0x120, 0x16C, 0x548, 0x6C8, 0x248, 0x000, 0x000 } }, /* 潺 */
	{ 0xE4FE, { 0x090, 0x49C, 0x0A0, 0x5FC, 0x288, 0x1C8, 0x488, 0x5D8, 0x694, 0x0A0, 0x000, 0x000 } }, /* 濑 */
	{ 0xE5A1, { 0x000, 0x008, 0x7A0, 0x03C, 0x5E8, 0x07C, 0x1A8, 0x4BC, 0x428, 0x5BC, 0x020, 0x000 } }, /* 濉 */
	{ 0xE5A2, { 0x010, 0x2FC, 0x0FC, 0x4D4, 0x200, 0x0FC, 0x2F8, 0x4F8, 0x448, 0x5FC, 0x000, 0x000 } }, /* 澧 */
	{ 0xE5A3, { 0x000, 0x040, 0x698, 0x1FC, 0x550, 0x1FC, 0x17C, 0x37C, 0x57C, 0x544, 0x044, 0x000 } }, /* 澹 */
	{ 0xE5A4, { 0x000, 0x020, 0x200, 0x0FC, 0x474, 0x034, 0x0FC, 0x2F8, 0x4F8, 0x4F8, 0x5FC, 0x000 } }, /* 澶 */
	{ 0xE5A5, { 0x000, 0x020, 0x7FC, 0x148, 0x570, 0x17C, 0x1FC, 0x174, 0x558, 0x554, 0x294, 0x000 } }, /* 濂 */
	{ 0xE5A6, { 0x0FC, 0x620, 0x124, 0x420, 0x008, 0x1FC, 0x020, 0x554, 0x554, 0x554, 0x000, 0x000 } }, /* 濡 */
	{ 0xE5A7, { 0x020, 0x56C, 0x17C, 0x528, 0x37C, 0x138, 0x510, 0x538, 0x528, 0x144, 0x000, 0x000 } }, /* 濮 */
	{ 0xE5A8, { 0x000, 0x060, 0x6F8, 0x0F8, 0x4F8, 0x0F8, 0x1A4, 0x1A4, 0x5FC, 0x448, 0x188, 0x000 } }, /* 濞 */
	{ 0xE5A9, { 0x000, 0x020, 0x6FC, 0x0F8, 0x478, 0x1FC, 0x070, 0x0E8, 0x4F8, 0x454, 0x120, 0x000 } }, /* 濠 */
	{ 0xE5AA, { 0x4DC, 0x204, 0x0CC, 0x594, 0x080, 0x0FC, 0x1FC, 0x490, 0x490, 0x4FC, 0x000, 0x000 } }, /* 濯 */
	{ 0xE5AB, { 0x000, 0x010, 0x598, 0x024, 0x1A4, 0x394, 0x05C, 0x194, 0x5BC, 0x414, 0x424, 0x000 } }, /* 瀚 */
	{ 0xE5AC, { 0x000, 0x000, 0x454, 0x1E4, 0x0C8, 0x094, 0x1D0, 0x050, 0x450, 0x5DC, 0x1FC, 0x000 } }, /* 瀣 */
	{ 0xE5AD, { 0x000, 0x020, 0x580, 0x0F8, 0x4F8, 0x0F8, 0x108, 0x5F4, 0x5E8, 0x4B4, 0x2D4, 0x000 } }, /* 瀛 */
	{ 0xE5AE, { 0x000, 0x020, 0x650, 0x0D8, 0x104, 0x5B8, 0x0A8, 0x3F8, 0x554, 0x554, 0x508, 0x000 } }, /* 瀹 */
	{ 0xE5AF, { 0x000, 0x0A8, 0x2FC, 0x070, 0x5FC, 0x0F8, 0x0A8, 0x450, 0x450, 0x5FC, 0x18C, 0x000 } }, /* 瀵 */
	{ 0xE5B0, { 0x5DC, 0x1C8, 0x15C, 0x484, 0x1EC, 0x1CC, 0x54C, 0x488, 0x694, 0x0A0, 0x000, 0x000 } }, /* 灏 */
	{ 0xE5B1, { 0x4FC, 0x0FC, 0x124, 0x428, 0x040, 0x1D4, 0x1DC, 0x5DC, 0x5F4, 0x0A4, 0x000, 0x000 } }, /* 灞 */
	{ 0xE5B2, { 0x000, 0x000, 0x040, 0x040, 0x7FC, 0x000, 0x000, 0x000, 0x000, 0x000, 0x000, 0x000 } }, /* 宀 */
	{ 0xE5B3, { 0x000, 0x040, 0x040, 0x484, 0x080, 0x3F0, 0x090, 0x090, 0x190, 0x314, 0x41C, 0x000 } }, /* 宄 */
	{ 0xE5B4, { 0x000, 0x040, 0x3F8, 0x404, 0x000, 0x080, 0x100, 0x1F8, 0x708, 0x1F8, 0x108, 0x000 } }, /* 宕 */
	{ 0xE5B5, { 0x000, 0x040, 0x040, 0x404, 0x040, 0x050, 0x520, 0x524, 0x1C0, 0x390, 0x4F0, 0x000 } }, /* 宓 */
	{ 0xE5B6, { 0x000, 0x040, 0x7FC, 0x480, 0x7FC, 0x180, 0x108, 0x5F8, 0x108, 0x108, 0x118, 0x000 } }, /* 宥 */
	{ 0xE5B7, { 0x000, 0x040, 0x7FC, 0x404, 0x218, 0x2F8, 0x200, 0x3E8, 0x238, 0x4D8, 0x584, 0x000 } }, /* 宸 */
	{ 0xE5B8, { 0x000, 0x040, 0x7FC, 0x444, 0x298, 0x0E0, 0x3F8, 0x248, 0x248, 0x3F8, 0x248, 0x000 } }, /* 甯 */
	{ 0xE5B9, { 0x040, 0x7FC, 0x1F0, 0x1A0, 0x1B0, 0x110, 0x71C, 0x1B0, 0x008, 0x008, 0x000, 0x000 } }, /* 骞 */
	{ 0xE5BA, { 0x000, 0x040, 0x4B4, 0x3F8, 0x3F8, 0x1B0, 0x130, 0x6C4, 0x1F0, 0x7FC, 0x040, 0x000 } }, /* 搴 */
	{ 0xE5BB, { 0x000, 0x040, 0x7FC, 0x000, 0x120, 0x378, 0x128, 0x700, 0x378, 0x548, 0x548, 0x000 } }, /* 寤 */
	{ 0xE5BC, { 0x000, 0x040, 0x7FC, 0x0C0, 0x0A8, 0x318, 0x61C, 0x110, 0x1F0, 0x358, 0x4C4, 0x000 } }, /* 寮 */
	{ 0xE5BD, { 0x000, 0x040, 0x4A4, 0x3F8, 0x3F8, 0x1B0, 0x150, 0x75C, 0x0A0, 0x310, 0x18C, 0x000 } }, /* 褰 */
	{ 0xE5BE, { 0x000, 0x040, 0x404, 0x3F8, 0x3F8, 0x7FC, 0x000, 0x208, 0x1A8, 0x710, 0x104, 0x000 } }, /* 寰 */
	{ 0xE5BF, { 0x000, 0x040, 0x4A4, 0x3F8, 0x3F8, 0x7FC, 0x310, 0x514, 0x140, 0x140, 0x67C, 0x000 } }, /* 蹇 */
	{ 0xE5C0, { 0x000, 0x040, 0x424, 0x1B0, 0x1B0, 0x1D0, 0x358, 0x000, 0x000, 0x000, 0x208, 0x000 } }, /* 謇 */
	{ 0xE5C1, { 0x000, 0x000, 0x200, 0x000, 0x000, 0x600, 0x200, 0x200, 0x200, 0x700, 0x4FC, 0x000 } }, /* 辶 */
	{ 0xE5C2, { 0x0FC, 0x208, 0x008, 0x0FC, 0x628, 0x228, 0x2C8, 0x298, 0x700, 0x4FC, 0x000, 0x000 } }, /* 迓 */
	{ 0xE5C3, { 0x040, 0x2C0, 0x2B0, 0x000, 0x630, 0x230, 0x200, 0x200, 0x600, 0x4FC, 0x000, 0x000 } }, /* 迕 */
	{ 0xE5C4, { 0x000, 0x400, 0x284, 0x084, 0x0B4, 0x694, 0x294, 0x284, 0x28C, 0x600, 0x4FC, 0x000 } }, /* 迥 */
	{ 0xE5C5, { 0x000, 0x040, 0x440, 0x2FC, 0x0A0, 0x638, 0x220, 0x23C, 0x220, 0x700, 0x4FC, 0x000 } }, /* 迮 */
	{ 0xE5C6, { 0x000, 0x040, 0x4FC, 0x500, 0x0B8, 0x4E0, 0x2A8, 0x0A0, 0x084, 0x600, 0x4FC, 0x000 } }, /* 迤 */
	{ 0xE5C7, { 0x000, 0x040, 0x240, 0x284, 0x000, 0x600, 0x284, 0x284, 0x220, 0x600, 0x4FC, 0x000 } }, /* 迩 */
	{ 0xE5C8, { 0x000, 0x080, 0x48C, 0x0F4, 0x0B4, 0x6B4, 0x0B4, 0x134, 0x34C, 0x600, 0x4FC, 0x000 } }, /* 迦 */
	{ 0xE5C9, { 0x0F8, 0x218, 0x030, 0x0CC, 0x684, 0x230, 0x220, 0x2FC, 0x700, 0x0FC, 0x000, 0x000 } }, /* 迳 */
	{ 0xE5CA, { 0x000, 0x020, 0x248, 0x288, 0x0F4, 0x400, 0x2C8, 0x280, 0x2F8, 0x200, 0x4FC, 0x000 } }, /* 迨 */
	{ 0xE5CB, { 0x000, 0x01C, 0x280, 0x280, 0x080, 0x680, 0x2A4, 0x204, 0x33C, 0x700, 0x0FC, 0x000 } }, /* 逅 */
	{ 0xE5CC, { 0x000, 0x040, 0x4F8, 0x0D0, 0x078, 0x400, 0x2FC, 0x280, 0x2F8, 0x200, 0x4FC, 0x000 } }, /* 逄 */
	{ 0xE5CD, { 0x000, 0x028, 0x4FC, 0x020, 0x0FC, 0x4FC, 0x2A4, 0x0FC, 0x0AC, 0x600, 0x4FC, 0x000 } }, /* 逋 */
	{ 0xE5CE, { 0x4FC, 0x000, 0x1DC, 0x114, 0x5DC, 0x1DC, 0x114, 0x154, 0x600, 0x4FC, 0x000, 0x000 } }, /* 逦 */
	{ 0xE5CF, { 0x000, 0x028, 0x220, 0x0FC, 0x0A8, 0x6A8, 0x270, 0x2AC, 0x220, 0x300, 0x4FC, 0x000 } }, /* 逑 */
	{ 0xE5D0, { 0x000, 0x648, 0x230, 0x084, 0x6FC, 0x284, 0x2FC, 0x284, 0x208, 0x4FC, 0x000, 0x000 } }, /* 逍 */
	{ 0xE5D1, { 0x000, 0x050, 0x490, 0x1B4, 0x074, 0x4D0, 0x158, 0x054, 0x0A4, 0x700, 0x4FC, 0x000 } }, /* 逖 */
	{ 0xE5D2, { 0x000, 0x040, 0x498, 0x2D8, 0x0C8, 0x460, 0x290, 0x270, 0x270, 0x688, 0x4FC, 0x000 } }, /* 逡 */
	{ 0xE5D3, { 0x000, 0x020, 0x4FC, 0x220, 0x048, 0x68C, 0x030, 0x020, 0x0FC, 0x700, 0x0FC, 0x000 } }, /* 逵 */
	{ 0xE5D4, { 0x018, 0x420, 0x0FC, 0x068, 0x7A4, 0x0FC, 0x050, 0x030, 0x2C0, 0x4FC, 0x000, 0x000 } }, /* 逶 */
	{ 0xE5D5, { 0x000, 0x020, 0x5FC, 0x104, 0x0F8, 0x6F8, 0x280, 0x2F8, 0x288, 0x600, 0x4FC, 0x000 } }, /* 逭 */
	{ 0xE5D6, { 0x000, 0x0F8, 0x008, 0x008, 0x0FC, 0x220, 0x0B8, 0x0E8, 0x224, 0x700, 0x0FC, 0x000 } }, /* 逯 */
	{ 0xE5D7, { 0x000, 0x020, 0x0A4, 0x000, 0x0FC, 0x620, 0x2D4, 0x294, 0x294, 0x600, 0x0FC, 0x000 } }, /* 遄 */
	{ 0xE5D8, { 0x000, 0x020, 0x0F8, 0x2F8, 0x08C, 0x400, 0x030, 0x0F8, 0x020, 0x600, 0x0FC, 0x000 } }, /* 遑 */
	{ 0xE5D9, { 0x000, 0x000, 0x458, 0x450, 0x0FC, 0x454, 0x004, 0x0FC, 0x084, 0x200, 0x5FC, 0x000 } }, /* 遒 */
	{ 0xE5DA, { 0x4D8, 0x424, 0x0DC, 0x000, 0x2DC, 0x004, 0x0C8, 0x01C, 0x620, 0x4FC, 0x000, 0x000 } }, /* 遐 */
	{ 0xE5DB, { 0x000, 0x008, 0x5E0, 0x0DC, 0x054, 0x484, 0x0C8, 0x0AC, 0x174, 0x600, 0x0FC, 0x000 } }, /* 遨 */
	{ 0xE5DC, { 0x000, 0x040, 0x458, 0x058, 0x0FC, 0x4F8, 0x0B8, 0x0A8, 0x08C, 0x608, 0x4FC, 0x000 } }, /* 遘 */
	{ 0xE5DD, { 0x0F8, 0x4F8, 0x080, 0x000, 0x6DC, 0x294, 0x2DC, 0x344, 0x240, 0x4FC, 0x000, 0x000 } }, /* 遢 */
	{ 0xE5DE, { 0x000, 0x0C0, 0x494, 0x2B4, 0x094, 0x420, 0x0A4, 0x0FC, 0x0A4, 0x600, 0x0FC, 0x000 } }, /* 遛 */
	{ 0xE5DF, { 0x0F8, 0x28C, 0x08C, 0x080, 0x6FC, 0x3F8, 0x2F8, 0x2B0, 0x600, 0x4FC, 0x000, 0x000 } }, /* 暹 */
	{ 0xE5E0, { 0x000, 0x0A0, 0x428, 0x078, 0x1AC, 0x480, 0x0FC, 0x1D0, 0x04C, 0x680, 0x0FC, 0x000 } }, /* 遴 */
	{ 0xE5E1, { 0x020, 0x43C, 0x130, 0x124, 0x53C, 0x570, 0x538, 0x57C, 0x650, 0x0FC, 0x000, 0x000 } }, /* 遽 */
	{ 0xE5E2, { 0x000, 0x080, 0x5CC, 0x144, 0x160, 0x5FC, 0x13C, 0x1FC, 0x320, 0x600, 0x0FC, 0x000 } }, /* 邂 */
	{ 0xE5E3, { 0x000, 0x090, 0x53C, 0x0E4, 0x1A4, 0x4FC, 0x158, 0x148, 0x0EC, 0x600, 0x0FC, 0x000 } }, /* 邈 */
	{ 0xE5E4, { 0x000, 0x020, 0x5FC, 0x0C8, 0x050, 0x5FC, 0x0A8, 0x078, 0x054, 0x620, 0x0FC, 0x000 } }, /* 邃 */
	{ 0xE5E5, { 0x000, 0x0A8, 0x4A8, 0x0FC, 0x174, 0x5FC, 0x020, 0x020, 0x024, 0x7A4, 0x1FC, 0x000 } }, /* 邋 */
	{ 0xE5E6, { 0x000, 0x7FC, 0x004, 0x004, 0x3FC, 0x004, 0x004, 0x004, 0x7FC, 0x000, 0x000, 0x000 } }, /* 彐 */
	{ 0xE5E7, { 0x000, 0x110, 0x7BC, 0x110, 0x110, 0x7BC, 0x110, 0x008, 0x3F8, 0x008, 0x3F8, 0x000 } }, /* 彗 */
	{ 0xE5E8, { 0x000, 0x100, 0x118, 0x3F0, 0x010, 0x0C8, 0x750, 0x1F0, 0x6E8, 0x724, 0x0C0, 0x000 } }, /* 彖 */
	{ 0xE5E9, { 0x000, 0x100, 0x110, 0x3F0, 0x7FC, 0x080, 0x4F4, 0x458, 0x450, 0x6F0, 0x10C, 0x000 } }, /* 彘 */
	{ 0xE5EA, { 0x3F8, 0x408, 0x7F8, 0x440, 0x440, 0x5F0, 0x450, 0x450, 0x494, 0x100, 0x000, 0x000 } }, /* 尻 */
	{ 0xE5EB, { 0x018, 0x2A4, 0x024, 0x2A4, 0x318, 0x000, 0x4A4, 0x480, 0x460, 0x01C, 0x000, 0x000 } }, /* 咫 */
	{ 0xE5EC, { 0x3F8, 0x004, 0x3F8, 0x010, 0x17C, 0x490, 0x528, 0x528, 0x410, 0x06C, 0x000, 0x000 } }, /* 屐 */
	{ 0xE5ED, { 0x3F8, 0x404, 0x7F8, 0x400, 0x680, 0x4B0, 0x490, 0x4F0, 0x400, 0x008, 0x000, 0x000 } }, /* 屙 */
	{ 0xE5EE, { 0x3F8, 0x004, 0x2F8, 0x030, 0x1F8, 0x440, 0x5DC, 0x498, 0x488, 0x190, 0x000, 0x000 } }, /* 孱 */
	{ 0xE5EF, { 0x3FC, 0x204, 0x210, 0x090, 0x110, 0x4FC, 0x510, 0x55C, 0x570, 0x19C, 0x000, 0x000 } }, /* 屣 */
	{ 0xE5F0, { 0x3F8, 0x004, 0x290, 0x110, 0x27C, 0x49C, 0x500, 0x568, 0x518, 0x164, 0x000, 0x000 } }, /* 屦 */
	{ 0xE5F1, { 0x3FC, 0x7FC, 0x490, 0x5F8, 0x5FC, 0x400, 0x5DC, 0x59C, 0x4CC, 0x108, 0x000, 0x000 } }, /* 羼 */
	{ 0xE5F2, { 0x000, 0x108, 0x110, 0x428, 0x4C4, 0x700, 0x110, 0x110, 0x110, 0x600, 0x000, 0x000 } }, /* 弪 */
	{ 0xE5F3, { 0x000, 0x200, 0x7AC, 0x288, 0x198, 0x624, 0x3F8, 0x3F8, 0x200, 0x008, 0x018, 0x000 } }, /* 弩 */
	{ 0xE5F4, { 0x67C, 0x148, 0x148, 0x648, 0x448, 0x748, 0x148, 0x1FC, 0x108, 0x208, 0x000, 0x000 } }, /* 弭 */
	{ 0xE5F5, { 0x010, 0x338, 0x7A8, 0x398, 0x734, 0x7B4, 0x124, 0x1A0, 0x522, 0x11C, 0x000, 0x000 } }, /* 艴 */
	{ 0xE5F6, { 0x60C, 0x244, 0x040, 0x6EC, 0x4A8, 0x6EC, 0x0A0, 0x2A4, 0x2E4, 0x60C, 0x000, 0x000 } }, /* 弼 */
	{ 0xE5F7, { 0x048, 0x244, 0x4E8, 0x3E4, 0x24C, 0x1F8, 0x308, 0x2A0, 0x0A4, 0x04C, 0x000, 0x000 } }, /* 鬻 */
	{ 0xE5F8, { 0x040, 0x444, 0x444, 0x444, 0x444, 0x7FC, 0x040, 0x040, 0x040, 0x040, 0x000, 0x000 } }, /* 屮 */
	{ 0xE5F9, { 0x000, 0x210, 0x220, 0x63C, 0x2A4, 0x4C4, 0x414, 0x714, 0x184, 0x204, 0x40C, 0x000 } }, /* 妁 */
	{ 0xE5FA, { 0x200, 0x27C, 0x704, 0x484, 0x43C, 0x540, 0x700, 0x300, 0x204, 0x43C, 0x000, 0x000 } }, /* 妃 */
	{ 0xE5FB, { 0x200, 0x27C, 0x628, 0x528, 0x528, 0x528, 0x708, 0x348, 0x248, 0x488, 0x000, 0x000 } }, /* 妍 */
	{ 0xE5FC, { 0x000, 0x200, 0x27C, 0x700, 0x210, 0x47C, 0x530, 0x320, 0x300, 0x240, 0x48C, 0x000 } }, /* 妩 */
	{ 0xE5FD, { 0x000, 0x200, 0x240, 0x244, 0x350, 0x458, 0x548, 0x354, 0x344, 0x240, 0x47C, 0x000 } }, /* 妪 */
	{ 0xE5FE, { 0x000, 0x200, 0x250, 0x650, 0x754, 0x558, 0x550, 0x350, 0x350, 0x274, 0x400, 0x000 } }, /* 妣 */
	{ 0xE6A1, { 0x000, 0x210, 0x230, 0x228, 0x2C4, 0x0D0, 0x500, 0x30C, 0x108, 0x208, 0x410, 0x000 } }, /* 妗 */
	{ 0xE6A2, { 0x210, 0x214, 0x650, 0x550, 0x450, 0x534, 0x334, 0x354, 0x290, 0x410, 0x000, 0x000 } }, /* 姊 */
	{ 0xE6A3, { 0x210, 0x250, 0x710, 0x2FC, 0x414, 0x514, 0x32C, 0x124, 0x244, 0x48C, 0x000, 0x000 } }, /* 妫 */
	{ 0xE6A4, { 0x000, 0x200, 0x27C, 0x624, 0x424, 0x42C, 0x524, 0x324, 0x320, 0x224, 0x400, 0x000 } }, /* 妞 */
	{ 0xE6A5, { 0x200, 0x24C, 0x728, 0x210, 0x5FC, 0x514, 0x310, 0x310, 0x610, 0x430, 0x000, 0x000 } }, /* 妤 */
	{ 0xE6A6, { 0x200, 0x228, 0x210, 0x748, 0x548, 0x548, 0x548, 0x368, 0x254, 0x420, 0x000, 0x000 } }, /* 姒 */
	{ 0xE6A7, { 0x000, 0x200, 0x27C, 0x744, 0x244, 0x564, 0x544, 0x37C, 0x300, 0x680, 0x400, 0x000 } }, /* 妲 */
	{ 0xE6A8, { 0x000, 0x210, 0x210, 0x67C, 0x754, 0x554, 0x57C, 0x354, 0x354, 0x27C, 0x444, 0x000 } }, /* 妯 */
	{ 0xE6A9, { 0x000, 0x000, 0x0A4, 0x6A4, 0x4A4, 0x5FC, 0x4A4, 0x6A4, 0x3B4, 0x4B4, 0x144, 0x000 } }, /* 姗 */
	{ 0xE6AA, { 0x000, 0x040, 0x7FC, 0x010, 0x0B0, 0x7FC, 0x080, 0x7FC, 0x190, 0x070, 0x78C, 0x000 } }, /* 妾 */
	{ 0xE6AB, { 0x200, 0x27C, 0x628, 0x728, 0x52C, 0x56C, 0x76C, 0x328, 0x228, 0x4FC, 0x000, 0x000 } }, /* 娅 */
	{ 0xE6AC, { 0x000, 0x038, 0x624, 0x510, 0x56C, 0x500, 0x67C, 0x300, 0x440, 0x48C, 0x000, 0x000 } }, /* 娆 */
	{ 0xE6AD, { 0x210, 0x250, 0x778, 0x590, 0x57C, 0x530, 0x238, 0x358, 0x494, 0x010, 0x000, 0x000 } }, /* 姝 */
	{ 0xE6AE, { 0x040, 0x7FC, 0x0A0, 0x6A8, 0x4A4, 0x080, 0x7FC, 0x1A0, 0x070, 0x704, 0x000, 0x000 } }, /* 娈 */
	{ 0xE6AF, { 0x000, 0x210, 0x210, 0x200, 0x748, 0x544, 0x508, 0x728, 0x330, 0x238, 0x4C4, 0x000 } }, /* 姣 */
	{ 0xE6B0, { 0x208, 0x208, 0x67C, 0x508, 0x508, 0x57C, 0x308, 0x348, 0x448, 0x088, 0x000, 0x000 } }, /* 姘 */
	{ 0xE6B1, { 0x210, 0x210, 0x244, 0x700, 0x570, 0x510, 0x778, 0x300, 0x214, 0x41C, 0x000, 0x000 } }, /* 姹 */
	{ 0xE6B2, { 0x000, 0x200, 0x254, 0x654, 0x554, 0x554, 0x578, 0x310, 0x310, 0x210, 0x400, 0x000 } }, /* 娌 */
	{ 0xE6B3, { 0x210, 0x27C, 0x654, 0x754, 0x57C, 0x500, 0x720, 0x33C, 0x204, 0x418, 0x000, 0x000 } }, /* 娉 */
	{ 0xE6B4, { 0x000, 0x23C, 0x244, 0x644, 0x510, 0x510, 0x554, 0x310, 0x36C, 0x640, 0x404, 0x000 } }, /* 娲 */
	{ 0xE6B5, { 0x000, 0x000, 0x01C, 0x600, 0x590, 0x590, 0x5B8, 0x6FC, 0x3D0, 0x490, 0x484, 0x000 } }, /* 娴 */
	{ 0xE6B6, { 0x000, 0x028, 0x4A4, 0x008, 0x6E0, 0x080, 0x7FC, 0x180, 0x070, 0x78C, 0x000, 0x000 } }, /* 娑 */
	{ 0xE6B7, { 0x008, 0x000, 0x67C, 0x514, 0x570, 0x510, 0x634, 0x334, 0x454, 0x490, 0x000, 0x000 } }, /* 娣 */
	{ 0xE6B8, { 0x000, 0x200, 0x244, 0x644, 0x500, 0x570, 0x510, 0x610, 0x3BC, 0x490, 0x10C, 0x000 } }, /* 娓 */
	{ 0xE6B9, { 0x000, 0x400, 0x4DC, 0x6C4, 0x5DC, 0x5CC, 0x0CC, 0x6FC, 0x2C4, 0x484, 0x08C, 0x000 } }, /* 婀 */
	{ 0xE6BA, { 0x200, 0x27C, 0x730, 0x110, 0x500, 0x578, 0x248, 0x340, 0x448, 0x048, 0x000, 0x000 } }, /* 婧 */
	{ 0xE6BB, { 0x200, 0x27C, 0x600, 0x578, 0x510, 0x530, 0x334, 0x3C8, 0x4A4, 0x020, 0x000, 0x000 } }, /* 婊 */
	{ 0xE6BC, { 0x200, 0x27C, 0x630, 0x514, 0x57C, 0x53C, 0x300, 0x35C, 0x4E0, 0x51C, 0x000, 0x000 } }, /* 婕 */
	{ 0xE6BD, { 0x200, 0x244, 0x67C, 0x544, 0x500, 0x57C, 0x340, 0x37C, 0x244, 0x444, 0x000, 0x000 } }, /* 娼 */
	{ 0xE6BE, { 0x000, 0x000, 0x07C, 0x754, 0x57C, 0x544, 0x57C, 0x620, 0x3FC, 0x400, 0x000, 0x000 } }, /* 婢 */
	{ 0xE6BF, { 0x048, 0x008, 0x77C, 0x514, 0x57C, 0x514, 0x610, 0x374, 0x410, 0x410, 0x000, 0x000 } }, /* 婵 */
	{ 0xE6C0, { 0x000, 0x7BC, 0x2A8, 0x1B8, 0x644, 0x3F8, 0x2A8, 0x348, 0x2A8, 0x218, 0x000, 0x000 } }, /* 胬 */
	{ 0xE6C1, { 0x000, 0x200, 0x244, 0x77C, 0x544, 0x578, 0x500, 0x36C, 0x3A4, 0x224, 0x400, 0x000 } }, /* 媪 */
	{ 0xE6C2, { 0x20C, 0x200, 0x750, 0x57C, 0x520, 0x520, 0x338, 0x368, 0x498, 0x024, 0x000, 0x000 } }, /* 媛 */
	{ 0xE6C3, { 0x210, 0x2FC, 0x678, 0x540, 0x578, 0x5FC, 0x200, 0x310, 0x410, 0x030, 0x000, 0x000 } }, /* 婷 */
	{ 0xE6C4, { 0x000, 0x010, 0x090, 0x1A4, 0x358, 0x218, 0x134, 0x7FC, 0x110, 0x0E0, 0x78C, 0x000 } }, /* 婺 */
	{ 0xE6C5, { 0x008, 0x0FC, 0x668, 0x508, 0x534, 0x57C, 0x674, 0x354, 0x4C4, 0x00C, 0x000, 0x000 } }, /* 媾 */
	{ 0xE6C6, { 0x240, 0x2FC, 0x700, 0x548, 0x578, 0x578, 0x230, 0x330, 0x448, 0x084, 0x000, 0x000 } }, /* 嫫 */
	{ 0xE6C7, { 0x000, 0x220, 0x27C, 0x624, 0x514, 0x56C, 0x510, 0x244, 0x308, 0x460, 0x44C, 0x000 } }, /* 媲 */
	{ 0xE6C8, { 0x21C, 0x2C0, 0x248, 0x5FC, 0x520, 0x57C, 0x238, 0x368, 0x498, 0x064, 0x000, 0x000 } }, /* 嫒 */
	{ 0xE6C9, { 0x010, 0x27C, 0x780, 0x560, 0x540, 0x548, 0x648, 0x300, 0x448, 0x084, 0x000, 0x000 } }, /* 嫔 */
	{ 0xE6CA, { 0x210, 0x214, 0x67C, 0x510, 0x510, 0x57C, 0x414, 0x37C, 0x214, 0x4E4, 0x000, 0x000 } }, /* 媸 */
	{ 0xE6CB, { 0x000, 0x100, 0x7BC, 0x7F8, 0x398, 0x524, 0x240, 0x3FC, 0x290, 0x470, 0x5C4, 0x000 } }, /* 嫠 */
	{ 0xE6CC, { 0x27C, 0x010, 0x750, 0x5FC, 0x540, 0x540, 0x27C, 0x38C, 0x484, 0x00C, 0x000, 0x000 } }, /* 嫣 */
	{ 0xE6CD, { 0x000, 0x0FC, 0x400, 0x558, 0x5FC, 0x57C, 0x5B4, 0x3B4, 0x2F4, 0x484, 0x000, 0x000 } }, /* 嫱 */
	{ 0xE6CE, { 0x000, 0x2FC, 0x220, 0x6FC, 0x5AC, 0x500, 0x578, 0x704, 0x310, 0x254, 0x4A0, 0x000 } }, /* 嫖 */
	{ 0xE6CF, { 0x010, 0x050, 0x6FC, 0x5B8, 0x440, 0x438, 0x630, 0x314, 0x414, 0x010, 0x000, 0x000 } }, /* 嫦 */
	{ 0xE6D0, { 0x278, 0x094, 0x6FC, 0x5FC, 0x528, 0x570, 0x66C, 0x350, 0x494, 0x420, 0x000, 0x000 } }, /* 嫘 */
	{ 0xE6D1, { 0x000, 0x000, 0x07C, 0x608, 0x57C, 0x57C, 0x57C, 0x644, 0x310, 0x4FC, 0x010, 0x000 } }, /* 嫜 */
	{ 0xE6D2, { 0x000, 0x210, 0x0FC, 0x778, 0x578, 0x544, 0x528, 0x6FC, 0x37C, 0x444, 0x444, 0x000 } }, /* 嬉 */
	{ 0xE6D3, { 0x200, 0x0FC, 0x67C, 0x5A4, 0x5A4, 0x47C, 0x67C, 0x37C, 0x47C, 0x4FC, 0x000, 0x000 } }, /* 嬗 */
	{ 0xE6D4, { 0x000, 0x010, 0x4BC, 0x7A8, 0x43C, 0x690, 0x390, 0x090, 0x1B0, 0x0F0, 0x78C, 0x000 } }, /* 嬖 */
	{ 0xE6D5, { 0x040, 0x75C, 0x77C, 0x338, 0x7BC, 0x288, 0x75C, 0x174, 0x594, 0x024, 0x000, 0x000 } }, /* 嬲 */
	{ 0xE6D6, { 0x000, 0x010, 0x0FC, 0x4A0, 0x5AC, 0x5AC, 0x4BC, 0x680, 0x3D0, 0x524, 0x124, 0x000 } }, /* 嬷 */
	{ 0xE6D7, { 0x07C, 0x410, 0x6B4, 0x558, 0x448, 0x45C, 0x65C, 0x374, 0x4D4, 0x054, 0x000, 0x000 } }, /* 孀 */
	{ 0xE6D8, { 0x3F0, 0x090, 0x01C, 0x104, 0x244, 0x048, 0x140, 0x248, 0x444, 0x0C0, 0x000, 0x000 } }, /* 尕 */
	{ 0xE6D9, { 0x000, 0x040, 0x358, 0x44C, 0x080, 0x7FC, 0x110, 0x64C, 0x150, 0x248, 0x0C0, 0x000 } }, /* 尜 */
	{ 0xE6DA, { 0x01C, 0x700, 0x248, 0x040, 0x3F8, 0x060, 0x7FC, 0x040, 0x040, 0x0C0, 0x000, 0x000 } }, /* 孚 */
	{ 0xE6DB, { 0x000, 0x200, 0x7A8, 0x2A8, 0x198, 0x664, 0x3F8, 0x020, 0x7FC, 0x040, 0x0C0, 0x000 } }, /* 孥 */
	{ 0xE6DC, { 0x000, 0x110, 0x7FC, 0x210, 0x7B8, 0x2B4, 0x620, 0x3F8, 0x060, 0x040, 0x040, 0x000 } }, /* 孳 */
	{ 0xE6DD, { 0x000, 0x21C, 0x030, 0x060, 0x07C, 0x3E0, 0x440, 0x040, 0x040, 0x0C0, 0x000, 0x000 } }, /* 孑 */
	{ 0xE6DE, { 0x000, 0x000, 0x018, 0x020, 0x240, 0x340, 0x0C0, 0x07C, 0x040, 0x040, 0x0C0, 0x000 } }, /* 孓 */
	{ 0xE6DF, { 0x000, 0x020, 0x160, 0x344, 0x2C4, 0x254, 0x654, 0x274, 0x240, 0x244, 0x63C, 0x000 } }, /* 孢 */
	{ 0xE6E0, { 0x000, 0x108, 0x100, 0x538, 0x500, 0x700, 0x038, 0x600, 0x044, 0x300, 0x000, 0x000 } }, /* 驵 */
	{ 0xE6E1, { 0x000, 0x17C, 0x124, 0x424, 0x424, 0x724, 0x14C, 0x704, 0x144, 0x344, 0x000, 0x000 } }, /* 驷 */
	{ 0xE6E2, { 0x020, 0x700, 0x144, 0x54C, 0x400, 0x710, 0x100, 0x700, 0x100, 0x308, 0x000, 0x000 } }, /* 驸 */
	{ 0xE6E3, { 0x010, 0x73C, 0x520, 0x548, 0x53C, 0x784, 0x0BC, 0x684, 0x084, 0x104, 0x000, 0x000 } }, /* 驺 */
	{ 0xE6E4, { 0x000, 0x168, 0x528, 0x530, 0x544, 0x710, 0x010, 0x710, 0x110, 0x310, 0x000, 0x000 } }, /* 驿 */
	{ 0xE6E5, { 0x200, 0x7AC, 0x288, 0x198, 0x624, 0x1F0, 0x110, 0x00C, 0x3E0, 0x008, 0x000, 0x000 } }, /* 驽 */
	{ 0xE6E6, { 0x000, 0x010, 0x100, 0x520, 0x56C, 0x500, 0x780, 0x0A4, 0x684, 0x0BC, 0x104, 0x000 } }, /* 骀 */
	{ 0xE6E7, { 0x000, 0x738, 0x120, 0x518, 0x57C, 0x700, 0x17C, 0x730, 0x150, 0x3CC, 0x000, 0x000 } }, /* 骁 */
	{ 0xE6E8, { 0x000, 0x740, 0x14C, 0x5D8, 0x450, 0x74C, 0x100, 0x57C, 0x110, 0x310, 0x000, 0x000 } }, /* 骅 */
	{ 0xE6E9, { 0x008, 0x128, 0x558, 0x528, 0x528, 0x77C, 0x028, 0x628, 0x148, 0x388, 0x000, 0x000 } }, /* 骈 */
	{ 0xE6EA, { 0x000, 0x000, 0x400, 0x4A0, 0x4A8, 0x7EC, 0x1E4, 0x5A0, 0x1A0, 0x2A4, 0x000, 0x000 } }, /* 骊 */
	{ 0xE6EB, { 0x000, 0x708, 0x17C, 0x528, 0x508, 0x738, 0x108, 0x700, 0x128, 0x344, 0x000, 0x000 } }, /* 骐 */
	{ 0xE6EC, { 0x038, 0x154, 0x57C, 0x554, 0x538, 0x710, 0x110, 0x738, 0x154, 0x310, 0x000, 0x000 } }, /* 骒 */
	{ 0xE6ED, { 0x000, 0x020, 0x140, 0x17C, 0x5C0, 0x57C, 0x740, 0x07C, 0x640, 0x178, 0x340, 0x000 } }, /* 骓 */
	{ 0xE6EE, { 0x000, 0x020, 0x348, 0x574, 0x4FC, 0x428, 0x754, 0x168, 0x534, 0x148, 0x260, 0x000 } }, /* 骖 */
	{ 0xE6EF, { 0x010, 0x55C, 0x4FC, 0x554, 0x430, 0x0E0, 0x008, 0x1FC, 0x3E4, 0x00C, 0x000, 0x000 } }, /* 骘 */
	{ 0xE6F0, { 0x010, 0x0B4, 0x3A8, 0x318, 0x538, 0x360, 0x010, 0x1F8, 0x000, 0x008, 0x000, 0x000 } }, /* 骛 */
	{ 0xE6F1, { 0x000, 0x110, 0x11C, 0x120, 0x798, 0x298, 0x4A0, 0x110, 0x1F8, 0x7E4, 0x008, 0x000 } }, /* 骜 */
	{ 0xE6F2, { 0x020, 0x10C, 0x528, 0x570, 0x554, 0x77C, 0x154, 0x77C, 0x154, 0x37C, 0x000, 0x000 } }, /* 骝 */
	{ 0xE6F3, { 0x010, 0x77C, 0x500, 0x47C, 0x400, 0x714, 0x118, 0x594, 0x190, 0x294, 0x000, 0x000 } }, /* 骟 */
	{ 0xE6F4, { 0x000, 0x030, 0x47C, 0x4A4, 0x478, 0x778, 0x100, 0x110, 0x148, 0x0A4, 0x000, 0x000 } }, /* 骠 */
	{ 0xE6F5, { 0x000, 0x010, 0x17C, 0x514, 0x56C, 0x55C, 0x77C, 0x110, 0x574, 0x1A0, 0x338, 0x000 } }, /* 骢 */
	{ 0xE6F6, { 0x6F8, 0x284, 0x6F8, 0x698, 0x6FC, 0x290, 0x2E4, 0x36C, 0x34C, 0x148, 0x000, 0x000 } }, /* 骣 */
	{ 0xE6F7, { 0x020, 0x728, 0x16C, 0x57C, 0x554, 0x754, 0x028, 0x728, 0x17C, 0x344, 0x000, 0x000 } }, /* 骥 */
	{ 0xE6F8, { 0x010, 0x100, 0x56C, 0x56C, 0x57C, 0x77C, 0x128, 0x534, 0x168, 0x324, 0x000, 0x000 } }, /* 骧 */
	{ 0xE6F9, { 0x000, 0x100, 0x200, 0x480, 0x780, 0x100, 0x200, 0x780, 0x000, 0x380, 0x400, 0x000 } }, /* 纟 */
	{ 0xE6FA, { 0x200, 0x27C, 0x410, 0x510, 0x210, 0x010, 0x710, 0x010, 0x710, 0x030, 0x000, 0x000 } }, /* 纡 */
	{ 0xE6FB, { 0x000, 0x208, 0x408, 0x50C, 0x208, 0x228, 0x728, 0x008, 0x788, 0x018, 0x000, 0x000 } }, /* 纣 */
	{ 0xE6FC, { 0x000, 0x220, 0x220, 0x4E0, 0x540, 0x23C, 0x218, 0x710, 0x020, 0x700, 0x03C, 0x000 } }, /* 纥 */
	{ 0xE6FD, { 0x000, 0x220, 0x4B8, 0x528, 0x228, 0x268, 0x738, 0x048, 0x748, 0x084, 0x000, 0x000 } }, /* 纨 */
	{ 0xE6FE, { 0x000, 0x010, 0x208, 0x4FC, 0x740, 0x240, 0x640, 0x640, 0x140, 0x480, 0x080, 0x000 } }, /* 纩 */
	{ 0xE7A1, { 0x200, 0x27C, 0x400, 0x500, 0x37C, 0x210, 0x720, 0x028, 0x344, 0x474, 0x000, 0x000 } }, /* 纭 */
	{ 0xE7A2, { 0x000, 0x000, 0x240, 0x440, 0x544, 0x268, 0x240, 0x740, 0x040, 0x76A, 0x04C, 0x000 } }, /* 纰 */
	{ 0xE7A3, { 0x000, 0x20C, 0x430, 0x510, 0x27C, 0x214, 0x710, 0x010, 0x710, 0x030, 0x000, 0x000 } }, /* 纾 */
	{ 0xE7A4, { 0x000, 0x240, 0x46C, 0x544, 0x740, 0x278, 0x740, 0x040, 0x178, 0x444, 0x000, 0x000 } }, /* 绀 */
	{ 0xE7A5, { 0x000, 0x000, 0x450, 0x550, 0x5FC, 0x250, 0x450, 0x758, 0x040, 0x340, 0x07C, 0x000 } }, /* 绁 */
	{ 0xE7A6, { 0x020, 0x220, 0x47C, 0x520, 0x238, 0x260, 0x748, 0x098, 0x718, 0x044, 0x000, 0x000 } }, /* 绂 */
	{ 0xE7A7, { 0x000, 0x220, 0x438, 0x548, 0x548, 0x27C, 0x204, 0x77C, 0x004, 0x704, 0x004, 0x000 } }, /* 绉 */
	{ 0xE7A8, { 0x000, 0x020, 0x020, 0x47C, 0x72C, 0x2F8, 0x4A0, 0x67C, 0x000, 0x64C, 0x080, 0x000 } }, /* 绋 */
	{ 0xE7A9, { 0x000, 0x010, 0x214, 0x454, 0x554, 0x27C, 0x010, 0x754, 0x014, 0x754, 0x004, 0x000 } }, /* 绌 */
	{ 0xE7AA, { 0x000, 0x200, 0x220, 0x508, 0x55C, 0x200, 0x000, 0x744, 0x044, 0x77C, 0x044, 0x000 } }, /* 绐 */
	{ 0xE7AB, { 0x000, 0x27C, 0x420, 0x548, 0x2B4, 0x200, 0x720, 0x038, 0x700, 0x018, 0x000, 0x000 } }, /* 绔 */
	{ 0xE7AC, { 0x200, 0x05C, 0x580, 0x740, 0x24C, 0x4C0, 0x640, 0x040, 0x740, 0x048, 0x000, 0x000 } }, /* 绗 */
	{ 0xE7AD, { 0x220, 0x038, 0x568, 0xF30, 0x27C, 0x010, 0x710, 0x050, 0x710, 0x010, 0x000, 0x000 } }, /* 绛 */
	{ 0xE7AE, { 0x200, 0x034, 0x478, 0x794, 0x27C, 0x014, 0x770, 0x060, 0x760, 0x0CC, 0x000, 0x000 } }, /* 绠 */
	{ 0xE7AF, { 0x010, 0x254, 0x410, 0x510, 0x244, 0x07C, 0x744, 0x07C, 0x744, 0x04C, 0x000, 0x000 } }, /* 绡 */
	{ 0xE7B0, { 0x000, 0x008, 0x228, 0x47C, 0x514, 0x27C, 0x250, 0x734, 0x030, 0x754, 0x090, 0x000 } }, /* 绨 */
	{ 0xE7B1, { 0x010, 0x27C, 0x410, 0x57C, 0x244, 0x2B0, 0x728, 0x068, 0x718, 0x044, 0x000, 0x000 } }, /* 绫 */
	{ 0xE7B2, { 0x210, 0x07C, 0x530, 0xF44, 0x2FC, 0x404, 0x754, 0x054, 0x754, 0x008, 0x000, 0x000 } }, /* 绮 */
	{ 0xE7B3, { 0x200, 0x228, 0x46C, 0x528, 0x268, 0x028, 0x728, 0x06C, 0x728, 0x028, 0x000, 0x000 } }, /* 绯 */
	{ 0xE7B4, { 0x210, 0x014, 0x450, 0x510, 0x2C4, 0x090, 0x6A8, 0x0A8, 0x780, 0x084, 0x000, 0x000 } }, /* 绱 */
	{ 0xE7B5, { 0x000, 0x200, 0x444, 0x57C, 0x544, 0x278, 0x000, 0x774, 0x010, 0x650, 0x0DC, 0x000 } }, /* 绲 */
	{ 0xE7B6, { 0x000, 0x20C, 0x410, 0x57C, 0x650, 0x254, 0x47C, 0x650, 0x0FC, 0x410, 0x07C, 0x000 } }, /* 缍 */
	{ 0xE7B7, { 0x000, 0x21C, 0x400, 0x550, 0xF48, 0x284, 0x478, 0x648, 0x030, 0x630, 0x0CC, 0x000 } }, /* 绶 */
	{ 0xE7B8, { 0x000, 0x048, 0x068, 0x54C, 0x7E8, 0x228, 0x44C, 0x738, 0x044, 0x74C, 0x044, 0x000 } }, /* 绺 */
	{ 0xE7B9, { 0x000, 0x000, 0x248, 0x47C, 0x520, 0x27C, 0x048, 0x7EC, 0x018, 0x604, 0x03C, 0x000 } }, /* 绻 */
	{ 0xE7BA, { 0x000, 0x210, 0x27C, 0x480, 0x738, 0x244, 0x078, 0x740, 0x064, 0x744, 0x044, 0x000 } }, /* 绾 */
	{ 0xE7BB, { 0x000, 0x254, 0x0A0, 0x4A8, 0xF54, 0x200, 0x4F4, 0x654, 0x054, 0x754, 0x0C4, 0x000 } }, /* 缁 */
	{ 0xE7BC, { 0x248, 0x248, 0x448, 0x538, 0x278, 0x094, 0x77C, 0x010, 0x630, 0x010, 0x000, 0x000 } }, /* 缂 */
	{ 0xE7BD, { 0x000, 0x05C, 0x454, 0x4D4, 0x254, 0x4F4, 0x6DC, 0x054, 0x65C, 0x054, 0x000, 0x000 } }, /* 缃 */
	{ 0xE7BE, { 0x200, 0x244, 0x57C, 0x744, 0x200, 0x07C, 0x710, 0x05C, 0x6F0, 0x09C, 0x000, 0x000 } }, /* 缇 */
	{ 0xE7BF, { 0x000, 0x4C8, 0x488, 0x7FC, 0x2A8, 0x4E8, 0x684, 0x0C8, 0x698, 0x020, 0x000, 0x000 } }, /* 缈 */
	{ 0xE7C0, { 0x210, 0x27C, 0x454, 0x510, 0x2FC, 0x07C, 0x644, 0x044, 0x728, 0x044, 0x000, 0x000 } }, /* 缋 */
	{ 0xE7C1, { 0x200, 0x274, 0x414, 0x57C, 0x214, 0x27C, 0x710, 0x0B4, 0x6A0, 0x0B8, 0x000, 0x000 } }, /* 缌 */
	{ 0xE7C2, { 0x240, 0x45C, 0x588, 0x7A8, 0x2BC, 0x428, 0x63C, 0x118, 0x418, 0x024, 0x000, 0x000 } }, /* 缏 */
	{ 0xE7C3, { 0x240, 0x448, 0x4BC, 0x780, 0x3BC, 0x4A0, 0x6BC, 0x098, 0x794, 0x0A4, 0x000, 0x000 } }, /* 缑 */
	{ 0xE7C4, { 0x010, 0x210, 0x404, 0x514, 0x250, 0x050, 0x654, 0x054, 0x740, 0x0BC, 0x000, 0x000 } }, /* 缒 */
	{ 0xE7C5, { 0x000, 0x204, 0x4F8, 0x550, 0x210, 0x2CC, 0x778, 0x048, 0x740, 0x078, 0x000, 0x000 } }, /* 缗 */
	{ 0xE7C6, { 0x200, 0x230, 0x494, 0x510, 0x2FC, 0x000, 0x748, 0x078, 0x708, 0x078, 0x000, 0x000 } }, /* 缙 */
	{ 0xE7C7, { 0x210, 0x07C, 0x530, 0x748, 0x248, 0x448, 0x678, 0x07C, 0x648, 0x084, 0x000, 0x000 } }, /* 缜 */
	{ 0xE7C8, { 0x200, 0x480, 0x5BC, 0x6FC, 0x284, 0x4A8, 0x680, 0x0FC, 0x720, 0x108, 0x000, 0x000 } }, /* 缛 */
	{ 0xE7C9, { 0x210, 0x2FC, 0x400, 0x544, 0x278, 0x07C, 0x780, 0x0A8, 0x7BC, 0x084, 0x000, 0x000 } }, /* 缟 */
	{ 0xE7CA, { 0x200, 0x0FC, 0x400, 0x5B4, 0x284, 0x430, 0x6FC, 0x0A4, 0x6AC, 0x084, 0x000, 0x000 } }, /* 缡 */
	{ 0xE7CB, { 0x000, 0x248, 0x208, 0x4FC, 0x548, 0x284, 0x47C, 0x624, 0x024, 0x674, 0x0FC, 0x000 } }, /* 缢 */
	{ 0xE7CC, { 0x000, 0x240, 0x258, 0x450, 0x7F8, 0x27C, 0x054, 0x6F8, 0x058, 0x6D4, 0x150, 0x000 } }, /* 缣 */
	{ 0xE7CD, { 0x210, 0x27C, 0x484, 0x538, 0x240, 0x478, 0x648, 0x028, 0x628, 0x0C4, 0x000, 0x000 } }, /* 缤 */
	{ 0xE7CE, { 0x200, 0x020, 0x4FC, 0x7A4, 0x200, 0x478, 0x600, 0x010, 0x614, 0x0A4, 0x000, 0x000 } }, /* 缥 */
	{ 0xE7CF, { 0x078, 0x24C, 0x544, 0x500, 0x2FC, 0x4BC, 0x600, 0x048, 0x638, 0x07C, 0x000, 0x000 } }, /* 缦 */
	{ 0xE7D0, { 0x278, 0x094, 0x4FC, 0x7FC, 0x228, 0x470, 0x66C, 0x030, 0x688, 0x024, 0x000, 0x000 } }, /* 缧 */
	{ 0xE7D1, { 0x000, 0x424, 0x424, 0xFEC, 0x230, 0x44C, 0x620, 0x030, 0x648, 0x060, 0x000, 0x000 } }, /* 缪 */
	{ 0xE7D2, { 0x054, 0x400, 0x554, 0x6FC, 0x2FC, 0x4F4, 0x630, 0x078, 0x658, 0x094, 0x000, 0x000 } }, /* 缫 */
	{ 0xE7D3, { 0x000, 0x41C, 0x4C8, 0x214, 0x4CC, 0x40C, 0x6CC, 0x050, 0x6D4, 0x020, 0x000, 0x000 } }, /* 缬 */
	{ 0xE7D4, { 0x000, 0x0FC, 0x430, 0xE48, 0x2FC, 0x478, 0x648, 0x010, 0x68C, 0x020, 0x000, 0x000 } }, /* 缭 */
	{ 0xE7D5, { 0x000, 0x208, 0x228, 0x4D4, 0xF7C, 0x254, 0x000, 0x77C, 0x044, 0x744, 0x07C, 0x000 } }, /* 缯 */
	{ 0xE7D6, { 0x000, 0x2FC, 0x400, 0x4F4, 0xEB4, 0x278, 0x47C, 0x6F4, 0x0F4, 0x678, 0x0FC, 0x000 } }, /* 缰 */
	{ 0xE7D7, { 0x010, 0x0B4, 0x43C, 0x67C, 0x2BC, 0x4BC, 0x6A0, 0x0A4, 0x4BC, 0x13C, 0x000, 0x000 } }, /* 缱 */
	{ 0xE7D8, { 0x278, 0x048, 0x478, 0xFCC, 0x2A4, 0x4CC, 0x630, 0x078, 0xC48, 0x084, 0x000, 0x000 } }, /* 缲 */
	{ 0xE7D9, { 0x27C, 0x0A4, 0x47C, 0x6C4, 0x200, 0x444, 0x678, 0x054, 0x4C8, 0x064, 0x000, 0x000 } }, /* 缳 */
	{ 0xE7DA, { 0x040, 0x4DC, 0x448, 0x6DC, 0x2F4, 0x410, 0x678, 0x020, 0x428, 0x0C4, 0x000, 0x000 } }, /* 缵 */
	{ 0xE7DB, { 0x000, 0x040, 0x080, 0x088, 0x110, 0x3E0, 0x040, 0x088, 0x108, 0x7FC, 0x004, 0x000 } }, /* 幺 */
	{ 0xE7DC, { 0x240, 0x554, 0x658, 0x75C, 0x040, 0x7FC, 0x7A8, 0x7B8, 0x790, 0x06C, 0x000, 0x000 } }, /* 畿 */
	{ 0xE7DD, { 0x000, 0x000, 0x224, 0x248, 0x048, 0x480, 0x490, 0x448, 0x248, 0x224, 0x020, 0x000 } }, /* 巛 */
	{ 0xE7DE, { 0x240, 0x648, 0x4C8, 0x244, 0x200, 0x644, 0x444, 0x64C, 0x444, 0x7FC, 0x000, 0x000 } }, /* 甾 */
	{ 0xE7DF, { 0x000, 0x248, 0x6D8, 0x248, 0x208, 0x3F8, 0x7F8, 0x444, 0x7FC, 0x400, 0x7FC, 0x000 } }, /* 邕 */
	{ 0xE7E0, { 0x7BC, 0x218, 0x208, 0x208, 0x708, 0x208, 0x208, 0x388, 0x410, 0x030, 0x000, 0x000 } }, /* 玎 */
	{ 0xE7E1, { 0x000, 0x778, 0x248, 0x248, 0x748, 0x248, 0x248, 0x3C8, 0x68C, 0x08C, 0x000, 0x000 } }, /* 玑 */
	{ 0xE7E2, { 0x000, 0x720, 0x27C, 0x230, 0x730, 0x200, 0x27C, 0x304, 0x40C, 0x000, 0x000, 0x000 } }, /* 玮 */
	{ 0xE7E3, { 0x000, 0x748, 0x248, 0x204, 0x7FC, 0x228, 0x228, 0x308, 0x448, 0x098, 0x000, 0x000 } }, /* 玢 */
	{ 0xE7E4, { 0x000, 0x020, 0x700, 0x2FC, 0x248, 0x748, 0x248, 0x230, 0x330, 0x478, 0x084, 0x000 } }, /* 玟 */
	{ 0xE7E5, { 0x000, 0x000, 0x710, 0x210, 0x210, 0x77C, 0x210, 0x214, 0x394, 0x610, 0x07C, 0x000 } }, /* 珏 */
	{ 0xE7E6, { 0x000, 0x77C, 0x200, 0x260, 0x700, 0x200, 0x260, 0x340, 0x400, 0x008, 0x000, 0x000 } }, /* 珂 */
	{ 0xE7E7, { 0x000, 0x020, 0x728, 0x260, 0x230, 0x730, 0x214, 0x258, 0x350, 0x4B0, 0x11C, 0x000 } }, /* 珑 */
	{ 0xE7E8, { 0x000, 0x700, 0x21C, 0x200, 0x700, 0x27C, 0x244, 0x344, 0x67C, 0x044, 0x000, 0x000 } }, /* 玷 */
	{ 0xE7E9, { 0x050, 0x754, 0x254, 0x2DC, 0x670, 0x250, 0x240, 0x348, 0x44E, 0x044, 0x000, 0x000 } }, /* 玳 */
	{ 0xE7EA, { 0x000, 0x010, 0x720, 0x27C, 0x244, 0x744, 0x27C, 0x244, 0x244, 0xE7C, 0x044, 0x000 } }, /* 珀 */
	{ 0xE7EB, { 0x000, 0x744, 0x244, 0x27C, 0x750, 0x254, 0x250, 0x740, 0x068, 0x044, 0x000, 0x000 } }, /* 珉 */
	{ 0xE7EC, { 0x000, 0x000, 0x6EC, 0x224, 0x624, 0x6A4, 0x2A4, 0x2A4, 0x7AC, 0x140, 0x000, 0x000 } }, /* 珈 */
	{ 0xE7ED, { 0x000, 0x76C, 0x248, 0x278, 0x748, 0x278, 0x248, 0x35C, 0x448, 0x008, 0x000, 0x000 } }, /* 珥 */
	{ 0xE7EE, { 0x008, 0x028, 0x228, 0x228, 0x628, 0x228, 0x27C, 0x308, 0x444, 0x080, 0x000, 0x000 } }, /* 珙 */
	{ 0xE7EF, { 0x000, 0x730, 0x210, 0x244, 0x754, 0x254, 0x244, 0x324, 0x428, 0x084, 0x000, 0x000 } }, /* 顼 */
	{ 0xE7F0, { 0x000, 0x66C, 0x084, 0x084, 0x6F4, 0x044, 0x042, 0x684, 0x100, 0x040, 0x000, 0x000 } }, /* 琊 */
	{ 0xE7F1, { 0x000, 0xF5C, 0x280, 0x240, 0x75C, 0x2C8, 0x248, 0x348, 0x448, 0x048, 0x000, 0x000 } }, /* 珩 */
	{ 0xE7F2, { 0x000, 0x730, 0x214, 0x2DC, 0x710, 0x258, 0x2D4, 0x350, 0x450, 0x18C, 0x000, 0x000 } }, /* 珧 */
	{ 0xE7F3, { 0x000, 0x020, 0x77C, 0x268, 0x2B0, 0x738, 0x2C4, 0x278, 0x340, 0x468, 0x048, 0x000 } }, /* 珞 */
	{ 0xE7F4, { 0x000, 0x100, 0x3FC, 0x440, 0x358, 0x4C4, 0x7F8, 0x040, 0x3F8, 0x040, 0x7FC, 0x000 } }, /* 玺 */
	{ 0xE7F5, { 0x000, 0x7C4, 0x220, 0x2FC, 0x740, 0x250, 0x210, 0x310, 0x010, 0x010, 0x000, 0x000 } }, /* 珲 */
	{ 0xE7F6, { 0x000, 0x010, 0x690, 0x010, 0x028, 0x6BC, 0x088, 0x088, 0x688, 0x4C8, 0x03C, 0x000 } }, /* 琏 */
	{ 0xE7F7, { 0x040, 0x76C, 0x248, 0x278, 0x648, 0x278, 0x248, 0x300, 0x448, 0x084, 0x000, 0x000 } }, /* 琪 */
	{ 0xE7F8, { 0x048, 0x6FC, 0x048, 0x030, 0x67C, 0x004, 0x0FC, 0x630, 0x048, 0x084, 0x000, 0x000 } }, /* 瑛 */
	{ 0xE7F9, { 0x000, 0x778, 0x230, 0x248, 0x7FC, 0x200, 0x250, 0x350, 0x450, 0x008, 0x000, 0x000 } }, /* 琦 */
	{ 0xE7FA, { 0x020, 0x63C, 0x2FC, 0x0A4, 0x6E0, 0x09C, 0x080, 0x3A8, 0x408, 0x14C, 0x000, 0x000 } }, /* 琥 */
	{ 0xE7FB, { 0x000, 0x078, 0x744, 0x27C, 0x244, 0x700, 0x210, 0x2DC, 0x390, 0x4F0, 0x08C, 0x000 } }, /* 琨 */
	{ 0xE7FC, { 0x000, 0x744, 0x230, 0x228, 0x7C4, 0x210, 0x254, 0x330, 0x448, 0x084, 0x000, 0x000 } }, /* 琰 */
	{ 0xE7FD, { 0x000, 0x730, 0x284, 0x200, 0x700, 0x27C, 0x210, 0x350, 0x494, 0x030, 0x000, 0x000 } }, /* 琮 */
	{ 0xE7FE, { 0x010, 0x7FC, 0x284, 0x240, 0x6F4, 0x2B4, 0x274, 0x350, 0x450, 0x08C, 0x000, 0x000 } }, /* 琬 */
	{ 0xE8A1, { 0x07C, 0x784, 0x248, 0x244, 0x700, 0x2FC, 0x230, 0x348, 0x484, 0x000, 0x000, 0x000 } }, /* 琛 */
	{ 0xE8A2, { 0x000, 0x744, 0x244, 0x250, 0x650, 0x210, 0x290, 0x3A4, 0x4A4, 0x124, 0x000, 0x000 } }, /* 琚 */
	{ 0xE8A3, { 0x07C, 0x780, 0x280, 0x238, 0x700, 0x244, 0x244, 0x344, 0x444, 0x07C, 0x000, 0x000 } }, /* 瑁 */
	{ 0xE8A4, { 0x000, 0x020, 0x750, 0x058, 0x000, 0x6E4, 0x0B4, 0x0B4, 0x3F4, 0x4A4, 0x088, 0x000 } }, /* 瑜 */
	{ 0xE8A5, { 0x000, 0x01C, 0x700, 0x208, 0x2FC, 0x720, 0x260, 0x278, 0x368, 0x0B0, 0x04C, 0x000 } }, /* 瑗 */
	{ 0xE8A6, { 0x068, 0x6A4, 0x0A4, 0x0E8, 0x680, 0x094, 0x084, 0x388, 0x498, 0x0A4, 0x000, 0x000 } }, /* 瑕 */
	{ 0xE8A7, { 0x040, 0x714, 0x2A8, 0x254, 0x720, 0x284, 0x2B4, 0x3B4, 0x4E4, 0x084, 0x000, 0x000 } }, /* 瑙 */
	{ 0xE8A8, { 0x01C, 0x740, 0x040, 0x0FC, 0x7A0, 0x07C, 0x078, 0x368, 0x490, 0x06C, 0x000, 0x000 } }, /* 瑷 */
	{ 0xE8A9, { 0x010, 0x7FC, 0x090, 0x094, 0x6FC, 0x094, 0x090, 0x3FC, 0x444, 0x164, 0x000, 0x000 } }, /* 瑭 */
	{ 0xE8AA, { 0x000, 0x048, 0x6FC, 0x248, 0x030, 0x6B4, 0x2FC, 0x078, 0x330, 0x410, 0x0FC, 0x000 } }, /* 瑾 */
	{ 0xE8AB, { 0x000, 0x67C, 0x208, 0x2FC, 0x630, 0x294, 0x2FC, 0x3FC, 0x448, 0x084, 0x000, 0x000 } }, /* 璜 */
	{ 0xE8AC, { 0x000, 0x6B4, 0x0FC, 0x4BC, 0x688, 0x094, 0x020, 0x658, 0x030, 0x0C8, 0x000, 0x000 } }, /* 璎 */
	{ 0xE8AD, { 0x010, 0x714, 0x27C, 0x250, 0x7FC, 0x2D4, 0x210, 0x37C, 0x450, 0x040, 0x000, 0x000 } }, /* 璀 */
	{ 0xE8AE, { 0x000, 0x000, 0x77C, 0x234, 0x274, 0x734, 0x27C, 0x200, 0x3D4, 0x480, 0x038, 0x000 } }, /* 璁 */
	{ 0xE8AF, { 0x010, 0x610, 0x0E0, 0x090, 0x6CC, 0x0C8, 0x04C, 0x758, 0x178, 0x024, 0x000, 0x000 } }, /* 璇 */
	{ 0xE8B0, { 0x000, 0x000, 0x77C, 0x048, 0x000, 0x6FC, 0x0FC, 0x0C4, 0x730, 0x0FC, 0x000, 0x000 } }, /* 璋 */
	{ 0xE8B1, { 0x020, 0x734, 0x2FC, 0x208, 0x67C, 0x210, 0x230, 0x3FC, 0x430, 0x0C4, 0x000, 0x000 } }, /* 璞 */
	{ 0xE8B2, { 0x040, 0x644, 0x0E4, 0x02C, 0x654, 0x080, 0x048, 0x6FC, 0x048, 0x184, 0x000, 0x000 } }, /* 璨 */
	{ 0xE8B3, { 0x020, 0x620, 0x0A4, 0x0F0, 0x698, 0x0A0, 0x0E8, 0x738, 0x174, 0x090, 0x000, 0x000 } }, /* 璩 */
	{ 0xE8B4, { 0x000, 0x010, 0x7DC, 0x0B4, 0x0E8, 0x65C, 0x140, 0x15C, 0x714, 0x5D4, 0x114, 0x000 } }, /* 璐 */
	{ 0xE8B5, { 0x000, 0x000, 0x4BC, 0x788, 0x598, 0x2BC, 0x000, 0x3FC, 0x040, 0x050, 0x7FC, 0x000 } }, /* 璧 */
	{ 0xE8B6, { 0x048, 0x7DC, 0x048, 0x0D8, 0x654, 0x070, 0x0A8, 0x6A0, 0x038, 0x184, 0x000, 0x000 } }, /* 瓒 */
	{ 0xE8B7, { 0x000, 0x2E8, 0x404, 0x30C, 0x3FC, 0x0E0, 0x7FE, 0x3F8, 0x040, 0x050, 0x7FC, 0x000 } }, /* 璺 */
	{ 0xE8B8, { 0x000, 0x310, 0x4BC, 0x790, 0x7B8, 0x010, 0x13C, 0x514, 0x51C, 0x710, 0x07C, 0x000 } }, /* 韪 */
	{ 0xE8B9, { 0x000, 0x038, 0x644, 0x07C, 0x744, 0x000, 0x77C, 0x164, 0x164, 0x364, 0x0FC, 0x000 } }, /* 韫 */
	{ 0xE8BA, { 0x000, 0x278, 0x214, 0x254, 0x200, 0x24C, 0x2C4, 0x244, 0x27C, 0x244, 0x000, 0x000 } }, /* 韬 */
	{ 0xE8BB, { 0x000, 0x200, 0x27C, 0x328, 0x228, 0x328, 0x708, 0x248, 0x248, 0x28C, 0x200, 0x000 } }, /* 杌 */
	{ 0xE8BC, { 0x000, 0x020, 0x020, 0x7BC, 0x244, 0x304, 0x6A4, 0x414, 0x004, 0x004, 0x008, 0x000 } }, /* 杓 */
	{ 0xE8BD, { 0x000, 0x200, 0x27C, 0x704, 0x204, 0x37C, 0x740, 0x640, 0x240, 0x244, 0x238, 0x000 } }, /* 杞 */
	{ 0xE8BE, { 0x200, 0x24C, 0x750, 0x258, 0x328, 0x730, 0x610, 0x238, 0x2CC, 0x200, 0x000, 0x000 } }, /* 杈 */
	{ 0xE8BF, { 0x200, 0x208, 0x748, 0x248, 0x348, 0x77C, 0x604, 0x2F4, 0x204, 0x208, 0x000, 0x000 } }, /* 杩 */
	{ 0xE8C0, { 0x000, 0x200, 0x27C, 0x750, 0x250, 0x254, 0x714, 0x204, 0x2A4, 0x2A4, 0x248, 0x000 } }, /* 枥 */
	{ 0xE8C1, { 0x000, 0x200, 0x250, 0x750, 0x274, 0x258, 0x750, 0x250, 0x250, 0x264, 0x200, 0x000 } }, /* 枇 */
	{ 0xE8C2, { 0x000, 0x210, 0x210, 0x210, 0x254, 0x350, 0x794, 0x618, 0x208, 0x230, 0x2C0, 0x000 } }, /* 杪 */
	{ 0xE8C3, { 0x000, 0x040, 0x7FC, 0x0E0, 0x150, 0x64C, 0x3F8, 0x208, 0x308, 0x308, 0x208, 0x000 } }, /* 杳 */
	{ 0xE8C4, { 0x000, 0x210, 0x210, 0x77C, 0x254, 0x254, 0x76C, 0x264, 0x244, 0x244, 0x200, 0x000 } }, /* 枘 */
	{ 0xE8C5, { 0x000, 0x200, 0x244, 0x754, 0x254, 0x244, 0x744, 0x230, 0x230, 0x250, 0x28C, 0x000 } }, /* 枧 */
	{ 0xE8C6, { 0x000, 0x220, 0x220, 0x77C, 0x250, 0x310, 0x7FC, 0x210, 0x210, 0x210, 0x210, 0x000 } }, /* 杵 */
	{ 0xE8C7, { 0x000, 0x240, 0x248, 0x750, 0x240, 0x6FC, 0x750, 0x250, 0x248, 0x264, 0x240, 0x000 } }, /* 枨 */
	{ 0xE8C8, { 0x000, 0x240, 0x240, 0x748, 0x248, 0x748, 0x768, 0x210, 0x294, 0x3A4, 0x200, 0x000 } }, /* 枞 */
	{ 0xE8C9, { 0x000, 0x000, 0x3F8, 0x288, 0x210, 0x3FC, 0x004, 0x3F4, 0x160, 0x218, 0x000, 0x000 } }, /* 枭 */
	{ 0xE8CA, { 0x000, 0x200, 0x200, 0x7FC, 0x220, 0x638, 0x704, 0x240, 0x240, 0x2C8, 0x280, 0x000 } }, /* 枋 */
	{ 0xE8CB, { 0x000, 0x200, 0x254, 0x754, 0x254, 0x654, 0x744, 0x240, 0x240, 0x244, 0x200, 0x000 } }, /* 杷 */
	{ 0xE8CC, { 0x200, 0x20C, 0x230, 0x230, 0x27C, 0x714, 0x610, 0x210, 0x210, 0x220, 0x000, 0x000 } }, /* 杼 */
	{ 0xE8CD, { 0x040, 0x7FC, 0x1F0, 0x358, 0x444, 0x000, 0x7FC, 0x150, 0x64C, 0x0C0, 0x000, 0x000 } }, /* 柰 */
	{ 0xE8CE, { 0x000, 0x208, 0x278, 0x268, 0x200, 0x27C, 0x724, 0x224, 0x224, 0x220, 0x220, 0x000 } }, /* 栉 */
	{ 0xE8CF, { 0x000, 0x200, 0x27C, 0x320, 0x220, 0x378, 0x664, 0x2A4, 0x224, 0x23C, 0x204, 0x000 } }, /* 柘 */
	{ 0xE8D0, { 0x220, 0x228, 0x77C, 0x230, 0x214, 0x754, 0x258, 0x290, 0x2B4, 0x20C, 0x000, 0x000 } }, /* 栊 */
	{ 0xE8D1, { 0x000, 0x200, 0x250, 0x790, 0x238, 0x228, 0x788, 0x61C, 0x224, 0x240, 0x200, 0x000 } }, /* 柩 */
	{ 0xE8D2, { 0x000, 0x200, 0x210, 0x710, 0x254, 0x318, 0x610, 0x210, 0x210, 0x210, 0x210, 0x000 } }, /* 枰 */
	{ 0xE8D3, { 0x210, 0x21C, 0x710, 0x27C, 0x344, 0x664, 0x644, 0x240, 0x240, 0x280, 0x000, 0x000 } }, /* 栌 */
	{ 0xE8D4, { 0x000, 0x200, 0x254, 0x754, 0x27C, 0x354, 0x754, 0x254, 0x210, 0x210, 0x210, 0x000 } }, /* 柙 */
	{ 0xE8D5, { 0x000, 0x038, 0x004, 0x7A4, 0x200, 0x300, 0x7A0, 0x03C, 0x004, 0x204, 0x008, 0x000 } }, /* 枵 */
	{ 0xE8D6, { 0x000, 0x210, 0x210, 0x77C, 0x254, 0x254, 0x77C, 0x654, 0x254, 0x27C, 0x200, 0x000 } }, /* 柚 */
	{ 0xE8D7, { 0x000, 0x000, 0x24C, 0x744, 0x244, 0x344, 0x7B8, 0x600, 0x22C, 0x244, 0x000, 0x000 } }, /* 枳 */
	{ 0xE8D8, { 0x000, 0x200, 0x260, 0x740, 0x27C, 0x348, 0x748, 0x258, 0x24C, 0x288, 0x208, 0x000 } }, /* 柝 */
	{ 0xE8D9, { 0x000, 0x200, 0x240, 0x240, 0x240, 0x218, 0x720, 0x2A8, 0x2A0, 0x2A4, 0x218, 0x000 } }, /* 栀 */
	{ 0xE8DA, { 0x000, 0x220, 0x230, 0x748, 0x2C4, 0x710, 0x778, 0x208, 0x250, 0x230, 0x210, 0x000 } }, /* 柃 */
	{ 0xE8DB, { 0x000, 0x220, 0x260, 0x744, 0x284, 0x374, 0x754, 0x274, 0x204, 0x204, 0x208, 0x000 } }, /* 枸 */
	{ 0xE8DC, { 0x000, 0x200, 0x270, 0x310, 0x210, 0x27C, 0x710, 0x200, 0x268, 0x24C, 0x200, 0x000 } }, /* 柢 */
	{ 0xE8DD, { 0x000, 0x200, 0x260, 0x750, 0x250, 0x67C, 0x710, 0x250, 0x254, 0x290, 0x220, 0x000 } }, /* 栎 */
	{ 0xE8DE, { 0x000, 0x210, 0x210, 0x784, 0x204, 0x600, 0x738, 0x220, 0x200, 0x224, 0x23C, 0x000 } }, /* 柁 */
	{ 0xE8DF, { 0x000, 0x200, 0x24C, 0x208, 0x230, 0x64C, 0x710, 0x27C, 0x200, 0x230, 0x200, 0x000 } }, /* 柽 */
	{ 0xE8E0, { 0x220, 0x234, 0x728, 0x23C, 0x720, 0x77C, 0x2A0, 0x238, 0x208, 0x218, 0x000, 0x000 } }, /* 栲 */
	{ 0xE8E1, { 0x000, 0x220, 0x224, 0x728, 0x228, 0x630, 0x720, 0x2C8, 0x220, 0x204, 0x238, 0x000 } }, /* 栳 */
	{ 0xE8E2, { 0x000, 0x200, 0x23C, 0x720, 0x220, 0x624, 0x764, 0x268, 0x220, 0x238, 0x200, 0x000 } }, /* 桠 */
	{ 0xE8E3, { 0x000, 0x200, 0x278, 0x728, 0x230, 0x75C, 0x704, 0x278, 0x250, 0x250, 0x28C, 0x000 } }, /* 桡 */
	{ 0xE8E4, { 0x000, 0x200, 0x27C, 0x720, 0x248, 0x6FC, 0x700, 0x230, 0x210, 0x210, 0x2FC, 0x000 } }, /* 桎 */
	{ 0xE8E5, { 0x000, 0x200, 0x21C, 0x700, 0x27C, 0x204, 0x714, 0x204, 0x220, 0x268, 0x284, 0x000 } }, /* 桢 */
	{ 0xE8E6, { 0x000, 0x200, 0x214, 0x750, 0x210, 0x2FC, 0x720, 0x200, 0x240, 0x24A, 0x28C, 0x000 } }, /* 桄 */
	{ 0xE8E7, { 0x210, 0x214, 0x77C, 0x200, 0x37C, 0x604, 0x67C, 0x240, 0x240, 0x27C, 0x000, 0x000 } }, /* 桤 */
	{ 0xE8E8, { 0x000, 0x200, 0x2D8, 0x748, 0x208, 0x3D8, 0x648, 0x6C8, 0x240, 0x2E0, 0x200, 0x000 } }, /* 梃 */
	{ 0xE8E9, { 0x000, 0x200, 0x270, 0x710, 0x27C, 0x310, 0x710, 0x644, 0x244, 0x27C, 0x244, 0x000 } }, /* 栝 */
	{ 0xE8EA, { 0x000, 0x200, 0x26C, 0x744, 0x244, 0x244, 0x744, 0x644, 0x244, 0x27C, 0x240, 0x000 } }, /* 桕 */
	{ 0xE8EB, { 0x000, 0x240, 0x254, 0x7D8, 0x250, 0x65C, 0x700, 0x230, 0x210, 0x210, 0x210, 0x000 } }, /* 桦 */
	{ 0xE8EC, { 0x000, 0x200, 0x25C, 0x680, 0x220, 0x74C, 0x6C8, 0x248, 0x248, 0x248, 0x248, 0x000 } }, /* 桁 */
	{ 0xE8ED, { 0x000, 0x210, 0x230, 0x228, 0x2C4, 0x200, 0x700, 0x620, 0x228, 0x248, 0x204, 0x000 } }, /* 桧 */
	{ 0xE8EE, { 0x000, 0x208, 0x318, 0x488, 0x3A8, 0x108, 0x640, 0x7FC, 0x160, 0x258, 0x444, 0x000 } }, /* 桀 */
	{ 0xE8EF, { 0x040, 0x7FC, 0x0A0, 0x2A8, 0x4A4, 0x040, 0x7FC, 0x060, 0x358, 0x440, 0x000, 0x000 } }, /* 栾 */
	{ 0xE8F0, { 0x248, 0x050, 0x3F8, 0x080, 0x7FC, 0x110, 0x7FC, 0x0E0, 0x150, 0x040, 0x000, 0x000 } }, /* 桊 */
	{ 0xE8F1, { 0x200, 0x210, 0x684, 0x2A0, 0x220, 0x768, 0x248, 0x230, 0x22C, 0x2C0, 0x000, 0x000 } }, /* 桉 */
	{ 0xE8F2, { 0x000, 0x200, 0x2EC, 0x724, 0x2A4, 0x624, 0x724, 0x2F4, 0x224, 0x224, 0x240, 0x000 } }, /* 栩 */
	{ 0xE8F3, { 0x110, 0x7BC, 0x318, 0x3B8, 0x554, 0x000, 0x110, 0x150, 0x254, 0x61C, 0x000, 0x000 } }, /* 梵 */
	{ 0xE8F4, { 0x210, 0x250, 0x778, 0x210, 0x2FC, 0x700, 0x27C, 0x244, 0x27C, 0x240, 0x000, 0x000 } }, /* 梏 */
	{ 0xE8F5, { 0x000, 0x204, 0x260, 0x704, 0x240, 0x77C, 0x608, 0x210, 0x210, 0x210, 0x220, 0x000 } }, /* 桴 */
	{ 0xE8F6, { 0x000, 0x220, 0x238, 0x748, 0x27C, 0x354, 0x77C, 0x254, 0x254, 0x294, 0x284, 0x000 } }, /* 桷 */
	{ 0xE8F7, { 0x000, 0x210, 0x27C, 0x700, 0x228, 0x27C, 0x710, 0x610, 0x210, 0x210, 0x210, 0x000 } }, /* 梓 */
	{ 0xE8F8, { 0x200, 0x280, 0x610, 0x224, 0x6A0, 0x704, 0x20C, 0x288, 0x290, 0x220, 0x000, 0x000 } }, /* 桫 */
	{ 0xE8F9, { 0x200, 0x204, 0x704, 0x204, 0x37C, 0x700, 0x244, 0x230, 0x248, 0x284, 0x000, 0x000 } }, /* 棂 */
	{ 0xE8FA, { 0x220, 0x274, 0x728, 0x238, 0x210, 0x778, 0x2C0, 0x278, 0x240, 0x240, 0x000, 0x000 } }, /* 楮 */
	{ 0xE8FB, { 0x000, 0x110, 0x7BC, 0x310, 0x174, 0x000, 0x190, 0x31C, 0x090, 0x090, 0x230, 0x000 } }, /* 棼 */
	{ 0xE8FC, { 0x200, 0x2FC, 0x210, 0x254, 0x250, 0x750, 0x610, 0x230, 0x228, 0x2C4, 0x000, 0x000 } }, /* 椟 */
	{ 0xE8FD, { 0x000, 0x7F8, 0x220, 0x7BC, 0x128, 0x728, 0x040, 0x7FC, 0x158, 0x444, 0x000, 0x000 } }, /* 椠 */
	{ 0xE8FE, { 0x220, 0x23C, 0x778, 0x244, 0x27C, 0x74C, 0x210, 0x2FC, 0x210, 0x210, 0x000, 0x000 } }, /* 棹 */
	{ 0xE9A1, { 0x000, 0x200, 0x26C, 0x7AC, 0x27C, 0x220, 0x63C, 0x244, 0x218, 0x210, 0x2C0, 0x000 } }, /* 椤 */
	{ 0xE9A2, { 0x000, 0x200, 0x270, 0x230, 0x250, 0x658, 0x75C, 0x250, 0x2FC, 0x210, 0x200, 0x000 } }, /* 棰 */
	{ 0xE9A3, { 0x000, 0x200, 0x27C, 0x700, 0x27C, 0x744, 0x67C, 0x210, 0x254, 0x294, 0x220, 0x000 } }, /* 椋 */
	{ 0xE9A4, { 0x210, 0x27C, 0x700, 0x244, 0x37C, 0x600, 0x218, 0x2FC, 0x210, 0x230, 0x000, 0x000 } }, /* 椁 */
	{ 0xE9A5, { 0x000, 0x2DC, 0x654, 0x294, 0x6FC, 0x750, 0x2D0, 0x2BC, 0x2D0, 0x33C, 0x000, 0x000 } }, /* 楗 */
	{ 0xE9A6, { 0x000, 0x200, 0x278, 0x634, 0x23C, 0x67C, 0x700, 0x23C, 0x278, 0x284, 0x220, 0x000 } }, /* 棣 */
	{ 0xE9A7, { 0x000, 0x200, 0x244, 0x77C, 0x250, 0x67C, 0x650, 0x23C, 0x2A4, 0x2A4, 0x224, 0x000 } }, /* 椐 */
	{ 0xE9A8, { 0x000, 0x200, 0x27C, 0x730, 0x220, 0x348, 0x7FC, 0x630, 0x220, 0x268, 0x204, 0x000 } }, /* 楱 */
	{ 0xE9A9, { 0x000, 0x240, 0x24C, 0x748, 0x278, 0x748, 0x748, 0x2FC, 0x268, 0x240, 0x27C, 0x000 } }, /* 椹 */
	{ 0xE9AA, { 0x200, 0x230, 0x700, 0x2FC, 0x684, 0x7B4, 0x294, 0x2BC, 0x284, 0x284, 0x000, 0x000 } }, /* 楠 */
	{ 0xE9AB, { 0x000, 0x200, 0x27C, 0x730, 0x248, 0x694, 0x740, 0x278, 0x248, 0x200, 0x200, 0x000 } }, /* 楂 */
	{ 0xE9AC, { 0x000, 0x0FC, 0x610, 0x4FC, 0x6CC, 0x694, 0x47C, 0x078, 0x084, 0x200, 0x000, 0x000 } }, /* 楝 */
	{ 0xE9AD, { 0x000, 0x000, 0x29C, 0x6B0, 0x280, 0x678, 0x780, 0x2A0, 0x230, 0x250, 0x29C, 0x000 } }, /* 榄 */
	{ 0xE9AE, { 0x000, 0x278, 0x200, 0x778, 0x2FC, 0x608, 0x778, 0x248, 0x208, 0x2FC, 0x208, 0x000 } }, /* 楫 */
	{ 0xE9AF, { 0x200, 0x248, 0x740, 0x248, 0x600, 0x7CC, 0x2A0, 0x2A0, 0x2EC, 0x2A0, 0x000, 0x000 } }, /* 榀 */
	{ 0xE9B0, { 0x000, 0x200, 0x7A0, 0x138, 0x7A4, 0x320, 0x4BC, 0x040, 0x0E0, 0x75C, 0x040, 0x000 } }, /* 榘 */
	{ 0xE9B1, { 0x000, 0x008, 0x0C8, 0x658, 0x0FC, 0x6C8, 0x7C8, 0x148, 0x250, 0x054, 0x020, 0x000 } }, /* 楸 */
	{ 0xE9B2, { 0x000, 0x058, 0x090, 0x694, 0x4A0, 0x698, 0x694, 0x490, 0x088, 0x09C, 0x080, 0x000 } }, /* 椴 */
	{ 0xE9B3, { 0x000, 0x200, 0x298, 0x204, 0x21C, 0x200, 0x71C, 0x204, 0x21C, 0x2C0, 0x21C, 0x000 } }, /* 槌 */
	{ 0xE9B4, { 0x200, 0x278, 0x600, 0x208, 0x6FC, 0x710, 0x27C, 0x210, 0x294, 0x220, 0x000, 0x000 } }, /* 榇 */
	{ 0xE9B5, { 0x200, 0x214, 0x284, 0x2B4, 0x2B4, 0x784, 0x2BC, 0x2BC, 0x284, 0x284, 0x000, 0x000 } }, /* 榈 */
	{ 0xE9B6, { 0x000, 0x228, 0x238, 0x310, 0x27C, 0x320, 0x720, 0x660, 0x2D0, 0x210, 0x200, 0x000 } }, /* 槎 */
	{ 0xE9B7, { 0x200, 0x250, 0x708, 0x27C, 0x648, 0x784, 0x638, 0x210, 0x230, 0x200, 0x000, 0x000 } }, /* 榉 */
	{ 0xE9B8, { 0x000, 0x200, 0x2FC, 0x280, 0x278, 0x600, 0x744, 0x24C, 0x27C, 0x200, 0x2FC, 0x000 } }, /* 楦 */
	{ 0xE9B9, { 0x000, 0x200, 0x2D4, 0x254, 0x280, 0x6BC, 0x7A4, 0x2A4, 0x2BC, 0x2A4, 0x224, 0x000 } }, /* 楣 */
	{ 0xE9BA, { 0x000, 0x200, 0x248, 0x24C, 0x254, 0x774, 0x6A8, 0x2F8, 0x294, 0x294, 0x200, 0x000 } }, /* 楹 */
	{ 0xE9BB, { 0x000, 0x200, 0x2FC, 0x630, 0x220, 0x668, 0x7FC, 0x200, 0x2FC, 0x248, 0x280, 0x000 } }, /* 榛 */
	{ 0xE9BC, { 0x000, 0x000, 0x280, 0x688, 0x2A8, 0x6A8, 0x6A8, 0x2A8, 0x2A8, 0x280, 0x200, 0x000 } }, /* 榧 */
	{ 0xE9BD, { 0x078, 0x204, 0x644, 0x27C, 0x600, 0x724, 0x6A4, 0x26C, 0x224, 0x24C, 0x000, 0x000 } }, /* 榻 */
	{ 0xE9BE, { 0x000, 0x200, 0x240, 0x6D0, 0x2FC, 0x67C, 0x750, 0x650, 0x210, 0x210, 0x210, 0x000 } }, /* 榫 */
	{ 0xE9BF, { 0x000, 0x044, 0x0E4, 0x6AC, 0x4A4, 0x6E4, 0x6A4, 0x4E4, 0x064, 0x1A4, 0x028, 0x000 } }, /* 榭 */
	{ 0xE9C0, { 0x000, 0x200, 0x27C, 0x77C, 0x244, 0x320, 0x67C, 0x648, 0x294, 0x210, 0x210, 0x000 } }, /* 槔 */
	{ 0xE9C1, { 0x210, 0x2FC, 0x200, 0x244, 0x3FC, 0x778, 0x634, 0x248, 0x24C, 0x260, 0x000, 0x000 } }, /* 榱 */
	{ 0xE9C2, { 0x000, 0x210, 0x27C, 0x700, 0x244, 0x300, 0x6FC, 0x282, 0x2AA, 0x292, 0x284, 0x000 } }, /* 槁 */
	{ 0xE9C3, { 0x000, 0x080, 0x294, 0x55C, 0x554, 0x7E4, 0x22C, 0x240, 0x0F0, 0x358, 0x044, 0x000 } }, /* 槊 */
	{ 0xE9C4, { 0x210, 0x27C, 0x782, 0x278, 0x340, 0x658, 0x648, 0x200, 0x248, 0x284, 0x000, 0x000 } }, /* 槟 */
	{ 0xE9C5, { 0x200, 0x2FC, 0x780, 0x248, 0x630, 0x648, 0x6FC, 0x248, 0x248, 0x248, 0x000, 0x000 } }, /* 榕 */
	{ 0xE9C6, { 0x000, 0x210, 0x294, 0x214, 0x21C, 0x688, 0x79C, 0x2A4, 0x29C, 0x2D4, 0x214, 0x000 } }, /* 槠 */
	{ 0xE9C7, { 0x27C, 0x284, 0x2D8, 0x2A4, 0x6A8, 0x7A4, 0x2BC, 0x2A4, 0x324, 0x224, 0x000, 0x000 } }, /* 榍 */
	{ 0xE9C8, { 0x000, 0x248, 0x2FC, 0x248, 0x210, 0x6F4, 0x778, 0x2FC, 0x230, 0x230, 0x2FC, 0x000 } }, /* 槿 */
	{ 0xE9C9, { 0x000, 0x07C, 0x648, 0x058, 0x600, 0x7FC, 0x0B4, 0x0B4, 0x084, 0x284, 0x000, 0x000 } }, /* 樯 */
	{ 0xE9CA, { 0x000, 0x004, 0x010, 0x698, 0x4B4, 0x6A4, 0x7FC, 0x4A8, 0x0E8, 0x15C, 0x000, 0x000 } }, /* 槭 */
	{ 0xE9CB, { 0x000, 0x078, 0x200, 0x7B4, 0x240, 0x640, 0x678, 0x2FC, 0x240, 0x208, 0x218, 0x000 } }, /* 樗 */
	{ 0xE9CC, { 0x000, 0x210, 0x254, 0x754, 0x282, 0x678, 0x744, 0x210, 0x210, 0x210, 0x2FC, 0x000 } }, /* 樘 */
	{ 0xE9CD, { 0x000, 0x020, 0x338, 0x7FC, 0x330, 0x5C4, 0x14C, 0x040, 0x7FC, 0x150, 0x444, 0x000 } }, /* 橥 */
	{ 0xE9CE, { 0x000, 0x204, 0x2E4, 0x64C, 0x2E4, 0x7F4, 0x6E4, 0x2E4, 0x264, 0x364, 0x204, 0x000 } }, /* 槲 */
	{ 0xE9CF, { 0x000, 0x008, 0x048, 0x7EC, 0x0B4, 0x6F4, 0x6A4, 0x0EC, 0x0A8, 0x12C, 0x030, 0x000 } }, /* 橄 */
	{ 0xE9D0, { 0x000, 0x000, 0x04C, 0x65C, 0x468, 0x6EC, 0x64C, 0x4F8, 0x18C, 0x140, 0x004, 0x000 } }, /* 樾 */
	{ 0xE9D1, { 0x000, 0x290, 0x7D0, 0x228, 0x678, 0x758, 0x3D4, 0x040, 0x0F0, 0x358, 0x440, 0x000 } }, /* 檠 */
	{ 0xE9D2, { 0x000, 0x040, 0x3F8, 0x248, 0x3F8, 0x7FC, 0x1F0, 0x708, 0x1F8, 0x1F0, 0x64C, 0x000 } }, /* 橐 */
	{ 0xE9D3, { 0x000, 0x000, 0x080, 0x7C8, 0x0FC, 0x6A0, 0x7F8, 0x478, 0x12C, 0x154, 0x210, 0x000 } }, /* 橛 */
	{ 0xE9D4, { 0x000, 0x250, 0x250, 0x6D0, 0x2F8, 0x650, 0x750, 0x27C, 0x200, 0x2B4, 0x280, 0x000 } }, /* 樵 */
	{ 0xE9D5, { 0x000, 0x220, 0x258, 0x7CC, 0x230, 0x734, 0x67C, 0x220, 0x2B4, 0x2FC, 0x284, 0x000 } }, /* 檎 */
	{ 0xE9D6, { 0x000, 0x240, 0x290, 0x7F4, 0x2F4, 0x674, 0x780, 0x200, 0x248, 0x248, 0x248, 0x000 } }, /* 橹 */
	{ 0xE9D7, { 0x000, 0x208, 0x2FC, 0x630, 0x2F4, 0x6CC, 0x7FC, 0x67C, 0x28C, 0x208, 0x218, 0x000 } }, /* 樽 */
	{ 0xE9D8, { 0x000, 0x200, 0x204, 0x77C, 0x264, 0x634, 0x780, 0x2BC, 0x280, 0x37C, 0x200, 0x000 } }, /* 樨 */
	{ 0xE9D9, { 0x278, 0x208, 0x77C, 0x220, 0x690, 0x77C, 0x228, 0x27C, 0x230, 0x204, 0x000, 0x000 } }, /* 橘 */
	{ 0xE9DA, { 0x010, 0x098, 0x6B8, 0x1C8, 0x610, 0x6B4, 0x49C, 0x01C, 0x028, 0x210, 0x000, 0x000 } }, /* 橼 */
	{ 0xE9DB, { 0x000, 0x200, 0x210, 0x7FC, 0x280, 0x600, 0x700, 0x294, 0x2F4, 0x2B4, 0x284, 0x000 } }, /* 檑 */
	{ 0xE9DC, { 0x000, 0x260, 0x290, 0x7FC, 0x294, 0x3BC, 0x6BC, 0x2BC, 0x280, 0x284, 0x324, 0x000 } }, /* 檐 */
	{ 0xE9DD, { 0x000, 0x210, 0x2FC, 0x77C, 0x2B4, 0x6B4, 0x700, 0x248, 0x2FC, 0x240, 0x220, 0x000 } }, /* 檩 */
	{ 0xE9DE, { 0x000, 0x010, 0x4B8, 0x7A8, 0x790, 0x6BC, 0x040, 0x7FC, 0x0E0, 0x358, 0x444, 0x000 } }, /* 檗 */
	{ 0xE9DF, { 0x210, 0x2FC, 0x654, 0x2E4, 0x768, 0x7F4, 0x284, 0x210, 0x294, 0x220, 0x000, 0x000 } }, /* 檫 */
	{ 0xE9E0, { 0x000, 0x280, 0x284, 0x380, 0x3BC, 0x640, 0x6D8, 0x458, 0x7D0, 0x464, 0x420, 0x000 } }, /* 猷 */
	{ 0xE9E1, { 0x110, 0x7B0, 0x7A4, 0x798, 0x398, 0x2B4, 0x400, 0x7FC, 0x0A0, 0x71C, 0x000, 0x000 } }, /* 獒 */
	{ 0xE9E2, { 0x000, 0x000, 0x328, 0x228, 0x3CC, 0x480, 0x208, 0x128, 0x030, 0x638, 0x084, 0x000 } }, /* 殁 */
	{ 0xE9E3, { 0x000, 0x000, 0x640, 0x240, 0x378, 0x440, 0x540, 0x378, 0x240, 0x440, 0x0FC, 0x000 } }, /* 殂 */
	{ 0xE9E4, { 0x020, 0x7FC, 0x240, 0x338, 0x410, 0x77C, 0x334, 0x254, 0x424, 0x048, 0x000, 0x000 } }, /* 殇 */
	{ 0xE9E5, { 0x000, 0x010, 0x230, 0x228, 0x3C4, 0x430, 0x348, 0x110, 0x244, 0x410, 0x060, 0x000 } }, /* 殄 */
	{ 0xE9E6, { 0x038, 0x644, 0x27C, 0x300, 0x47C, 0x344, 0x354, 0x254, 0x428, 0x0C4, 0x000, 0x000 } }, /* 殒 */
	{ 0xE9E7, { 0x000, 0x010, 0x7B0, 0x228, 0x244, 0x500, 0x524, 0x358, 0x248, 0x608, 0x000, 0x000 } }, /* 殓 */
	{ 0xE9E8, { 0x004, 0x760, 0x214, 0x344, 0x57C, 0x508, 0x310, 0x210, 0x410, 0x030, 0x000, 0x000 } }, /* 殍 */
	{ 0xE9E9, { 0x000, 0x028, 0x208, 0x27C, 0x354, 0x454, 0x754, 0x110, 0x2FC, 0x410, 0x010, 0x000 } }, /* 殚 */
	{ 0xE9EA, { 0x000, 0x000, 0x618, 0x210, 0x5FC, 0x594, 0x788, 0x2EC, 0x23C, 0x400, 0x0FC, 0x000 } }, /* 殛 */
	{ 0xE9EB, { 0x000, 0x010, 0x77C, 0x200, 0x370, 0x460, 0x508, 0x368, 0x200, 0x468, 0x084, 0x000 } }, /* 殡 */
	{ 0xE9EC, { 0x000, 0x010, 0x77C, 0x078, 0x600, 0x580, 0x100, 0x344, 0x268, 0x408, 0x0FC, 0x000 } }, /* 殪 */
	{ 0xE9ED, { 0x000, 0x200, 0x23C, 0x210, 0x514, 0x534, 0x514, 0x114, 0x794, 0x124, 0x14C, 0x000 } }, /* 轫 */
	{ 0xE9EE, { 0x000, 0x200, 0x240, 0x640, 0x45C, 0x754, 0x354, 0x158, 0x750, 0x010, 0x19C, 0x000 } }, /* 轭 */
	{ 0xE9EF, { 0x000, 0x210, 0x210, 0x610, 0x410, 0x510, 0x13C, 0x124, 0x7A4, 0x13C, 0x124, 0x000 } }, /* 轱 */
	{ 0xE9F0, { 0x200, 0x67C, 0x400, 0x470, 0x650, 0x350, 0x270, 0x740, 0x000, 0x008, 0x000, 0x000 } }, /* 轲 */
	{ 0xE9F1, { 0x210, 0x21C, 0x610, 0x57C, 0x544, 0x364, 0x144, 0x740, 0x140, 0x140, 0x000, 0x000 } }, /* 轳 */
	{ 0xE9F2, { 0x000, 0x200, 0x244, 0x444, 0x444, 0x744, 0x300, 0x100, 0x744, 0x044, 0x080, 0x000 } }, /* 轵 */
	{ 0xE9F3, { 0x000, 0x210, 0x210, 0x67C, 0x450, 0x510, 0x37C, 0x110, 0x728, 0x06C, 0x184, 0x000 } }, /* 轶 */
	{ 0xE9F4, { 0x000, 0x210, 0x630, 0x448, 0x444, 0x720, 0x348, 0x110, 0x76C, 0x018, 0x060, 0x000 } }, /* 轸 */
	{ 0xE9F5, { 0x000, 0x204, 0x670, 0x410, 0x454, 0x710, 0x37C, 0x110, 0xF10, 0x010, 0x030, 0x000 } }, /* 轷 */
	{ 0xE9F6, { 0x000, 0x200, 0x278, 0x650, 0x450, 0x77C, 0x310, 0x010, 0x754, 0x010, 0x030, 0x000 } }, /* 轹 */
	{ 0xE9F7, { 0x000, 0x200, 0x214, 0x614, 0x524, 0x56C, 0x300, 0x124, 0x704, 0x13C, 0x104, 0x000 } }, /* 轺 */
	{ 0xE9F8, { 0x210, 0x214, 0x67C, 0x410, 0x770, 0x350, 0x100, 0x708, 0x068, 0x004, 0x000, 0x000 } }, /* 轼 */
	{ 0xE9F9, { 0x200, 0x27C, 0x620, 0x424, 0x57C, 0x310, 0x13C, 0x710, 0x010, 0x07C, 0x000, 0x000 } }, /* 轾 */
	{ 0xE9FA, { 0x210, 0x230, 0x628, 0x444, 0x778, 0x310, 0x010, 0x710, 0x010, 0x07C, 0x000, 0x000 } }, /* 辁 */
	{ 0xE9FB, { 0x000, 0x220, 0x638, 0x468, 0x418, 0x718, 0x364, 0x33C, 0x704, 0x024, 0x024, 0x000 } }, /* 辂 */
	{ 0xE9FC, { 0x000, 0x200, 0x6F0, 0x408, 0x668, 0x608, 0x2E8, 0x208, 0x7F8, 0x28A, 0x200, 0x000 } }, /* 辄 */
	{ 0xE9FD, { 0x000, 0x110, 0x3B8, 0x110, 0x318, 0x4A4, 0x3F8, 0x140, 0x1F0, 0x7FC, 0x040, 0x000 } }, /* 辇 */
	{ 0xE9FE, { 0x000, 0x200, 0x24C, 0x668, 0x47C, 0x754, 0x350, 0x160, 0x760, 0x040, 0x044, 0x000 } }, /* 辋 */
	{ 0xEAA1, { 0x000, 0x200, 0x624, 0x44C, 0x46C, 0x600, 0x37C, 0x224, 0x768, 0x248, 0x214, 0x000 } }, /* 辍 */
	{ 0xEAA2, { 0x000, 0x200, 0x254, 0x640, 0x454, 0x700, 0x354, 0x154, 0x754, 0x054, 0x040, 0x000 } }, /* 辎 */
	{ 0xEAA3, { 0x210, 0x27C, 0x630, 0x420, 0x77C, 0x3EC, 0x090, 0x778, 0x038, 0x044, 0x000, 0x000 } }, /* 辏 */
	{ 0xEAA4, { 0x000, 0x210, 0x27C, 0x428, 0x47C, 0x62C, 0x37C, 0x028, 0x7A8, 0x2A8, 0x2AC, 0x000 } }, /* 辘 */
	{ 0xEAA5, { 0x000, 0x210, 0x610, 0x47C, 0x638, 0x6D4, 0x24C, 0x3AC, 0x67C, 0x24C, 0x280, 0x000 } }, /* 辚 */
	{ 0xEAA6, { 0x000, 0x040, 0x040, 0x3F8, 0x3F8, 0x248, 0x040, 0x040, 0x3F8, 0x208, 0x3F8, 0x000 } }, /* 軎 */
	{ 0xEAA7, { 0x000, 0x080, 0x090, 0x1FC, 0x480, 0x09C, 0x7C0, 0x058, 0x060, 0x3B4, 0x00C, 0x000 } }, /* 戋 */
	{ 0xEAA8, { 0x020, 0x328, 0x2A0, 0x43C, 0x7A0, 0x098, 0x198, 0x010, 0x2A8, 0x004, 0x000, 0x000 } }, /* 戗 */
	{ 0xEAA9, { 0x7FC, 0x040, 0x208, 0x3F8, 0x208, 0x3F8, 0x09C, 0x0C0, 0x060, 0x61C, 0x000, 0x000 } }, /* 戛 */
	{ 0xEAAA, { 0x000, 0x020, 0x7A0, 0x000, 0x7B8, 0x490, 0x498, 0x798, 0x310, 0x328, 0x104, 0x000 } }, /* 戟 */
	{ 0xEAAB, { 0x000, 0x020, 0x4A8, 0x7A0, 0x030, 0x4A0, 0x780, 0x498, 0x4D8, 0x798, 0x0A4, 0x000 } }, /* 戢 */
	{ 0xEAAC, { 0x010, 0x6DC, 0x490, 0x3B8, 0x394, 0x494, 0x7D8, 0x658, 0x618, 0x024, 0x000, 0x000 } }, /* 戡 */
	{ 0xEAAD, { 0x000, 0x390, 0x458, 0x7D0, 0x7F8, 0x114, 0x7D4, 0x118, 0x108, 0x3D8, 0x024, 0x000 } }, /* 戥 */
	{ 0xEAAE, { 0x010, 0x794, 0x2D0, 0x778, 0x554, 0x214, 0x7D8, 0x448, 0x7D8, 0x424, 0x000, 0x000 } }, /* 戤 */
	{ 0xEAAF, { 0x000, 0x780, 0x208, 0x694, 0x2B0, 0x7C4, 0x010, 0x498, 0x790, 0x4E8, 0x484, 0x000 } }, /* 戬 */
	{ 0xEAB0, { 0x010, 0x410, 0x510, 0x4F0, 0x0D4, 0x6B0, 0x4E8, 0x4C8, 0x2F8, 0x024, 0x000, 0x000 } }, /* 臧 */
	{ 0xEAB1, { 0x000, 0x000, 0x420, 0x4A0, 0x6A8, 0x528, 0x538, 0x698, 0x408, 0x7E8, 0x00C, 0x000 } }, /* 瓯 */
	{ 0xEAB2, { 0x000, 0x200, 0x360, 0x480, 0x478, 0x048, 0x748, 0x158, 0x748, 0x268, 0x14C, 0x000 } }, /* 瓴 */
	{ 0xEAB3, { 0x000, 0x100, 0x17C, 0x020, 0x038, 0x7A0, 0x038, 0x798, 0x488, 0x7A8, 0x484, 0x000 } }, /* 瓿 */
	{ 0xEAB4, { 0x108, 0x7D0, 0x78C, 0x7D0, 0x28C, 0x780, 0x7FC, 0x3F0, 0x270, 0x38C, 0x000, 0x000 } }, /* 甏 */
	{ 0xEAB5, { 0x000, 0x03C, 0x120, 0x7A0, 0x7A8, 0x7B0, 0x030, 0x7A8, 0x7A8, 0x4B8, 0x484, 0x000 } }, /* 甑 */
	{ 0xEAB6, { 0x000, 0x010, 0x4A8, 0x428, 0x790, 0x390, 0x014, 0x200, 0x3D0, 0x2D0, 0x39C, 0x000 } }, /* 甓 */
	{ 0xEAB7, { 0x000, 0x040, 0x07C, 0x040, 0x040, 0x3F8, 0x110, 0x090, 0x060, 0x0F0, 0x60C, 0x000 } }, /* 攴 */
	{ 0xEAB8, { 0x000, 0x080, 0x7F0, 0x090, 0x110, 0x61C, 0x3F8, 0x208, 0x3F8, 0x208, 0x218, 0x000 } }, /* 旮 */
	{ 0xEAB9, { 0x3F8, 0x208, 0x3F8, 0x208, 0x080, 0x080, 0x190, 0x110, 0x310, 0x61C, 0x000, 0x000 } }, /* 旯 */
	{ 0xEABA, { 0x000, 0x510, 0x510, 0x510, 0x5FC, 0x510, 0x510, 0x510, 0x010, 0x010, 0x000, 0x000 } }, /* 旰 */
	{ 0xEABB, { 0x3F8, 0x208, 0x208, 0x3F8, 0x000, 0x040, 0x040, 0x0E0, 0x1A0, 0x60C, 0x000, 0x000 } }, /* 昊 */
	{ 0xEABC, { 0x3F8, 0x208, 0x3F8, 0x208, 0x000, 0x3F8, 0x000, 0x080, 0x110, 0x3F8, 0x000, 0x000 } }, /* 昙 */
	{ 0xEABD, { 0x3F8, 0x208, 0x3F8, 0x208, 0x040, 0x040, 0x1E0, 0x150, 0x64C, 0x040, 0x000, 0x000 } }, /* 杲 */
	{ 0xEABE, { 0x3F8, 0x208, 0x3F8, 0x208, 0x000, 0x7FC, 0x440, 0x460, 0x490, 0x50C, 0x000, 0x000 } }, /* 昃 */
	{ 0xEABF, { 0x00C, 0x560, 0x540, 0x57C, 0x548, 0x548, 0x548, 0x748, 0x488, 0x088, 0x000, 0x000 } }, /* 昕 */
	{ 0xEAC0, { 0x000, 0x020, 0x760, 0x944, 0x984, 0xF24, 0x904, 0x934, 0xD44, 0x904, 0x008, 0x000 } }, /* 昀 */
	{ 0xEAC1, { 0x3F8, 0x208, 0x3F8, 0x208, 0x040, 0x240, 0x248, 0x0A0, 0x118, 0x60C, 0x000, 0x000 } }, /* 炅 */
	{ 0xEAC2, { 0x3F8, 0x208, 0x3F8, 0x3F8, 0x100, 0x3FC, 0x6C4, 0x214, 0x3E4, 0x008, 0x000, 0x000 } }, /* 曷 */
	{ 0xEAC3, { 0x000, 0x210, 0x390, 0x694, 0x190, 0x2FC, 0x3F8, 0x208, 0x3F8, 0x208, 0x208, 0x000 } }, /* 昝 */
	{ 0xEAC4, { 0x3F8, 0x20C, 0x20C, 0x3FC, 0x180, 0x434, 0x4A4, 0x7A4, 0x12C, 0x620, 0x000, 0x000 } }, /* 昴 */
	{ 0xEAC5, { 0x000, 0x3F8, 0x208, 0x3F8, 0x208, 0x040, 0x040, 0x110, 0x110, 0x000, 0x7FC, 0x000 } }, /* 昱 */
	{ 0xEAC6, { 0x000, 0x100, 0x09C, 0x724, 0x124, 0x7FC, 0x3A4, 0x3B4, 0x540, 0x530, 0x10C, 0x000 } }, /* 昶 */
	{ 0xEAC7, { 0x000, 0x744, 0x544, 0x57C, 0x540, 0x56C, 0x530, 0x5A0, 0x0A4, 0x11C, 0x000, 0x000 } }, /* 昵 */
	{ 0xEAC8, { 0x000, 0x000, 0x3F8, 0x7FC, 0x1D0, 0x580, 0x0F8, 0x3F8, 0x3F8, 0x208, 0x208, 0x000 } }, /* 耆 */
	{ 0xEAC9, { 0x3F8, 0x208, 0x208, 0x3F8, 0x048, 0x660, 0x7A8, 0x4B0, 0x5B2, 0x44C, 0x000, 0x000 } }, /* 晟 */
	{ 0xEACA, { 0x000, 0x750, 0x1DC, 0x5D8, 0x750, 0x14C, 0x110, 0x7FC, 0x000, 0x000, 0x000, 0x000 } }, /* 晔 */
	{ 0xEACB, { 0x000, 0x208, 0x3F8, 0x208, 0x000, 0x2A8, 0x3B0, 0x4A8, 0x120, 0x63C, 0x000, 0x000 } }, /* 晁 */
	{ 0xEACC, { 0x3F8, 0x208, 0x208, 0x0E0, 0x7FC, 0x484, 0x7FC, 0x110, 0x0F0, 0x78C, 0x000, 0x000 } }, /* 晏 */
	{ 0xEACD, { 0x0FC, 0x784, 0x120, 0x170, 0x750, 0x1FC, 0x110, 0x7FC, 0x010, 0x010, 0x000, 0x000 } }, /* 晖 */
	{ 0xEACE, { 0x000, 0x010, 0x710, 0x1FC, 0x130, 0x794, 0x1FC, 0x194, 0xFFC, 0x094, 0x084, 0x000 } }, /* 晡 */
	{ 0xEACF, { 0x000, 0x020, 0x730, 0x148, 0x584, 0x778, 0x110, 0x178, 0x744, 0x04C, 0x04C, 0x000 } }, /* 晗 */
	{ 0xEAD0, { 0x000, 0x3F8, 0x208, 0x208, 0x330, 0x3CC, 0x780, 0x3FC, 0x3F8, 0x208, 0x3F8, 0x000 } }, /* 晷 */
	{ 0xEAD1, { 0x000, 0x010, 0xFFC, 0x980, 0x838, 0xE7C, 0x844, 0x87C, 0xF7C, 0x000, 0x0FC, 0x000 } }, /* 暄 */
	{ 0xEAD2, { 0x000, 0x738, 0x1CC, 0x14C, 0x7B4, 0x100, 0x1FC, 0x730, 0x04C, 0x084, 0x000, 0x000 } }, /* 暌 */
	{ 0xEAD3, { 0x01C, 0x644, 0x154, 0x1FC, 0x7A0, 0x17C, 0x138, 0x768, 0x098, 0x06C, 0x000, 0x000 } }, /* 暧 */
	{ 0xEAD4, { 0x07C, 0xF84, 0x17C, 0x14C, 0x74C, 0x178, 0x130, 0xF00, 0x04C, 0x084, 0x000, 0x000 } }, /* 暝 */
	{ 0xEAD5, { 0x048, 0x748, 0x20C, 0x2B4, 0x6E4, 0x2E4, 0x24C, 0x6E8, 0x04C, 0x0D4, 0x000, 0x000 } }, /* 暾 */
	{ 0xEAD6, { 0x000, 0x07C, 0x730, 0x030, 0x0FC, 0x6A4, 0x078, 0x07C, 0x7FC, 0x000, 0x0A0, 0x000 } }, /* 曛 */
	{ 0xEAD7, { 0x0EC, 0xE20, 0x824, 0x8E0, 0xE50, 0x87C, 0x9FC, 0xE58, 0x050, 0x07C, 0x000, 0x000 } }, /* 曜 */
	{ 0xEAD8, { 0x000, 0x000, 0x6FC, 0x078, 0x1FC, 0x650, 0x1DC, 0x1F4, 0x7E8, 0x068, 0x044, 0x000 } }, /* 曦 */
	{ 0xEAD9, { 0x208, 0x3F8, 0x3F8, 0x3B8, 0x3B8, 0x1B0, 0x3F8, 0x3F8, 0x328, 0x58C, 0x000, 0x000 } }, /* 曩 */
	{ 0xEADA, { 0x040, 0x3F8, 0x150, 0x7FC, 0x110, 0x3F8, 0x248, 0x248, 0x090, 0x60C, 0x000, 0x000 } }, /* 贲 */
	{ 0xEADB, { 0x200, 0x7FC, 0x250, 0x200, 0x3FC, 0x3F8, 0x248, 0x240, 0x090, 0x704, 0x000, 0x000 } }, /* 贳 */
	{ 0xEADC, { 0x77C, 0x4C4, 0x6C4, 0x6C4, 0x6B8, 0x6A8, 0x228, 0x328, 0x448, 0x44C, 0x000, 0x000 } }, /* 贶 */
	{ 0xEADD, { 0x000, 0x010, 0x480, 0x6A4, 0x6FC, 0x680, 0x6BC, 0x6A4, 0x224, 0x0BC, 0x404, 0x000 } }, /* 贻 */
	{ 0xEADE, { 0x220, 0x778, 0x228, 0x768, 0x24C, 0x280, 0x248, 0x288, 0x0B0, 0x708, 0x000, 0x000 } }, /* 贽 */
	{ 0xEADF, { 0x120, 0x1B8, 0x120, 0x7A4, 0x618, 0x3F8, 0x248, 0x248, 0x098, 0x604, 0x000, 0x000 } }, /* 赀 */
	{ 0xEAE0, { 0x000, 0x010, 0x598, 0x6A0, 0x6A8, 0x6F8, 0x694, 0x6A8, 0x258, 0x4B4, 0x444, 0x000 } }, /* 赅 */
	{ 0xEAE1, { 0x000, 0x4A4, 0x6A4, 0x6B8, 0x688, 0x6C4, 0x690, 0x200, 0x090, 0x408, 0x000, 0x000 } }, /* 赆 */
	{ 0xEAE2, { 0x000, 0x5C0, 0x2D8, 0x2C0, 0x2FC, 0x2C8, 0x24C, 0x248, 0x554, 0x480, 0x000, 0x000 } }, /* 赈 */
	{ 0xEAE3, { 0x040, 0x7FC, 0x150, 0x7FC, 0x150, 0x7FC, 0x208, 0x248, 0x0B0, 0x70C, 0x000, 0x000 } }, /* 赉 */
	{ 0xEAE4, { 0x010, 0x594, 0x4FC, 0x690, 0x6D4, 0x698, 0x6B8, 0x254, 0x594, 0x420, 0x000, 0x000 } }, /* 赇 */
	{ 0xEAE5, { 0x040, 0x7FC, 0x358, 0x040, 0x7FC, 0x1F0, 0x248, 0x248, 0x0B0, 0x70C, 0x000, 0x000 } }, /* 赍 */
	{ 0xEAE6, { 0x010, 0x4D4, 0x290, 0x2A4, 0x2D0, 0x290, 0x254, 0x318, 0x4AC, 0x044, 0x000, 0x000 } }, /* 赕 */
	{ 0xEAE7, { 0x010, 0x57C, 0x210, 0x254, 0x27C, 0x27C, 0x204, 0x27C, 0x520, 0x408, 0x000, 0x000 } }, /* 赙 */
	{ 0xEAE8, { 0x238, 0x244, 0x354, 0x254, 0x254, 0x154, 0x030, 0x730, 0x850, 0x08C, 0x000, 0x000 } }, /* 觇 */
	{ 0xEAE9, { 0x000, 0x038, 0x484, 0x794, 0x014, 0x794, 0x090, 0x410, 0x430, 0x740, 0x04C, 0x000 } }, /* 觊 */
	{ 0xEAEA, { 0x03C, 0x324, 0x4B4, 0x4B4, 0x7B4, 0xF74, 0x010, 0x3B8, 0x668, 0x04C, 0x000, 0x000 } }, /* 觋 */
	{ 0xEAEB, { 0x000, 0x038, 0x7A4, 0x334, 0x0B4, 0x134, 0x534, 0x798, 0x218, 0x2A8, 0x44C, 0x000 } }, /* 觌 */
	{ 0xEAEC, { 0x000, 0x100, 0x2A4, 0x6A4, 0x034, 0x6B4, 0x6B4, 0x690, 0x698, 0x6A8, 0x6CC, 0x000 } }, /* 觎 */
	{ 0xEAED, { 0x000, 0x218, 0x7A4, 0x7A4, 0x3A4, 0x134, 0x7B4, 0x790, 0x7D8, 0x4A8, 0x48C, 0x000 } }, /* 觏 */
	{ 0xEAEE, { 0x000, 0x000, 0x7A4, 0x724, 0x334, 0x6B4, 0x334, 0x790, 0x798, 0x3A8, 0x44C, 0x000 } }, /* 觐 */
	{ 0xEAEF, { 0x138, 0x124, 0x7E4, 0x534, 0x534, 0x5B4, 0x498, 0x6D8, 0x1A8, 0x24C, 0x000, 0x000 } }, /* 觑 */
	{ 0xEAF0, { 0x000, 0x100, 0x220, 0x678, 0x210, 0x21C, 0x140, 0x260, 0x040, 0x060, 0x040, 0x000 } }, /* 牮 */
	{ 0xEAF1, { 0x778, 0x178, 0x47C, 0x754, 0x114, 0x264, 0x240, 0x240, 0x7FC, 0x040, 0x000, 0x000 } }, /* 犟 */
	{ 0xEAF2, { 0x120, 0x120, 0x520, 0x52C, 0x130, 0x1A0, 0x720, 0x120, 0x120, 0x11C, 0x000, 0x000 } }, /* 牝 */
	{ 0xEAF3, { 0x000, 0x008, 0x070, 0x700, 0x778, 0x000, 0x33C, 0x630, 0x000, 0x000, 0x01C, 0x000 } }, /* 牦 */
	{ 0xEAF4, { 0x000, 0x110, 0x010, 0x77C, 0x710, 0x010, 0x1FC, 0x744, 0x044, 0x07C, 0x144, 0x000 } }, /* 牯 */
	{ 0xEAF5, { 0x200, 0x230, 0x670, 0x728, 0x22C, 0x300, 0x678, 0x244, 0x24C, 0x244, 0x000, 0x000 } }, /* 牾 */
	{ 0xEAF6, { 0x010, 0x050, 0x77C, 0x750, 0x07C, 0x300, 0x63C, 0x004, 0x03C, 0x024, 0x000, 0x000 } }, /* 牿 */
	{ 0xEAF7, { 0x210, 0x07C, 0x638, 0x764, 0x07C, 0x304, 0x674, 0x054, 0x054, 0x20C, 0x000, 0x000 } }, /* 犄 */
	{ 0xEAF8, { 0x078, 0x044, 0x77C, 0x74C, 0x044, 0x37C, 0x644, 0x000, 0x048, 0x084, 0x000, 0x000 } }, /* 犋 */
	{ 0xEAF9, { 0x200, 0x2DC, 0x65C, 0x694, 0x2DC, 0x350, 0x658, 0x2FC, 0x2C0, 0x2BC, 0x000, 0x000 } }, /* 犍 */
	{ 0xEAFA, { 0x010, 0x27C, 0x644, 0x77C, 0x040, 0x3EC, 0x6FC, 0x1EC, 0x24C, 0x244, 0x000, 0x000 } }, /* 犏 */
	{ 0xEAFB, { 0x000, 0x010, 0x07C, 0x738, 0x748, 0x038, 0x37C, 0x600, 0x028, 0x034, 0x004, 0x000 } }, /* 犒 */
	{ 0xEAFC, { 0x13C, 0x314, 0x794, 0x124, 0x10C, 0x3F8, 0x040, 0x040, 0x044, 0x0C0, 0x000, 0x000 } }, /* 挈 */
	{ 0xEAFD, { 0x220, 0x0AC, 0x4A0, 0x218, 0x4C0, 0x3F8, 0x040, 0x040, 0x7FC, 0x0C0, 0x000, 0x000 } }, /* 挲 */
	{ 0xEAFE, { 0x000, 0x304, 0x288, 0x2A8, 0x7BC, 0x2E8, 0x22C, 0x6A8, 0x0A8, 0x4E8, 0x408, 0x000 } }, /* 掰 */
	{ 0xEBA1, { 0x000, 0x14C, 0x648, 0x2A8, 0x79C, 0x208, 0x248, 0x7A8, 0x0A8, 0x4A8, 0x408, 0x000 } }, /* 搿 */
	{ 0xEBA2, { 0x000, 0x390, 0x4AC, 0x43C, 0x690, 0x390, 0x3F8, 0x040, 0x040, 0x7FC, 0x0C0, 0x000 } }, /* 擘 */
	{ 0xEBA3, { 0x000, 0x088, 0x2F0, 0x7FC, 0x3F0, 0x088, 0x018, 0x0C0, 0x3D8, 0x7C0, 0x078, 0x000 } }, /* 耄 */
	{ 0xEBA4, { 0x000, 0x010, 0x720, 0x27C, 0x310, 0x27C, 0x210, 0x77C, 0x210, 0x200, 0x1FC, 0x000 } }, /* 毪 */
	{ 0xEBA5, { 0x018, 0x2C8, 0x0C0, 0x0C0, 0x008, 0x630, 0x778, 0x33C, 0x210, 0x21C, 0x000, 0x000 } }, /* 毳 */
	{ 0xEBA6, { 0x000, 0x010, 0x6BC, 0x2BC, 0x694, 0x2D0, 0x250, 0x6B8, 0x2D0, 0x204, 0x3FC, 0x000 } }, /* 毽 */
	{ 0xEBA7, { 0x000, 0x104, 0x258, 0x100, 0x7DC, 0x200, 0x518, 0x298, 0x100, 0x082, 0x30C, 0x000 } }, /* 毵 */
	{ 0xEBA8, { 0x000, 0x104, 0x2B0, 0x650, 0x01C, 0x650, 0x6DC, 0x6D0, 0x6D0, 0x450, 0x64C, 0x000 } }, /* 毹 */
	{ 0xEBA9, { 0x000, 0x100, 0x19C, 0x468, 0x758, 0x45C, 0x0F8, 0x088, 0x084, 0x780, 0x07C, 0x000 } }, /* 氅 */
	{ 0xEBAA, { 0x000, 0x020, 0x750, 0x278, 0x278, 0x278, 0x278, 0x648, 0x248, 0x200, 0x1FC, 0x000 } }, /* 氇 */
	{ 0xEBAB, { 0x000, 0x008, 0x678, 0x230, 0x330, 0x200, 0x278, 0x678, 0x248, 0x204, 0x1F8, 0x000 } }, /* 氆 */
	{ 0xEBAC, { 0x004, 0x6D8, 0x6C0, 0x6DC, 0x200, 0x7DC, 0x798, 0x500, 0x580, 0x40C, 0x000, 0x000 } }, /* 氍 */
	{ 0xEBAD, { 0x000, 0x100, 0x3F8, 0x200, 0x400, 0x3F8, 0x088, 0x088, 0x008, 0x10C, 0x204, 0x000 } }, /* 氕 */
	{ 0xEBAE, { 0x000, 0x100, 0x3FC, 0x200, 0x400, 0x3F8, 0x008, 0x108, 0x108, 0x20C, 0x404, 0x000 } }, /* 氘 */
	{ 0xEBAF, { 0x000, 0x100, 0x3F8, 0x600, 0x400, 0x3F8, 0x088, 0x0A8, 0x0A8, 0x2A8, 0x324, 0x000 } }, /* 氙 */
	{ 0xEBB0, { 0x000, 0x100, 0x3F8, 0x5F8, 0x000, 0x3F8, 0x208, 0x2A8, 0x2A8, 0x2AC, 0x424, 0x000 } }, /* 氚 */
	{ 0xEBB1, { 0x200, 0x3F8, 0x5F8, 0x3F8, 0x108, 0x368, 0x1C8, 0x7F8, 0x04C, 0x0C4, 0x000, 0x000 } }, /* 氡 */
	{ 0xEBB2, { 0x000, 0x000, 0x3F8, 0x5F8, 0x000, 0x008, 0x7E8, 0x148, 0x568, 0x14C, 0x7E4, 0x000 } }, /* 氩 */
	{ 0xEBB3, { 0x000, 0x100, 0x3F8, 0x5F8, 0x3F8, 0x008, 0x4A8, 0x5E8, 0x5A8, 0x56C, 0x7E4, 0x000 } }, /* 氤 */
	{ 0xEBB4, { 0x000, 0x100, 0x3F8, 0x5F8, 0x3F8, 0x008, 0x7E8, 0x3C8, 0x3C8, 0x18C, 0x664, 0x000 } }, /* 氪 */
	{ 0xEBB5, { 0x100, 0x3F8, 0x5F8, 0x3F8, 0x008, 0x3E8, 0x3E8, 0x008, 0x546, 0x7F4, 0x000, 0x000 } }, /* 氲 */
	{ 0xEBB6, { 0x000, 0x080, 0x100, 0x1FC, 0x310, 0x710, 0x090, 0x0A0, 0x060, 0x0B0, 0x60C, 0x000 } }, /* 攵 */
	{ 0xEBB7, { 0x110, 0x310, 0x13C, 0x7E4, 0x560, 0x7A8, 0x398, 0x7D8, 0x518, 0x124, 0x000, 0x000 } }, /* 敕 */
	{ 0xEBB8, { 0x010, 0x790, 0x4BC, 0x4E0, 0x7A8, 0x128, 0x218, 0x398, 0x298, 0x5A4, 0x000, 0x000 } }, /* 敫 */
	{ 0xEBB9, { 0x010, 0x47C, 0x410, 0x754, 0x454, 0x710, 0x550, 0x57C, 0x128, 0x0C4, 0x000, 0x000 } }, /* 牍 */
	{ 0xEBBA, { 0x000, 0x57C, 0x568, 0x758, 0x440, 0x610, 0x5FC, 0x538, 0x15C, 0x090, 0x000, 0x000 } }, /* 牒 */
	{ 0xEBBB, { 0x000, 0x010, 0x4FC, 0x4FC, 0x780, 0x4FC, 0x6BC, 0x4B4, 0x4B4, 0x1BC, 0x004, 0x000 } }, /* 牖 */
	{ 0xEBBC, { 0x000, 0x038, 0x308, 0x048, 0x7FC, 0x080, 0x7FC, 0x1F0, 0x2D0, 0x670, 0x1DC, 0x000 } }, /* 爰 */
	{ 0xEBBD, { 0x000, 0x110, 0x410, 0x27C, 0x650, 0x070, 0x7DC, 0x118, 0x528, 0x1A8, 0x28C, 0x000 } }, /* 虢 */
	{ 0xEBBE, { 0x384, 0x644, 0x454, 0x3D4, 0x454, 0x7D4, 0x454, 0x444, 0x4C4, 0x48C, 0x000, 0x000 } }, /* 刖 */
	{ 0xEBBF, { 0x300, 0x4BC, 0x480, 0x7FC, 0x4A0, 0x7A0, 0x48C, 0x484, 0x484, 0x118, 0x000, 0x000 } }, /* 肟 */
	{ 0xEBC0, { 0x308, 0x498, 0x4B0, 0x780, 0x488, 0x7B0, 0x484, 0x48C, 0x490, 0x120, 0x000, 0x000 } }, /* 肜 */
	{ 0xEBC1, { 0x040, 0x7FC, 0x200, 0x3F8, 0x3F8, 0x208, 0x3F8, 0x208, 0x208, 0x218, 0x000, 0x000 } }, /* 肓 */
	{ 0xEBC2, { 0x000, 0x028, 0x428, 0x4A8, 0x7A8, 0x428, 0x7FC, 0x4A8, 0x428, 0x548, 0x148, 0x000 } }, /* 肼 */
	{ 0xEBC3, { 0x300, 0x500, 0x400, 0x77C, 0x428, 0x728, 0x528, 0x428, 0x548, 0x144, 0x000, 0x000 } }, /* 朊 */
	{ 0xEBC4, { 0x000, 0x010, 0x410, 0x410, 0x7FC, 0x410, 0x730, 0x428, 0x428, 0x554, 0x144, 0x000 } }, /* 肽 */
	{ 0xEBC5, { 0x000, 0x310, 0x410, 0x4FC, 0x720, 0x410, 0x7D0, 0x480, 0x424, 0x57C, 0x100, 0x000 } }, /* 肱 */
	{ 0xEBC6, { 0x000, 0x010, 0x510, 0x410, 0x710, 0x454, 0x754, 0x47C, 0x410, 0x510, 0x00C, 0x000 } }, /* 肫 */
	{ 0xEBC7, { 0x000, 0x010, 0x410, 0x47C, 0x754, 0x454, 0x75C, 0x464, 0x444, 0x544, 0x044, 0x000 } }, /* 肭 */
	{ 0xEBC8, { 0x000, 0x110, 0x0E0, 0x308, 0x080, 0x180, 0x3F8, 0x7F8, 0x108, 0x108, 0x118, 0x000 } }, /* 肴 */
	{ 0xEBC9, { 0x320, 0x420, 0x47C, 0x744, 0x490, 0x710, 0x410, 0x428, 0x508, 0x144, 0x000, 0x000 } }, /* 肷 */
	{ 0xEBCA, { 0x000, 0x020, 0x528, 0x520, 0x730, 0x530, 0x534, 0x518, 0x550, 0x570, 0x10C, 0x000 } }, /* 胧 */
	{ 0xEBCB, { 0x000, 0x010, 0x530, 0x520, 0x710, 0x550, 0x518, 0x510, 0x554, 0x550, 0x110, 0x000 } }, /* 胨 */
	{ 0xEBCC, { 0x000, 0x010, 0x510, 0x410, 0x710, 0x4FC, 0x710, 0x418, 0x414, 0x510, 0x010, 0x000 } }, /* 胩 */
	{ 0xEBCD, { 0x010, 0x51C, 0x410, 0x73C, 0x404, 0x73C, 0x444, 0x440, 0x540, 0x140, 0x000, 0x000 } }, /* 胪 */
	{ 0xEBCE, { 0x300, 0x554, 0x454, 0x77C, 0x454, 0x754, 0x57C, 0x410, 0x510, 0x110, 0x000, 0x000 } }, /* 胛 */
	{ 0xEBCF, { 0x010, 0x510, 0x47C, 0x754, 0x47C, 0x754, 0x47C, 0x450, 0x510, 0x110, 0x000, 0x000 } }, /* 胂 */
	{ 0xEBD0, { 0x040, 0x7FC, 0x7FC, 0x444, 0x000, 0x3F8, 0x3F8, 0x208, 0x208, 0x218, 0x000, 0x000 } }, /* 胄 */
	{ 0xEBD1, { 0x000, 0x320, 0x420, 0x43C, 0x7C0, 0x49C, 0x700, 0x410, 0x414, 0x400, 0x100, 0x000 } }, /* 胙 */
	{ 0xEBD2, { 0x008, 0x578, 0x448, 0x748, 0x448, 0x748, 0x440, 0x444, 0x5FC, 0x180, 0x000, 0x000 } }, /* 胍 */
	{ 0xEBD3, { 0x310, 0x530, 0x528, 0x744, 0x530, 0x748, 0x510, 0x56C, 0x518, 0x060, 0x000, 0x000 } }, /* 胗 */
	{ 0xEBD4, { 0x000, 0x320, 0x520, 0x544, 0x7C4, 0x574, 0x704, 0x534, 0x514, 0x504, 0x10C, 0x000 } }, /* 朐 */
	{ 0xEBD5, { 0x000, 0x308, 0x570, 0x450, 0x750, 0x47C, 0x740, 0x548, 0x468, 0x56C, 0x114, 0x000 } }, /* 胝 */
	{ 0xEBD6, { 0x000, 0x300, 0x408, 0x410, 0x738, 0x4C4, 0x700, 0x410, 0x410, 0x490, 0x100, 0x000 } }, /* 胫 */
	{ 0xEBD7, { 0x000, 0x010, 0x714, 0x454, 0x710, 0x4FC, 0x520, 0x520, 0x420, 0x548, 0x14C, 0x000 } }, /* 胱 */
	{ 0xEBD8, { 0x000, 0x33C, 0x544, 0x454, 0x744, 0x47C, 0x76C, 0x46C, 0x444, 0x544, 0x144, 0x000 } }, /* 胴 */
	{ 0xEBD9, { 0x000, 0x544, 0x454, 0x77C, 0x454, 0x554, 0x56C, 0x444, 0x47C, 0x144, 0x000, 0x000 } }, /* 胭 */
	{ 0xEBDA, { 0x000, 0x010, 0x530, 0x528, 0x7C4, 0x500, 0x700, 0x530, 0x528, 0x548, 0x064, 0x000 } }, /* 脍 */
	{ 0xEBDB, { 0x308, 0x538, 0x518, 0x764, 0x510, 0x77C, 0x510, 0x554, 0x5D4, 0x130, 0x000, 0x000 } }, /* 脎 */
	{ 0xEBDC, { 0x310, 0x510, 0x430, 0x720, 0x478, 0x710, 0x524, 0x458, 0x534, 0x140, 0x000, 0x000 } }, /* 胲 */
	{ 0xEBDD, { 0x000, 0x008, 0x528, 0x47C, 0x728, 0x428, 0x7FC, 0x428, 0x428, 0x548, 0x148, 0x000 } }, /* 胼 */
	{ 0xEBDE, { 0x000, 0x308, 0x528, 0x57C, 0x710, 0x410, 0x77C, 0x510, 0x428, 0x548, 0x144, 0x000 } }, /* 朕 */
	{ 0xEBDF, { 0x010, 0x754, 0x558, 0x710, 0x5FC, 0x730, 0x538, 0x554, 0x514, 0x110, 0x000, 0x000 } }, /* 脒 */
	{ 0xEBE0, { 0x700, 0x410, 0x520, 0x544, 0x438, 0x7D0, 0x434, 0x444, 0x410, 0x130, 0x000, 0x000 } }, /* 豚 */
	{ 0xEBE1, { 0x000, 0x338, 0x544, 0x544, 0x710, 0x57C, 0x7D4, 0x59C, 0x5A4, 0x584, 0x004, 0x000 } }, /* 脶 */
	{ 0xEBE2, { 0x000, 0x010, 0x554, 0x554, 0x75C, 0x5B8, 0x710, 0x57C, 0x510, 0x510, 0x07C, 0x000 } }, /* 脞 */
	{ 0xEBE3, { 0x00C, 0x540, 0x414, 0x740, 0x478, 0x508, 0x710, 0x4D4, 0x410, 0x130, 0x000, 0x000 } }, /* 脬 */
	{ 0xEBE4, { 0x010, 0x77C, 0x504, 0x738, 0x500, 0x57C, 0x720, 0x520, 0x540, 0x34C, 0x000, 0x000 } }, /* 脘 */
	{ 0xEBE5, { 0x000, 0x544, 0x57C, 0x700, 0x554, 0x578, 0x538, 0x5B4, 0x5D4, 0x390, 0x000, 0x000 } }, /* 脲 */
	{ 0xEBE6, { 0x010, 0x57C, 0x438, 0x710, 0x4C0, 0x57C, 0x57C, 0x444, 0x544, 0x14C, 0x000, 0x000 } }, /* 腈 */
	{ 0xEBE7, { 0x000, 0x000, 0x57C, 0x528, 0x744, 0x5FC, 0x550, 0x558, 0x578, 0x510, 0x01C, 0x000 } }, /* 腌 */
	{ 0xEBE8, { 0x000, 0x020, 0x528, 0x56C, 0x728, 0x56C, 0x528, 0x528, 0x5EC, 0x528, 0x028, 0x000 } }, /* 腓 */
	{ 0xEBE9, { 0x010, 0x554, 0x514, 0x754, 0x554, 0x554, 0x530, 0x528, 0x52C, 0x044, 0x000, 0x000 } }, /* 腴 */
	{ 0xEBEA, { 0x000, 0x310, 0x57C, 0x580, 0x738, 0x500, 0x57C, 0x510, 0x554, 0x594, 0x020, 0x000 } }, /* 腙 */
	{ 0xEBEB, { 0x000, 0x010, 0x57C, 0x584, 0x700, 0x510, 0x550, 0x758, 0x550, 0x5F0, 0x39C, 0x000 } }, /* 腚 */
	{ 0xEBEC, { 0x000, 0x000, 0x5DC, 0x554, 0x71C, 0x5DC, 0x550, 0x5D8, 0x5FC, 0x1D0, 0x01C, 0x000 } }, /* 腱 */
	{ 0xEBED, { 0x000, 0x57C, 0x530, 0x720, 0x57C, 0x56C, 0x590, 0x57C, 0x530, 0x044, 0x000, 0x000 } }, /* 腠 */
	{ 0xEBEE, { 0x000, 0x010, 0x57C, 0x510, 0x77C, 0x504, 0x534, 0x514, 0x57C, 0x514, 0x004, 0x000 } }, /* 腩 */
	{ 0xEBEF, { 0x000, 0x510, 0x510, 0x76C, 0x524, 0x524, 0x524, 0x524, 0x56C, 0x304, 0x000, 0x000 } }, /* 腼 */
	{ 0xEBF0, { 0x000, 0x300, 0x548, 0x578, 0x740, 0x578, 0x578, 0x564, 0x524, 0x524, 0x0FC, 0x000 } }, /* 腽 */
	{ 0xEBF1, { 0x34C, 0x52C, 0x56C, 0x700, 0x57C, 0x57C, 0x520, 0x53C, 0x500, 0x118, 0x000, 0x000 } }, /* 腭 */
	{ 0xEBF2, { 0x000, 0x010, 0x530, 0x56C, 0x780, 0x564, 0x56C, 0x56C, 0x56C, 0x504, 0x324, 0x000 } }, /* 腧 */
	{ 0xEBF3, { 0x000, 0x010, 0x548, 0x57C, 0x720, 0x57C, 0x744, 0x590, 0x578, 0x110, 0x27C, 0x000 } }, /* 塍 */
	{ 0xEBF4, { 0x000, 0x520, 0x57C, 0x720, 0x568, 0x7E4, 0x578, 0x548, 0x538, 0x264, 0x000, 0x000 } }, /* 媵 */
	{ 0xEBF5, { 0x000, 0x500, 0x578, 0x748, 0x500, 0x57C, 0x524, 0x57C, 0x514, 0x304, 0x000, 0x000 } }, /* 膈 */
	{ 0xEBF6, { 0x020, 0x77C, 0x258, 0x3D4, 0x568, 0x140, 0x208, 0x308, 0x3F8, 0x208, 0x000, 0x000 } }, /* 膂 */
	{ 0xEBF7, { 0x000, 0x010, 0x5FC, 0x500, 0x760, 0x560, 0x548, 0x578, 0x500, 0x56C, 0x244, 0x000 } }, /* 膑 */
	{ 0xEBF8, { 0x000, 0x050, 0x500, 0x57C, 0x720, 0x528, 0x554, 0x558, 0x518, 0x15C, 0x230, 0x000 } }, /* 滕 */
	{ 0xEBF9, { 0x000, 0x010, 0x5FC, 0x508, 0x740, 0x578, 0x568, 0x510, 0x578, 0x510, 0x37C, 0x000 } }, /* 膣 */
	{ 0xEBFA, { 0x000, 0x010, 0x57C, 0x528, 0x7D4, 0x578, 0x550, 0x510, 0x57C, 0x544, 0x17C, 0x000 } }, /* 膪 */
	{ 0xEBFB, { 0x040, 0x5E8, 0x54C, 0x748, 0x5FC, 0x5A4, 0x524, 0x528, 0x1C8, 0x214, 0x000, 0x000 } }, /* 臌 */
	{ 0xEBFC, { 0x028, 0x57C, 0x57C, 0x708, 0x508, 0x720, 0x578, 0x558, 0x134, 0x010, 0x000, 0x000 } }, /* 朦 */
	{ 0xEBFD, { 0x238, 0x548, 0x538, 0x76C, 0x5A4, 0x500, 0x57C, 0x538, 0x55C, 0x390, 0x000, 0x000 } }, /* 臊 */
	{ 0xEBFE, { 0x000, 0x010, 0x57C, 0x57C, 0x734, 0x524, 0x57C, 0x57C, 0x54C, 0x578, 0x17C, 0x000 } }, /* 膻 */
	{ 0xECA1, { 0x000, 0x010, 0x5A8, 0x5A8, 0x7B8, 0x5BC, 0x5FC, 0x5BC, 0x5A8, 0x5EC, 0x3A0, 0x000 } }, /* 臁 */
	{ 0xECA2, { 0x000, 0x558, 0x5FC, 0x778, 0x594, 0x54C, 0x5A8, 0x570, 0x55C, 0x280, 0x000, 0x000 } }, /* 膦 */
	{ 0xECA3, { 0x020, 0x620, 0x43C, 0x444, 0x3D0, 0x090, 0x690, 0x0A8, 0x164, 0x044, 0x000, 0x000 } }, /* 欤 */
	{ 0xECA4, { 0x090, 0x310, 0x6BC, 0x024, 0x790, 0x310, 0x7D8, 0x158, 0x164, 0x124, 0x000, 0x000 } }, /* 欷 */
	{ 0xECA5, { 0x000, 0x010, 0x790, 0x334, 0x4A4, 0x780, 0x090, 0x498, 0x798, 0x0A4, 0x000, 0x000 } }, /* 欹 */
	{ 0xECA6, { 0x000, 0x010, 0x710, 0x11C, 0x124, 0x580, 0x540, 0x7D8, 0x558, 0x7E4, 0x460, 0x000 } }, /* 歃 */
	{ 0xECA7, { 0x000, 0x110, 0x790, 0x0BC, 0x0A4, 0x780, 0x390, 0x498, 0x798, 0x7A4, 0x420, 0x000 } }, /* 歆 */
	{ 0xECA8, { 0x000, 0x110, 0x2D0, 0x41C, 0x6A4, 0x380, 0x6C0, 0x058, 0x2D8, 0x244, 0x220, 0x000 } }, /* 歙 */
	{ 0xECA9, { 0x000, 0x010, 0x4BC, 0x4E4, 0x6AC, 0x5BC, 0x524, 0x5A0, 0x6DC, 0x060, 0x01C, 0x000 } }, /* 飑 */
	{ 0xECAA, { 0x000, 0x278, 0x088, 0x798, 0x0D8, 0x4A8, 0x6A8, 0x2B8, 0x7D8, 0x106, 0x004, 0x000 } }, /* 飒 */
	{ 0xECAB, { 0x018, 0x4A4, 0x4A4, 0x7BC, 0x53C, 0x524, 0x510, 0x6E4, 0x040, 0x01C, 0x000, 0x000 } }, /* 飓 */
	{ 0xECAC, { 0x000, 0x008, 0x4A4, 0x4BC, 0x7BC, 0x518, 0x53C, 0x518, 0x6DC, 0x060, 0x01C, 0x000 } }, /* 飕 */
	{ 0xECAD, { 0x200, 0x284, 0x22C, 0x4BC, 0x450, 0x7D0, 0x514, 0x7EC, 0x146, 0x080, 0x000, 0x000 } }, /* 飙 */
	{ 0xECAE, { 0x000, 0x010, 0x4B4, 0x490, 0x7A4, 0x7A0, 0x5FC, 0x7A0, 0x7CC, 0x480, 0x07C, 0x000 } }, /* 飚 */
	{ 0xECAF, { 0x1E0, 0x110, 0x010, 0x21C, 0x400, 0x110, 0x110, 0x0A0, 0x0E0, 0x61C, 0x000, 0x000 } }, /* 殳 */
	{ 0xECB0, { 0x000, 0x100, 0x110, 0x390, 0x464, 0x380, 0x384, 0x390, 0x618, 0x098, 0x1A0, 0x000 } }, /* 彀 */
	{ 0xECB1, { 0x000, 0x100, 0x7D8, 0x390, 0x7E4, 0x000, 0x784, 0x310, 0x318, 0x3D8, 0x124, 0x000 } }, /* 毂 */
	{ 0xECB2, { 0x000, 0x100, 0x110, 0x010, 0x7C4, 0x200, 0x394, 0x7D4, 0x7D8, 0x7D8, 0x474, 0x000 } }, /* 觳 */
	{ 0xECB3, { 0x0A0, 0x7BC, 0x3BC, 0x0A0, 0x0A0, 0x040, 0x7FC, 0x0A0, 0x0E0, 0x60C, 0x000, 0x000 } }, /* 斐 */
	{ 0xECB4, { 0x000, 0x040, 0x7FC, 0x0A0, 0x1F0, 0x204, 0x2A0, 0x2A0, 0x2A0, 0x4A8, 0x408, 0x000 } }, /* 齑 */
	{ 0xECB5, { 0x000, 0x49C, 0x000, 0x778, 0x230, 0x678, 0x678, 0x230, 0x678, 0x580, 0x004, 0x000 } }, /* 斓 */
	{ 0xECB6, { 0x010, 0x110, 0x7A8, 0x26C, 0x244, 0x390, 0x288, 0x280, 0x498, 0x508, 0x000, 0x000 } }, /* 於 */
	{ 0xECB7, { 0x000, 0x220, 0x060, 0x740, 0x010, 0x210, 0x33C, 0x054, 0x554, 0x554, 0x110, 0x000 } }, /* 旆 */
	{ 0xECB8, { 0x000, 0x220, 0x07C, 0x7C0, 0x078, 0x300, 0x178, 0x534, 0x530, 0x500, 0x01C, 0x000 } }, /* 旄 */
	{ 0xECB9, { 0x000, 0x220, 0x27C, 0x740, 0x2FC, 0x214, 0x104, 0x57C, 0x504, 0x544, 0x048, 0x000 } }, /* 旃 */
	{ 0xECBA, { 0x000, 0x220, 0x060, 0x740, 0x210, 0x27C, 0x350, 0x010, 0x510, 0x510, 0x17C, 0x000 } }, /* 旌 */
	{ 0xECBB, { 0x000, 0x200, 0x27C, 0x7C0, 0x0FC, 0x244, 0x140, 0x554, 0x550, 0x550, 0x19C, 0x000 } }, /* 旎 */
	{ 0xECBC, { 0x000, 0x240, 0x07C, 0x790, 0x2FC, 0x228, 0x374, 0x050, 0x558, 0x558, 0x084, 0x000 } }, /* 旒 */
	{ 0xECBD, { 0x000, 0x220, 0x27C, 0x7D0, 0x298, 0x224, 0x1FC, 0x574, 0x554, 0x574, 0x00C, 0x000 } }, /* 旖 */
	{ 0xECBE, { 0x000, 0x200, 0x20C, 0x608, 0x730, 0x67C, 0x228, 0x340, 0x0D4, 0x424, 0x04C, 0x000 } }, /* 炀 */
	{ 0xECBF, { 0x000, 0x200, 0x230, 0x230, 0x330, 0x230, 0x230, 0x334, 0x500, 0x404, 0x000, 0x000 } }, /* 炜 */
	{ 0xECC0, { 0x210, 0x230, 0x210, 0x710, 0x654, 0x254, 0x37C, 0x110, 0x410, 0x41C, 0x000, 0x000 } }, /* 炖 */
	{ 0xECC1, { 0x000, 0x220, 0x230, 0x2C8, 0x744, 0x6F8, 0x248, 0x348, 0x140, 0x444, 0x43C, 0x000 } }, /* 炝 */
	{ 0xECC2, { 0x200, 0x27C, 0x280, 0x720, 0x63C, 0x264, 0x3A4, 0x0A4, 0x43C, 0x424, 0x000, 0x000 } }, /* 炻 */
	{ 0xECC3, { 0x204, 0x270, 0x210, 0x754, 0x610, 0x2FC, 0x310, 0x090, 0x410, 0x430, 0x000, 0x000 } }, /* 烀 */
	{ 0xECC4, { 0x210, 0x210, 0x27C, 0x710, 0x610, 0x27C, 0x310, 0x190, 0x410, 0x47C, 0x000, 0x000 } }, /* 炷 */
	{ 0xECC5, { 0x000, 0x210, 0x210, 0x230, 0x720, 0x648, 0x278, 0x310, 0x124, 0x444, 0x464, 0x000 } }, /* 炫 */
	{ 0xECC6, { 0x000, 0x080, 0x110, 0x7FC, 0x000, 0x208, 0x3F8, 0x240, 0x2D0, 0x1B0, 0x60C, 0x000 } }, /* 炱 */
	{ 0xECC7, { 0x000, 0x210, 0x250, 0x25C, 0x3D0, 0x250, 0x24C, 0x210, 0x5FC, 0x410, 0x010, 0x000 } }, /* 烨 */
	{ 0xECC8, { 0x200, 0x228, 0x27C, 0x710, 0x63C, 0x210, 0x310, 0x3FC, 0x410, 0x410, 0x000, 0x000 } }, /* 烊 */
	{ 0xECC9, { 0x000, 0x200, 0x220, 0x220, 0x728, 0x228, 0x200, 0x278, 0x544, 0x444, 0x044, 0x000 } }, /* 焐 */
	{ 0xECCA, { 0x220, 0x230, 0x248, 0x784, 0x278, 0x210, 0x210, 0x540, 0x440, 0x448, 0x000, 0x000 } }, /* 焓 */
	{ 0xECCB, { 0x000, 0x200, 0x244, 0x380, 0x690, 0x280, 0x2EC, 0x2C0, 0x18C, 0x490, 0x484, 0x000 } }, /* 焖 */
	{ 0xECCC, { 0x210, 0x21C, 0x210, 0x744, 0x27C, 0x244, 0x210, 0x3FC, 0x410, 0x410, 0x000, 0x000 } }, /* 焯 */
	{ 0xECCD, { 0x000, 0x040, 0x248, 0x0E0, 0x110, 0x604, 0x110, 0x694, 0x218, 0x3A8, 0x444, 0x000 } }, /* 焱 */
	{ 0xECCE, { 0x24C, 0x240, 0x2E0, 0x74C, 0x240, 0x2AC, 0x2AC, 0x1F0, 0x410, 0x404, 0x000, 0x000 } }, /* 煳 */
	{ 0xECCF, { 0x000, 0x27C, 0x244, 0x27C, 0x744, 0x210, 0x210, 0x200, 0x148, 0x408, 0x4FC, 0x000 } }, /* 煜 */
	{ 0xECD0, { 0x000, 0x27C, 0x214, 0x2FC, 0x7D4, 0x200, 0x2FC, 0x350, 0x158, 0x468, 0x444, 0x000 } }, /* 煨 */
	{ 0xECD1, { 0x000, 0x200, 0x294, 0x294, 0x7D4, 0x280, 0x2D4, 0x394, 0x4D8, 0x498, 0x0A4, 0x000 } }, /* 煅 */
	{ 0xECD2, { 0x000, 0x200, 0x280, 0x6F8, 0x6FC, 0x268, 0x2A4, 0x048, 0x2D0, 0x1B0, 0x60C, 0x000 } }, /* 煲 */
	{ 0xECD3, { 0x000, 0x210, 0x2FC, 0x280, 0x378, 0xA00, 0x244, 0x27C, 0x54C, 0x400, 0x4FC, 0x000 } }, /* 煊 */
	{ 0xECD4, { 0x000, 0x210, 0x27C, 0x244, 0x37C, 0x240, 0x2C8, 0x2FC, 0x348, 0x448, 0x444, 0x000 } }, /* 煸 */
	{ 0xECD5, { 0x218, 0x244, 0x25C, 0x304, 0x258, 0x24C, 0x24C, 0x374, 0x440, 0x49C, 0x000, 0x000 } }, /* 煺 */
	{ 0xECD6, { 0x260, 0x20C, 0x2AC, 0x7F4, 0x254, 0x27C, 0x214, 0x1FC, 0x454, 0x444, 0x000, 0x000 } }, /* 熘 */
	{ 0xECD7, { 0x000, 0x27C, 0x27C, 0x344, 0x300, 0x2BC, 0x2FC, 0x200, 0x548, 0x430, 0x0CC, 0x000 } }, /* 熳 */
	{ 0xECD8, { 0x200, 0x2FC, 0x208, 0x37C, 0x284, 0x2EC, 0x2FC, 0x5A8, 0x484, 0x084, 0x000, 0x000 } }, /* 熵 */
	{ 0xECD9, { 0x3C4, 0x65C, 0x5C4, 0x414, 0x4C4, 0x6C8, 0x040, 0x2C0, 0x1B0, 0x60C, 0x000, 0x000 } }, /* 熨 */
	{ 0xECDA, { 0x26C, 0x224, 0x26C, 0x32C, 0x220, 0x230, 0x244, 0x17C, 0x444, 0x47C, 0x000, 0x000 } }, /* 熠 */
	{ 0xECDB, { 0x000, 0x220, 0x2FC, 0x29C, 0x3BC, 0x2B4, 0x2FC, 0x200, 0x13C, 0x428, 0x484, 0x000 } }, /* 燠 */
	{ 0xECDC, { 0x20C, 0x2F0, 0x348, 0x2FC, 0x278, 0x2CC, 0x2F8, 0x178, 0x478, 0x448, 0x000, 0x000 } }, /* 燔 */
	{ 0xECDD, { 0x220, 0x2A8, 0x390, 0x270, 0x298, 0x298, 0x2AC, 0x588, 0x490, 0x13C, 0x000, 0x000 } }, /* 燧 */
	{ 0xECDE, { 0x7BC, 0x210, 0x7BC, 0x5AC, 0x318, 0x508, 0x040, 0x2C8, 0x1B0, 0x60C, 0x000, 0x000 } }, /* 燹 */
	{ 0xECDF, { 0x20C, 0x280, 0x2FC, 0x2A4, 0x2FC, 0x2E4, 0x2A4, 0x5E4, 0x4A4, 0x0C8, 0x000, 0x000 } }, /* 爝 */
	{ 0xECE0, { 0x2A8, 0x2E8, 0x2E8, 0x7FC, 0x3B8, 0x3B8, 0x7FC, 0x358, 0x5E0, 0x318, 0x000, 0x000 } }, /* 爨 */
	{ 0xECE1, { 0x000, 0x000, 0x000, 0x000, 0x424, 0x4A4, 0x480, 0x000, 0x000, 0x000, 0x000, 0x000 } }, /* 灬 */
	{ 0xECE2, { 0x000, 0x000, 0x7FC, 0x080, 0x080, 0x7FC, 0x11C, 0x298, 0x410, 0x484, 0x484, 0x000 } }, /* 焘 */
	{ 0xECE3, { 0x000, 0x020, 0x57C, 0x5C4, 0x7F4, 0x554, 0x574, 0x70C, 0x000, 0x4A4, 0x480, 0x000 } }, /* 煦 */
	{ 0xECE4, { 0x000, 0x040, 0x040, 0x000, 0x3F8, 0x3F8, 0x7FC, 0x3F8, 0x208, 0x000, 0x484, 0x000 } }, /* 熹 */
	{ 0xECE5, { 0x000, 0x040, 0x7FC, 0x404, 0x7F8, 0x448, 0x468, 0x460, 0x460, 0x498, 0x204, 0x000 } }, /* 戾 */
	{ 0xECE6, { 0x000, 0x040, 0x7FC, 0x404, 0x7F8, 0x448, 0x408, 0x4C8, 0x47C, 0x408, 0x008, 0x000 } }, /* 戽 */
	{ 0xECE7, { 0x000, 0x040, 0x3FC, 0x204, 0x3FC, 0x000, 0x104, 0x174, 0x554, 0x504, 0x10C, 0x000 } }, /* 扃 */
	{ 0xECE8, { 0x000, 0x040, 0x3FC, 0x3FC, 0x000, 0x008, 0x0F8, 0x5FC, 0x52C, 0x500, 0x5FC, 0x000 } }, /* 扈 */
	{ 0xECE9, { 0x000, 0x040, 0x7FC, 0x404, 0x600, 0x450, 0x4D0, 0x5DC, 0x450, 0x5DC, 0x050, 0x000 } }, /* 扉 */
	{ 0xECEA, { 0x000, 0x100, 0x000, 0x780, 0x080, 0x100, 0x340, 0x500, 0x100, 0x100, 0x100, 0x000 } }, /* 礻 */
	{ 0xECEB, { 0x200, 0x044, 0x744, 0x144, 0x27C, 0x744, 0x640, 0x240, 0x244, 0x23C, 0x000, 0x000 } }, /* 祀 */
	{ 0xECEC, { 0x000, 0x200, 0x030, 0x700, 0x100, 0x2FC, 0x730, 0x630, 0x228, 0x24C, 0x284, 0x000 } }, /* 祆 */
	{ 0xECED, { 0x000, 0x210, 0x010, 0x750, 0x15C, 0x250, 0x750, 0x650, 0x250, 0x250, 0x200, 0x000 } }, /* 祉 */
	{ 0xECEE, { 0x000, 0x210, 0x010, 0x77C, 0x110, 0x230, 0x730, 0x620, 0x248, 0x25C, 0x240, 0x000 } }, /* 祛 */
	{ 0xECEF, { 0x000, 0x210, 0x010, 0x77C, 0x110, 0x210, 0x37C, 0x6C4, 0x244, 0x27C, 0x244, 0x000 } }, /* 祜 */
	{ 0xECF0, { 0x000, 0x228, 0x020, 0x77C, 0x120, 0x238, 0x768, 0x6E8, 0x290, 0x238, 0x2C4, 0x000 } }, /* 祓 */
	{ 0xECF1, { 0x000, 0x220, 0x020, 0x77C, 0x140, 0x21C, 0x300, 0x690, 0x210, 0x200, 0x200, 0x000 } }, /* 祚 */
	{ 0xECF2, { 0x000, 0x220, 0x020, 0x744, 0x144, 0x210, 0x750, 0x6D4, 0x254, 0x290, 0x230, 0x000 } }, /* 祢 */
	{ 0xECF3, { 0x000, 0x200, 0x078, 0x750, 0x150, 0x27C, 0x750, 0x640, 0x248, 0x26C, 0x214, 0x000 } }, /* 祗 */
	{ 0xECF4, { 0x000, 0x200, 0x004, 0x704, 0x104, 0x204, 0x754, 0x654, 0x274, 0x204, 0x20C, 0x000 } }, /* 祠 */
	{ 0xECF5, { 0x000, 0x210, 0x01C, 0x710, 0x17C, 0x244, 0x754, 0x6D4, 0x210, 0x22C, 0x2C0, 0x000 } }, /* 祯 */
	{ 0xECF6, { 0x000, 0x220, 0x020, 0x7E4, 0x16C, 0x320, 0x768, 0x6C4, 0x240, 0x240, 0x28C, 0x000 } }, /* 祧 */
	{ 0xECF7, { 0x248, 0x07C, 0x748, 0x178, 0x348, 0x778, 0x6C8, 0x200, 0x248, 0x284, 0x000, 0x000 } }, /* 祺 */
	{ 0xECF8, { 0x000, 0x208, 0x028, 0x77C, 0x154, 0x254, 0x754, 0x610, 0x210, 0x210, 0x210, 0x000 } }, /* 禅 */
	{ 0xECF9, { 0x000, 0x240, 0x2EC, 0x748, 0x148, 0x2F4, 0x740, 0x630, 0x230, 0x268, 0x284, 0x000 } }, /* 禊 */
	{ 0xECFA, { 0x000, 0x228, 0x028, 0x77C, 0x110, 0x238, 0x710, 0x67C, 0x204, 0x22C, 0x2A0, 0x000 } }, /* 禚 */
	{ 0xECFB, { 0x210, 0x210, 0x77C, 0x17C, 0x244, 0x728, 0x67C, 0x200, 0x244, 0x27C, 0x000, 0x000 } }, /* 禧 */
	{ 0xECFC, { 0x000, 0x230, 0x200, 0x7EC, 0x0EC, 0x2FC, 0x77C, 0x278, 0x270, 0x2D8, 0x264, 0x000 } }, /* 禳 */
	{ 0xECFD, { 0x000, 0x7FC, 0x040, 0x050, 0x048, 0x040, 0x000, 0x448, 0x504, 0x510, 0x0F0, 0x000 } }, /* 忑 */
	{ 0xECFE, { 0x000, 0x040, 0x040, 0x040, 0x040, 0x7FC, 0x000, 0x148, 0x504, 0x510, 0x0F0, 0x000 } }, /* 忐 */
	{ 0xEDA1, { 0x000, 0x008, 0x788, 0x08C, 0x308, 0x3A8, 0x488, 0x040, 0x504, 0x514, 0x0F0, 0x000 } }, /* 怼 */
	{ 0xEDA2, { 0x000, 0x000, 0x794, 0x204, 0x7A4, 0x7A4, 0x208, 0x040, 0x544, 0x514, 0x1F0, 0x000 } }, /* 恝 */
	{ 0xEDA3, { 0x000, 0x040, 0x3F8, 0x040, 0x46C, 0x3F8, 0x040, 0x7FC, 0x040, 0x514, 0x4F0, 0x000 } }, /* 恚 */
	{ 0xEDA4, { 0x000, 0x7FC, 0x040, 0x3F8, 0x2A8, 0x2A0, 0x008, 0x040, 0x504, 0x514, 0x0F0, 0x000 } }, /* 恧 */
	{ 0xEDA5, { 0x000, 0x100, 0x2F0, 0x620, 0x6FC, 0x220, 0x2FC, 0x000, 0x224, 0x084, 0x0F0, 0x000 } }, /* 恁 */
	{ 0xEDA6, { 0x000, 0x110, 0x120, 0x040, 0x040, 0x040, 0x7FC, 0x000, 0x504, 0x504, 0x0F0, 0x000 } }, /* 恙 */
	{ 0xEDA7, { 0x000, 0x040, 0x6FC, 0x0A4, 0x020, 0x250, 0x58C, 0x040, 0x504, 0x504, 0x0F0, 0x000 } }, /* 恣 */
	{ 0xEDA8, { 0x000, 0x040, 0x7FC, 0x3F8, 0x7FC, 0x404, 0x120, 0x61C, 0x040, 0x504, 0x1F0, 0x000 } }, /* 悫 */
	{ 0xEDA9, { 0x000, 0x21C, 0x400, 0x2BC, 0x608, 0x248, 0x288, 0x000, 0x148, 0x504, 0x0F0, 0x000 } }, /* 愆 */
	{ 0xEDAA, { 0x000, 0x010, 0x430, 0x7E0, 0x5E8, 0x518, 0x6D8, 0x024, 0x548, 0x514, 0x1F0, 0x000 } }, /* 愍 */
	{ 0xEDAB, { 0x000, 0x7F8, 0x490, 0x4D0, 0x5F8, 0x5F8, 0x4F8, 0x7FC, 0x040, 0x504, 0x1F0, 0x000 } }, /* 慝 */
	{ 0xEDAC, { 0x000, 0x090, 0x73C, 0x324, 0x124, 0x7BC, 0x4A4, 0x000, 0x140, 0x504, 0x0F0, 0x000 } }, /* 憩 */
	{ 0xEDAD, { 0x000, 0x110, 0x7D0, 0x3A4, 0x3A8, 0x798, 0x198, 0x36C, 0x000, 0x504, 0x5F0, 0x000 } }, /* 憝 */
	{ 0xEDAE, { 0x000, 0x208, 0x228, 0x65C, 0x2E8, 0x6DC, 0x348, 0x248, 0x040, 0x504, 0x0F0, 0x000 } }, /* 懋 */
	{ 0xEDAF, { 0x000, 0x050, 0x2FC, 0x1FC, 0x450, 0x0D4, 0x4FC, 0x484, 0x040, 0x504, 0x4F0, 0x000 } }, /* 懑 */
	{ 0xEDB0, { 0x000, 0x020, 0x778, 0x7BC, 0x318, 0x480, 0x7F4, 0x790, 0x064, 0x100, 0x4F4, 0x000 } }, /* 戆 */
	{ 0xEDB1, { 0x000, 0x040, 0x3F8, 0x048, 0x7FC, 0x048, 0x3F8, 0x040, 0x040, 0x040, 0x040, 0x000 } }, /* 肀 */
	{ 0xEDB2, { 0x040, 0x3F8, 0x048, 0x7FC, 0x048, 0x040, 0x3F8, 0x040, 0x040, 0x040, 0x000, 0x000 } }, /* 聿 */
	{ 0xEDB3, { 0x040, 0x748, 0x170, 0x250, 0x4CC, 0x3F8, 0x208, 0x3F8, 0x208, 0x208, 0x000, 0x000 } }, /* 沓 */
	{ 0xEDB4, { 0x048, 0x248, 0x010, 0x7FC, 0x444, 0x348, 0x170, 0x150, 0x24C, 0x4C0, 0x000, 0x000 } }, /* 泶 */
	{ 0xEDB5, { 0x000, 0x040, 0x770, 0x170, 0x64C, 0x000, 0x110, 0x7BC, 0x5B8, 0x554, 0x350, 0x000 } }, /* 淼 */
	{ 0xEDB6, { 0x038, 0x228, 0x228, 0x708, 0x408, 0x008, 0x048, 0x348, 0x0C8, 0x08C, 0x000, 0x000 } }, /* 矶 */
	{ 0xEDB7, { 0x73C, 0x210, 0x210, 0x610, 0x7FC, 0x410, 0x010, 0x310, 0x110, 0x010, 0x000, 0x000 } }, /* 矸 */
	{ 0xEDB8, { 0x038, 0x208, 0x210, 0x260, 0x73C, 0x424, 0x054, 0x394, 0x024, 0x04C, 0x000, 0x000 } }, /* 砀 */
	{ 0xEDB9, { 0x000, 0x040, 0x040, 0x3F8, 0x040, 0x040, 0x3F8, 0x080, 0x3F8, 0x508, 0x1F8, 0x000 } }, /* 砉 */
	{ 0xEDBA, { 0x000, 0x010, 0x730, 0x220, 0x200, 0x758, 0x510, 0x110, 0x37C, 0x010, 0x010, 0x000 } }, /* 砗 */
	{ 0xEDBB, { 0x000, 0x010, 0x27C, 0x210, 0x610, 0x554, 0x554, 0x174, 0x310, 0x010, 0x01C, 0x000 } }, /* 砘 */
	{ 0xEDBC, { 0x07C, 0x208, 0x228, 0x248, 0x67C, 0x418, 0x008, 0x328, 0x048, 0x018, 0x000, 0x000 } }, /* 砑 */
	{ 0xEDBD, { 0x000, 0x01C, 0x220, 0x200, 0x62C, 0x728, 0x008, 0x048, 0x348, 0x048, 0x088, 0x000 } }, /* 斫 */
	{ 0xEDBE, { 0x000, 0x00C, 0x7B0, 0x210, 0x210, 0x73C, 0x408, 0x010, 0x310, 0x060, 0x01C, 0x000 } }, /* 砭 */
	{ 0xEDBF, { 0x000, 0x078, 0x208, 0x058, 0x678, 0x538, 0x538, 0x3B8, 0x7D8, 0x084, 0x104, 0x000 } }, /* 砜 */
	{ 0xEDC0, { 0x000, 0x010, 0x710, 0x23C, 0x210, 0x77C, 0x400, 0x020, 0x328, 0x34C, 0x044, 0x000 } }, /* 砝 */
	{ 0xEDC1, { 0x000, 0x008, 0x768, 0x268, 0x200, 0x708, 0x428, 0x030, 0x310, 0x028, 0x0C4, 0x000 } }, /* 砹 */
	{ 0xEDC2, { 0x03C, 0x240, 0x260, 0x650, 0x550, 0x454, 0x054, 0x3D4, 0x0A4, 0x08C, 0x000, 0x000 } }, /* 砺 */
	{ 0xEDC3, { 0x000, 0x090, 0x7FC, 0x0A0, 0x130, 0x6FC, 0x000, 0x100, 0x3F8, 0x508, 0x108, 0x000 } }, /* 砻 */
	{ 0xEDC4, { 0x000, 0x010, 0x7A0, 0x230, 0x250, 0x79C, 0x690, 0x290, 0x39C, 0x290, 0x010, 0x000 } }, /* 砟 */
	{ 0xEDC5, { 0x000, 0x010, 0x7B0, 0x228, 0x244, 0x780, 0x438, 0x010, 0x310, 0x310, 0x07C, 0x000 } }, /* 砼 */
	{ 0xEDC6, { 0x000, 0x03C, 0x750, 0x250, 0x250, 0x7D8, 0x440, 0x048, 0x368, 0x244, 0x014, 0x000 } }, /* 砥 */
	{ 0xEDC7, { 0x000, 0x010, 0x790, 0x27C, 0x200, 0x704, 0x420, 0x028, 0x028, 0x308, 0x07C, 0x000 } }, /* 砬 */
	{ 0xEDC8, { 0x000, 0x010, 0x710, 0x27C, 0x200, 0x720, 0x428, 0x030, 0x320, 0x320, 0x03C, 0x000 } }, /* 砣 */
	{ 0xEDC9, { 0x000, 0x028, 0x238, 0x22C, 0x62C, 0x7E8, 0x5A8, 0x13C, 0x328, 0x54C, 0x088, 0x000 } }, /* 砩 */
	{ 0xEDCA, { 0x000, 0x260, 0x268, 0x268, 0x778, 0x568, 0x168, 0x320, 0x0A0, 0x0A4, 0x000, 0x000 } }, /* 硎 */
	{ 0xEDCB, { 0x000, 0x028, 0x72C, 0x228, 0x000, 0x700, 0x57C, 0x500, 0x300, 0x500, 0x03C, 0x000 } }, /* 硭 */
	{ 0xEDCC, { 0x000, 0x010, 0x730, 0x210, 0x650, 0x750, 0x57C, 0x510, 0x728, 0x44C, 0x084, 0x000 } }, /* 硖 */
	{ 0xEDCD, { 0x000, 0x020, 0x778, 0x228, 0x430, 0x76C, 0x500, 0x57C, 0x700, 0x540, 0x08C, 0x000 } }, /* 硗 */
	{ 0xEDCE, { 0x000, 0x020, 0x0A8, 0x020, 0x3A4, 0x61C, 0x7FC, 0x100, 0x3F8, 0x508, 0x108, 0x000 } }, /* 砦 */
	{ 0xEDCF, { 0x77C, 0x244, 0x25C, 0x744, 0x57C, 0x56C, 0x16C, 0x37C, 0x044, 0x044, 0x000, 0x000 } }, /* 硐 */
	{ 0xEDD0, { 0x000, 0x010, 0x730, 0x244, 0x268, 0x758, 0x450, 0x058, 0x36C, 0x044, 0x044, 0x000 } }, /* 硇 */
	{ 0xEDD1, { 0x000, 0x020, 0x738, 0x268, 0x230, 0x738, 0x544, 0x138, 0x300, 0x538, 0x000, 0x000 } }, /* 硌 */
	{ 0xEDD2, { 0x000, 0x000, 0x764, 0x200, 0x27C, 0x708, 0x52C, 0x1C8, 0x308, 0x134, 0x044, 0x000 } }, /* 硪 */
	{ 0xEDD3, { 0x000, 0x010, 0x77C, 0x27C, 0x210, 0x700, 0x578, 0x154, 0x354, 0x028, 0x0C4, 0x000 } }, /* 碛 */
	{ 0xEDD4, { 0x000, 0x028, 0x740, 0x27C, 0x240, 0x7FC, 0x540, 0x17C, 0x340, 0x07C, 0x040, 0x000 } }, /* 碓 */
	{ 0xEDD5, { 0x000, 0x010, 0x718, 0x200, 0x228, 0x7FC, 0x400, 0x03C, 0x304, 0x23C, 0x004, 0x000 } }, /* 碚 */
	{ 0xEDD6, { 0x000, 0x010, 0x77C, 0x244, 0x000, 0x710, 0x510, 0x15C, 0x350, 0x1F0, 0x09C, 0x000 } }, /* 碇 */
	{ 0xEDD7, { 0x000, 0x020, 0x748, 0x264, 0x674, 0x568, 0x5D4, 0x568, 0x730, 0x008, 0x0E0, 0x000 } }, /* 碜 */
	{ 0xEDD8, { 0x000, 0x010, 0x77C, 0x27C, 0x210, 0x500, 0x554, 0x1FC, 0x354, 0x07C, 0x008, 0x000 } }, /* 碡 */
	{ 0xEDD9, { 0x03C, 0x744, 0x26C, 0x27C, 0x720, 0x47C, 0x0D4, 0x36C, 0x144, 0x004, 0x000, 0x000 } }, /* 碣 */
	{ 0xEDDA, { 0x000, 0x010, 0x77C, 0x208, 0x278, 0x790, 0x57C, 0x154, 0x354, 0x054, 0x010, 0x000 } }, /* 碲 */
	{ 0xEDDB, { 0x000, 0x010, 0x77C, 0x200, 0x438, 0x778, 0x544, 0x17C, 0x344, 0x100, 0x07C, 0x000 } }, /* 碹 */
	{ 0xEDDC, { 0x000, 0x010, 0x77C, 0x244, 0x640, 0x77C, 0x558, 0x1FC, 0x358, 0x048, 0x044, 0x000 } }, /* 碥 */
	{ 0xEDDD, { 0x000, 0x040, 0x77C, 0x2A0, 0x678, 0x748, 0x510, 0x17C, 0x338, 0x054, 0x090, 0x000 } }, /* 磔 */
	{ 0xEDDE, { 0x000, 0x010, 0x77C, 0x068, 0x414, 0x520, 0x57C, 0x520, 0x76C, 0x424, 0x020, 0x000 } }, /* 磙 */
	{ 0xEDDF, { 0x078, 0x738, 0x228, 0x64C, 0x54C, 0x56C, 0x100, 0x338, 0x048, 0x084, 0x000, 0x000 } }, /* 磉 */
	{ 0xEDE0, { 0x000, 0x118, 0x108, 0x3A4, 0x7BC, 0x558, 0x43C, 0x3F8, 0x1F8, 0x708, 0x1F8, 0x000 } }, /* 磬 */
	{ 0xEDE1, { 0x000, 0x05C, 0x710, 0x214, 0x41C, 0x55C, 0x500, 0x57C, 0x738, 0x454, 0x090, 0x000 } }, /* 磲 */
	{ 0xEDE2, { 0x000, 0x048, 0x648, 0x00C, 0x6B4, 0x5F4, 0x5E4, 0x548, 0x7E8, 0x44C, 0x050, 0x000 } }, /* 礅 */
	{ 0xEDE3, { 0x000, 0x070, 0x228, 0x24C, 0x27C, 0x784, 0x548, 0x148, 0x308, 0x028, 0x07C, 0x000 } }, /* 磴 */
	{ 0xEDE4, { 0x000, 0x07C, 0x678, 0x274, 0x454, 0x700, 0x500, 0x154, 0x354, 0x47C, 0x0FC, 0x000 } }, /* 礓 */
	{ 0xEDE5, { 0x000, 0x028, 0x27C, 0x240, 0x26C, 0x568, 0x57C, 0x180, 0x310, 0x054, 0x0B0, 0x000 } }, /* 礤 */
	{ 0xEDE6, { 0x000, 0x028, 0x67C, 0x2FC, 0x280, 0x738, 0x520, 0x158, 0x350, 0x034, 0x010, 0x000 } }, /* 礞 */
	{ 0xEDE7, { 0x000, 0x028, 0x668, 0x21C, 0x438, 0x734, 0x534, 0x53C, 0x7BC, 0x5A0, 0x008, 0x000 } }, /* 礴 */
	{ 0xEDE8, { 0x000, 0x040, 0x1B0, 0x6EC, 0x1F0, 0x208, 0x090, 0x7FC, 0x000, 0x120, 0x6BC, 0x000 } }, /* 龛 */
	{ 0xEDE9, { 0x0A0, 0x2A8, 0x0A0, 0x248, 0x150, 0x7FC, 0x444, 0x554, 0x544, 0x448, 0x000, 0x000 } }, /* 黹 */
	{ 0xEDEA, { 0x280, 0x6D4, 0x29C, 0x550, 0x11C, 0x7D4, 0x7F0, 0x7C8, 0x558, 0x464, 0x000, 0x000 } }, /* 黻 */
	{ 0xEDEB, { 0x004, 0x34C, 0x788, 0x7BC, 0x4AC, 0x7BC, 0x72C, 0x7BC, 0x42C, 0x0AC, 0x000, 0x000 } }, /* 黼 */
	{ 0xEDEC, { 0x700, 0x510, 0x510, 0x510, 0x5FC, 0x710, 0x110, 0x710, 0x010, 0x030, 0x000, 0x000 } }, /* 盱 */
	{ 0xEDED, { 0x0FC, 0x500, 0x100, 0x71C, 0x104, 0x744, 0x104, 0x704, 0x504, 0x018, 0x000, 0x000 } }, /* 眄 */
	{ 0xEDEE, { 0x000, 0x07C, 0x540, 0x144, 0x750, 0x158, 0x748, 0x154, 0x574, 0x540, 0x07C, 0x000 } }, /* 眍 */
	{ 0xEDEF, { 0x000, 0x010, 0xF30, 0x910, 0xF10, 0x914, 0xF14, 0x97C, 0xD10, 0xD10, 0x01C, 0x000 } }, /* 盹 */
	{ 0xEDF0, { 0x000, 0x010, 0x510, 0x554, 0x554, 0x5D0, 0x71C, 0x108, 0x710, 0x030, 0x0C0, 0x000 } }, /* 眇 */
	{ 0xEDF1, { 0x010, 0xF00, 0x1FC, 0x784, 0x120, 0x730, 0x130, 0x550, 0xD50, 0x09C, 0x000, 0x000 } }, /* 眈 */
	{ 0xEDF2, { 0x000, 0x240, 0x3FC, 0x5F8, 0x040, 0x000, 0x3F8, 0x3F8, 0x208, 0x208, 0x3F8, 0x000 } }, /* 眚 */
	{ 0xEDF3, { 0x000, 0x200, 0x3BC, 0x4A8, 0x120, 0x718, 0x308, 0x3F8, 0x308, 0x208, 0x308, 0x000 } }, /* 眢 */
	{ 0xEDF4, { 0x000, 0x010, 0x720, 0x108, 0x74C, 0x140, 0x738, 0x144, 0x544, 0x57C, 0x044, 0x000 } }, /* 眙 */
	{ 0xEDF5, { 0x000, 0x010, 0x578, 0x110, 0x710, 0x17C, 0x710, 0x17C, 0x510, 0x510, 0x0FC, 0x000 } }, /* 眭 */
	{ 0xEDF6, { 0x000, 0x000, 0x600, 0x080, 0x6BC, 0x088, 0x680, 0x080, 0x680, 0x0F0, 0x08C, 0x000 } }, /* 眦 */
	{ 0xEDF7, { 0x000, 0x020, 0x77C, 0x148, 0x738, 0x570, 0x71C, 0x524, 0x514, 0x518, 0x0E0, 0x000 } }, /* 眵 */
	{ 0xEDF8, { 0x000, 0x020, 0x728, 0x14C, 0x700, 0x150, 0x750, 0x110, 0x5FC, 0x410, 0x010, 0x000 } }, /* 眸 */
	{ 0xEDF9, { 0x000, 0x000, 0x578, 0x120, 0x748, 0x100, 0x7FC, 0x130, 0x568, 0x084, 0x000, 0x000 } }, /* 睐 */
	{ 0xEDFA, { 0x000, 0x010, 0x530, 0x148, 0x74C, 0x138, 0x700, 0x128, 0x548, 0x508, 0x0FC, 0x000 } }, /* 睑 */
	{ 0xEDFB, { 0x000, 0x048, 0xF08, 0x134, 0x714, 0x170, 0x710, 0x134, 0x530, 0x1D4, 0x090, 0x000 } }, /* 睇 */
	{ 0xEDFC, { 0x000, 0x020, 0x708, 0x17C, 0x708, 0x144, 0x720, 0x168, 0x730, 0x030, 0x0C4, 0x000 } }, /* 睃 */
	{ 0xEDFD, { 0x67C, 0x580, 0x598, 0x590, 0x598, 0x780, 0x190, 0x798, 0x190, 0x100, 0x000, 0x000 } }, /* 睚 */
	{ 0xEDFE, { 0x000, 0x668, 0x104, 0x144, 0x744, 0x144, 0x778, 0x110, 0x750, 0x050, 0x08C, 0x000 } }, /* 睨 */
	{ 0xEEA1, { 0x000, 0x040, 0x740, 0x158, 0x7C0, 0x17C, 0x740, 0x17C, 0x540, 0x77C, 0x040, 0x000 } }, /* 睢 */
	{ 0xEEA2, { 0x000, 0x020, 0x7FC, 0x194, 0x7FC, 0x1A4, 0x77C, 0x128, 0x7FC, 0x408, 0x008, 0x000 } }, /* 睥 */
	{ 0xEEA3, { 0x000, 0x078, 0x040, 0x404, 0x1F0, 0x2A8, 0x3F8, 0x70C, 0x108, 0x118, 0x1F8, 0x000 } }, /* 睿 */
	{ 0xEEA4, { 0x010, 0x594, 0x1D4, 0x794, 0x17C, 0x710, 0x148, 0x548, 0x530, 0x0CC, 0x000, 0x000 } }, /* 瞍 */
	{ 0xEEA5, { 0x000, 0x658, 0x130, 0x5CC, 0x54C, 0x1B4, 0x720, 0x17C, 0x730, 0x048, 0x084, 0x000 } }, /* 睽 */
	{ 0xEEA6, { 0x000, 0x3D0, 0x0BC, 0x7E8, 0x358, 0x53C, 0x3F8, 0x208, 0x208, 0x208, 0x3F8, 0x000 } }, /* 瞀 */
	{ 0xEEA7, { 0x000, 0x000, 0x67C, 0x030, 0x628, 0x04C, 0x644, 0x0FC, 0x6B4, 0x0B4, 0x0FC, 0x000 } }, /* 瞌 */
	{ 0xEEA8, { 0x07C, 0x980, 0x97C, 0xF44, 0x944, 0xF7C, 0x910, 0x96C, 0xF68, 0x084, 0x000, 0x000 } }, /* 瞑 */
	{ 0xEEA9, { 0x0FC, 0x230, 0x2FC, 0x6B4, 0x000, 0x678, 0x0FC, 0x610, 0x094, 0x020, 0x000, 0x000 } }, /* 瞟 */
	{ 0xEEAA, { 0x000, 0x010, 0x650, 0x0FC, 0x680, 0x07C, 0x64C, 0x010, 0x678, 0x010, 0x0FC, 0x000 } }, /* 瞠 */
	{ 0xEEAB, { 0x000, 0x008, 0x648, 0x0FC, 0x6B4, 0x0F4, 0x6A4, 0x0EC, 0x6A8, 0x0EC, 0x034, 0x000 } }, /* 瞰 */
	{ 0xEEAC, { 0x000, 0x000, 0x640, 0x0FC, 0x658, 0x084, 0x6CC, 0x1A8, 0x658, 0x04C, 0x080, 0x000 } }, /* 瞵 */
	{ 0xEEAD, { 0x000, 0x318, 0x790, 0x7BC, 0x498, 0x198, 0x3E0, 0x208, 0x308, 0x208, 0x3F8, 0x000 } }, /* 瞽 */
	{ 0xEEAE, { 0x000, 0x688, 0x288, 0x688, 0x788, 0x288, 0x288, 0x788, 0x008, 0x010, 0x000, 0x000 } }, /* 町 */
	{ 0xEEAF, { 0x3F8, 0x044, 0x3FC, 0x044, 0x3F8, 0x000, 0x190, 0x110, 0x310, 0x410, 0x000, 0x000 } }, /* 畀 */
	{ 0xEEB0, { 0x010, 0x794, 0x290, 0x2BC, 0x790, 0x290, 0x2B0, 0x7A8, 0x04C, 0x084, 0x000, 0x000 } }, /* 畎 */
	{ 0xEEB1, { 0x000, 0x010, 0x7A0, 0x6BC, 0x6A0, 0x7E0, 0x6A8, 0x698, 0x798, 0x4B8, 0x044, 0x000 } }, /* 畋 */
	{ 0xEEB2, { 0x004, 0x7A0, 0x2A0, 0x6BC, 0x7A4, 0x2B4, 0x698, 0x7C8, 0x058, 0x0A4, 0x000, 0x000 } }, /* 畈 */
	{ 0xEEB3, { 0x000, 0x010, 0x730, 0x228, 0x2C4, 0x730, 0x248, 0x210, 0x724, 0x018, 0x060, 0x000 } }, /* 畛 */
	{ 0xEEB4, { 0x000, 0x040, 0x1B0, 0x6E4, 0x3F8, 0x150, 0x444, 0x248, 0x3F8, 0x248, 0x3F8, 0x000 } }, /* 畲 */
	{ 0xEEB5, { 0x000, 0x010, 0x77C, 0x2C0, 0x220, 0x77C, 0x2C8, 0x22C, 0x728, 0x048, 0x08C, 0x000 } }, /* 畹 */
	{ 0xEEB6, { 0x000, 0x010, 0x728, 0x228, 0x200, 0x754, 0x27C, 0x27C, 0x710, 0x810, 0x07C, 0x000 } }, /* 疃 */
	{ 0xEEB7, { 0x3F8, 0x4A4, 0x4B4, 0x000, 0x7FC, 0x040, 0x0D0, 0x34C, 0x444, 0x040, 0x000, 0x000 } }, /* 罘 */
	{ 0xEEB8, { 0x000, 0x3FC, 0x4A4, 0x6B4, 0x000, 0x7FC, 0x040, 0x068, 0x040, 0x040, 0x7FC, 0x000 } }, /* 罡 */
	{ 0xEEB9, { 0x7FC, 0x4A4, 0x7FC, 0x040, 0x040, 0x040, 0x0C0, 0x208, 0x208, 0x3F8, 0x000, 0x000 } }, /* 罟 */
	{ 0xEEBA, { 0x000, 0x7FC, 0x4A4, 0x3F8, 0x040, 0x000, 0x200, 0x3F8, 0x3F8, 0x208, 0x208, 0x000 } }, /* 詈 */
	{ 0xEEBB, { 0x3FC, 0x0A4, 0x3F8, 0x0C0, 0x150, 0x7FC, 0x248, 0x248, 0x3F0, 0x064, 0x000, 0x000 } }, /* 罨 */
	{ 0xEEBC, { 0x000, 0x7FC, 0x4A4, 0x7FC, 0x040, 0x040, 0x7FC, 0x118, 0x308, 0x424, 0x404, 0x000 } }, /* 罴 */
	{ 0xEEBD, { 0x7FC, 0x4A4, 0x3F8, 0x7FC, 0x040, 0x6BC, 0x4A4, 0x444, 0x5F4, 0x44C, 0x000, 0x000 } }, /* 罱 */
	{ 0xEEBE, { 0x7FC, 0x4A4, 0x250, 0x250, 0x6FC, 0x6D0, 0x250, 0x27C, 0x250, 0x240, 0x000, 0x000 } }, /* 罹 */
	{ 0xEEBF, { 0x7FC, 0x4A4, 0x7F8, 0x7BC, 0x384, 0x324, 0x59C, 0x300, 0x784, 0x00C, 0x000, 0x000 } }, /* 羁 */
	{ 0xEEC0, { 0x7FC, 0x5B4, 0x100, 0x7FC, 0x554, 0x7FC, 0x000, 0x208, 0x208, 0x3F8, 0x000, 0x000 } }, /* 罾 */
	{ 0xEEC1, { 0x000, 0x040, 0x3F8, 0x040, 0x7FC, 0x110, 0x3F8, 0x3F8, 0x2A8, 0x2A8, 0x7FC, 0x000 } }, /* 盍 */
	{ 0xEEC2, { 0x000, 0x140, 0x444, 0x6EC, 0x4E4, 0x76C, 0x444, 0x3F8, 0x2A8, 0x2A8, 0x7FC, 0x000 } }, /* 盥 */
	{ 0xEEC3, { 0x03C, 0x14C, 0x7FC, 0x020, 0x4D0, 0x7F8, 0x778, 0x718, 0x7BC, 0x004, 0x000, 0x000 } }, /* 蠲 */
	{ 0xEEC4, { 0x000, 0x100, 0x300, 0x200, 0x400, 0x100, 0x100, 0x1C0, 0x100, 0x1C0, 0x100, 0x000 } }, /* 钅 */
	{ 0xEEC5, { 0x000, 0x000, 0x380, 0x400, 0x780, 0x100, 0x780, 0x100, 0x100, 0x184, 0x01C, 0x000 } }, /* 钆 */
	{ 0xEEC6, { 0x000, 0x200, 0x3BC, 0x408, 0x710, 0x210, 0x7A0, 0x220, 0x2A0, 0x344, 0x038, 0x000 } }, /* 钇 */
	{ 0xEEC7, { 0x000, 0x200, 0x220, 0x420, 0x430, 0x228, 0x224, 0x220, 0x220, 0x320, 0x220, 0x000 } }, /* 钋 */
	{ 0xEEC8, { 0x204, 0x204, 0x414, 0x414, 0x314, 0x314, 0x314, 0x004, 0x384, 0x008, 0x000, 0x000 } }, /* 钊 */
	{ 0xEEC9, { 0x000, 0x200, 0x3BC, 0x408, 0x410, 0x200, 0x300, 0x200, 0x200, 0x390, 0x210, 0x000 } }, /* 钌 */
	{ 0xEECA, { 0x000, 0x210, 0x210, 0x410, 0x43C, 0x210, 0x210, 0x210, 0x210, 0x390, 0x200, 0x000 } }, /* 钍 */
	{ 0xEECB, { 0x200, 0x254, 0x454, 0x454, 0x254, 0x254, 0x254, 0x254, 0x384, 0x204, 0x000, 0x000 } }, /* 钏 */
	{ 0xEECC, { 0x000, 0x208, 0x390, 0x430, 0x404, 0x208, 0x210, 0x220, 0x204, 0x398, 0x260, 0x000 } }, /* 钐 */
	{ 0xEECD, { 0x000, 0x220, 0x324, 0x440, 0x440, 0x240, 0x240, 0x240, 0x240, 0x344, 0x24C, 0x000 } }, /* 钔 */
	{ 0xEECE, { 0x000, 0x200, 0x27C, 0x404, 0x710, 0x228, 0x728, 0x230, 0x210, 0x36C, 0x080, 0x000 } }, /* 钗 */
	{ 0xEECF, { 0x210, 0x220, 0x420, 0x42C, 0x220, 0x208, 0x228, 0x218, 0x33C, 0x244, 0x000, 0x000 } }, /* 钕 */
	{ 0xEED0, { 0x000, 0x200, 0x27C, 0x410, 0x410, 0x230, 0x234, 0x254, 0x210, 0x310, 0x210, 0x000 } }, /* 钚 */
	{ 0xEED1, { 0x000, 0x200, 0x210, 0x410, 0x430, 0x210, 0x230, 0x228, 0x228, 0x3D4, 0x200, 0x000 } }, /* 钛 */
	{ 0xEED2, { 0x000, 0x200, 0x220, 0x400, 0x43C, 0x204, 0x204, 0x23C, 0x200, 0x3A0, 0x23C, 0x000 } }, /* 钜 */
	{ 0xEED3, { 0x000, 0x204, 0x260, 0x440, 0x77C, 0x264, 0x640, 0x258, 0x248, 0x398, 0x2A4, 0x000 } }, /* 钣 */
	{ 0xEED4, { 0x000, 0x210, 0x230, 0x428, 0x444, 0x254, 0x200, 0x208, 0x208, 0x310, 0x210, 0x000 } }, /* 钤 */
	{ 0xEED5, { 0x000, 0x210, 0x210, 0x47C, 0x420, 0x23C, 0x224, 0x224, 0x204, 0x344, 0x288, 0x000 } }, /* 钫 */
	{ 0xEED6, { 0x000, 0x210, 0x200, 0x47C, 0x400, 0x228, 0x228, 0x208, 0x248, 0x348, 0x28C, 0x000 } }, /* 钪 */
	{ 0xEED7, { 0x000, 0x208, 0x228, 0x428, 0x408, 0x268, 0x208, 0x23C, 0x208, 0x308, 0x208, 0x000 } }, /* 钭 */
	{ 0xEED8, { 0x210, 0x210, 0x454, 0x454, 0x254, 0x210, 0x220, 0x228, 0x344, 0x284, 0x000, 0x000 } }, /* 钬 */
	{ 0xEED9, { 0x000, 0x200, 0x254, 0x454, 0x454, 0x254, 0x27C, 0x240, 0x240, 0x344, 0x23C, 0x000 } }, /* 钯 */
	{ 0xEEDA, { 0x000, 0x200, 0x27C, 0x410, 0x410, 0x210, 0x210, 0x210, 0x214, 0x310, 0x27C, 0x000 } }, /* 钰 */
	{ 0xEEDB, { 0x000, 0x200, 0x27C, 0x410, 0x710, 0x25C, 0x650, 0x250, 0x250, 0x350, 0x27C, 0x000 } }, /* 钲 */
	{ 0xEEDC, { 0x000, 0x210, 0x210, 0x47C, 0x410, 0x210, 0x23C, 0x244, 0x204, 0x37C, 0x244, 0x000 } }, /* 钴 */
	{ 0xEEDD, { 0x000, 0x200, 0x204, 0x404, 0x774, 0x254, 0x654, 0x254, 0x204, 0x304, 0x208, 0x000 } }, /* 钶 */
	{ 0xEEDE, { 0x000, 0x200, 0x240, 0x440, 0x458, 0x250, 0x250, 0x258, 0x240, 0x340, 0x27C, 0x000 } }, /* 钷 */
	{ 0xEEDF, { 0x000, 0x210, 0x210, 0x420, 0x420, 0x27C, 0x2A4, 0x200, 0x204, 0x304, 0x200, 0x000 } }, /* 钸 */
	{ 0xEEE0, { 0x220, 0x220, 0x77C, 0x420, 0x238, 0x268, 0x268, 0x210, 0x338, 0x2C4, 0x000, 0x000 } }, /* 钹 */
	{ 0xEEE1, { 0x000, 0x210, 0x214, 0x77C, 0x450, 0x254, 0x250, 0x248, 0x268, 0x3DC, 0x220, 0x000 } }, /* 钺 */
	{ 0xEEE2, { 0x000, 0x200, 0x244, 0x444, 0x47C, 0x244, 0x244, 0x244, 0x244, 0x37C, 0x240, 0x000 } }, /* 钼 */
	{ 0xEEE3, { 0x000, 0x238, 0x244, 0x444, 0x47C, 0x244, 0x244, 0x27C, 0x200, 0x300, 0x27C, 0x000 } }, /* 钽 */
	{ 0xEEE4, { 0x000, 0x200, 0x25C, 0x454, 0x454, 0x27C, 0x254, 0x254, 0x254, 0x37C, 0x240, 0x000 } }, /* 钿 */
	{ 0xEEE5, { 0x20C, 0x240, 0x440, 0x450, 0x27C, 0x210, 0x214, 0x254, 0x354, 0x230, 0x000, 0x000 } }, /* 铄 */
	{ 0xEEE6, { 0x000, 0x210, 0x210, 0x410, 0x410, 0x27C, 0x254, 0x254, 0x254, 0x354, 0x210, 0x000 } }, /* 铈 */
	{ 0xEEE7, { 0x000, 0x210, 0x710, 0x430, 0x420, 0x248, 0x278, 0x210, 0x224, 0x37C, 0x200, 0x000 } }, /* 铉 */
	{ 0xEEE8, { 0x000, 0x210, 0x73C, 0x444, 0x400, 0x220, 0x228, 0x230, 0x220, 0x324, 0x21C, 0x000 } }, /* 铊 */
	{ 0xEEE9, { 0x000, 0x220, 0x218, 0x408, 0x428, 0x264, 0x7B4, 0x2B0, 0x220, 0x364, 0x218, 0x000 } }, /* 铋 */
	{ 0xEEEA, { 0x000, 0x23C, 0x244, 0x444, 0x440, 0x240, 0x254, 0x258, 0x250, 0x3D0, 0x29C, 0x000 } }, /* 铌 */
	{ 0xEEEB, { 0x210, 0x210, 0x454, 0x450, 0x27C, 0x264, 0x248, 0x218, 0x398, 0x2E4, 0x000, 0x000 } }, /* 铍 */
	{ 0xEEEC, { 0x000, 0x278, 0x248, 0x430, 0x438, 0x244, 0x210, 0x210, 0x210, 0x310, 0x210, 0x000 } }, /* 铎 */
	{ 0xEEED, { 0x210, 0x23C, 0x418, 0x47C, 0x210, 0x23C, 0x240, 0x21C, 0x300, 0x218, 0x000, 0x000 } }, /* 铐 */
	{ 0xEEEE, { 0x000, 0x200, 0x234, 0x73C, 0x418, 0x218, 0x220, 0x26C, 0x220, 0x320, 0x21C, 0x000 } }, /* 铑 */
	{ 0xEEEF, { 0x200, 0x244, 0x444, 0x47C, 0x244, 0x27C, 0x244, 0x26C, 0x304, 0x204, 0x000, 0x000 } }, /* 铒 */
	{ 0xEEF0, { 0x000, 0x210, 0x230, 0x420, 0x420, 0x264, 0x2BC, 0x204, 0x23C, 0x304, 0x20C, 0x000 } }, /* 铕 */
	{ 0xEEF1, { 0x210, 0x210, 0x4FC, 0x690, 0x2F4, 0x7B8, 0x2A8, 0x3A8, 0x29C, 0x124, 0x000, 0x000 } }, /* 铖 */
	{ 0xEEF2, { 0x200, 0x230, 0x710, 0x450, 0x210, 0x27C, 0x230, 0x228, 0x348, 0x284, 0x000, 0x000 } }, /* 铗 */
	{ 0xEEF3, { 0x220, 0x23C, 0x428, 0x410, 0x26C, 0x204, 0x278, 0x200, 0x340, 0x08C, 0x000, 0x000 } }, /* 铙 */
	{ 0xEEF4, { 0x200, 0x22C, 0x424, 0x624, 0x2FC, 0x764, 0x260, 0x32C, 0x2A8, 0x000, 0x000, 0x000 } }, /* 铘 */
	{ 0xEEF5, { 0x000, 0x210, 0x214, 0x754, 0x410, 0x27C, 0x204, 0x27C, 0x204, 0x304, 0x204, 0x000 } }, /* 铛 */
	{ 0xEEF6, { 0x000, 0x238, 0x244, 0x444, 0x438, 0x210, 0x254, 0x250, 0x250, 0x354, 0x210, 0x000 } }, /* 铞 */
	{ 0xEEF7, { 0x000, 0x27C, 0x244, 0x454, 0x47C, 0x254, 0x254, 0x26C, 0x244, 0x37C, 0x200, 0x000 } }, /* 铟 */
	{ 0xEEF8, { 0x000, 0x210, 0x254, 0x754, 0x400, 0x27C, 0x204, 0x27C, 0x240, 0x340, 0x27C, 0x000 } }, /* 铠 */
	{ 0xEEF9, { 0x000, 0x210, 0x250, 0x47C, 0x410, 0x210, 0x238, 0x238, 0x254, 0x3D4, 0x010, 0x000 } }, /* 铢 */
	{ 0xEEFA, { 0x000, 0x200, 0x258, 0x448, 0x608, 0x2C8, 0x708, 0x2C8, 0x254, 0x260, 0x08C, 0x000 } }, /* 铤 */
	{ 0xEEFB, { 0x000, 0x204, 0x270, 0x410, 0x47C, 0x210, 0x2FC, 0x200, 0x228, 0x34C, 0x264, 0x000 } }, /* 铥 */
	{ 0xEEFC, { 0x000, 0x200, 0x240, 0x74C, 0x4D8, 0x250, 0x24C, 0x210, 0x27C, 0x310, 0x210, 0x000 } }, /* 铧 */
	{ 0xEEFD, { 0x000, 0x210, 0x230, 0x408, 0x444, 0x238, 0x210, 0x27C, 0x210, 0x310, 0x27C, 0x000 } }, /* 铨 */
	{ 0xEEFE, { 0x000, 0x230, 0x230, 0x408, 0x44C, 0x2FC, 0x200, 0x278, 0x240, 0x378, 0x240, 0x000 } }, /* 铪 */
	{ 0xEFA1, { 0x208, 0x238, 0x418, 0x464, 0x210, 0x27C, 0x210, 0x254, 0x394, 0x230, 0x000, 0x000 } }, /* 铩 */
	{ 0xEFA2, { 0x220, 0x320, 0x424, 0x76C, 0x220, 0x768, 0x2A4, 0x200, 0x340, 0x08C, 0x000, 0x000 } }, /* 铫 */
	{ 0xEFA3, { 0x000, 0x220, 0x278, 0x740, 0x4F8, 0x214, 0x27C, 0x214, 0x230, 0x310, 0x220, 0x000 } }, /* 铮 */
	{ 0xEFA4, { 0x000, 0x220, 0x238, 0x448, 0x478, 0x254, 0x254, 0x27C, 0x240, 0x340, 0x23C, 0x000 } }, /* 铯 */
	{ 0xEFA5, { 0x210, 0x210, 0x720, 0x420, 0x26C, 0x200, 0x220, 0x220, 0x340, 0x28C, 0x000, 0x000 } }, /* 铳 */
	{ 0xEFA6, { 0x000, 0x200, 0x24C, 0x408, 0x750, 0x21C, 0x718, 0x248, 0x260, 0x394, 0x00C, 0x000 } }, /* 铴 */
	{ 0xEFA7, { 0x000, 0x210, 0x210, 0x444, 0x400, 0x220, 0x27C, 0x228, 0x238, 0x318, 0x244, 0x000 } }, /* 铵 */
	{ 0xEFA8, { 0x000, 0x240, 0x240, 0x4FC, 0x648, 0x228, 0x728, 0x268, 0x268, 0x28C, 0x000, 0x000 } }, /* 铷 */
	{ 0xEFA9, { 0x208, 0x268, 0x728, 0x400, 0x2C4, 0x200, 0x27C, 0x224, 0x364, 0x288, 0x000, 0x000 } }, /* 铹 */
	{ 0xEFAA, { 0x000, 0x200, 0x230, 0x410, 0x658, 0x210, 0x77C, 0x230, 0x358, 0x294, 0x010, 0x000 } }, /* 铼 */
	{ 0xEFAB, { 0x000, 0x210, 0x214, 0x77C, 0x410, 0x200, 0x200, 0x2D8, 0x248, 0x274, 0x004, 0x000 } }, /* 铽 */
	{ 0xEFAC, { 0x000, 0x200, 0x2B4, 0x7A4, 0x428, 0x23C, 0x210, 0x210, 0x210, 0x310, 0x27C, 0x000 } }, /* 铿 */
	{ 0xEFAD, { 0x000, 0x200, 0x244, 0x444, 0x400, 0x200, 0x210, 0x210, 0x210, 0x310, 0x27C, 0x000 } }, /* 锃 */
	{ 0xEFAE, { 0x000, 0x200, 0x254, 0x454, 0x47C, 0x254, 0x27C, 0x210, 0x27C, 0x310, 0x27C, 0x000 } }, /* 锂 */
	{ 0xEFAF, { 0x000, 0x210, 0x250, 0x47C, 0x410, 0x27C, 0x200, 0x27C, 0x244, 0x37C, 0x244, 0x000 } }, /* 锆 */
	{ 0xEFB0, { 0x000, 0x274, 0x644, 0x478, 0x248, 0x64C, 0x2C8, 0x248, 0x354, 0x044, 0x000, 0x000 } }, /* 锇 */
	{ 0xEFB1, { 0x000, 0x200, 0x250, 0x754, 0x45C, 0x2B8, 0x210, 0x27C, 0x210, 0x310, 0x2FC, 0x000 } }, /* 锉 */
	{ 0xEFB2, { 0x000, 0x208, 0x240, 0x404, 0x440, 0x208, 0x27C, 0x208, 0x228, 0x308, 0x218, 0x000 } }, /* 锊 */
	{ 0xEFB3, { 0x200, 0x27C, 0x720, 0x448, 0x274, 0x200, 0x248, 0x248, 0x308, 0x08C, 0x000, 0x000 } }, /* 锍 */
	{ 0xEFB4, { 0x240, 0x204, 0x43C, 0x424, 0x224, 0x27C, 0x224, 0x224, 0x344, 0x204, 0x000, 0x000 } }, /* 锎 */
	{ 0xEFB5, { 0x000, 0x240, 0x644, 0x404, 0x4BC, 0x2AC, 0x6BC, 0x2AC, 0x2B4, 0x384, 0x004, 0x000 } }, /* 锏 */
	{ 0xEFB6, { 0x000, 0x210, 0x278, 0x444, 0x47C, 0x244, 0x278, 0x254, 0x248, 0x36C, 0x244, 0x000 } }, /* 锒 */
	{ 0xEFB7, { 0x000, 0x238, 0x204, 0x43C, 0x67C, 0x200, 0x600, 0x238, 0x228, 0x310, 0x06C, 0x000 } }, /* 锓 */
	{ 0xEFB8, { 0x000, 0x200, 0x244, 0x444, 0x740, 0x27C, 0x700, 0x228, 0x3B8, 0x284, 0x00C, 0x000 } }, /* 锔 */
	{ 0xEFB9, { 0x000, 0x000, 0x4DC, 0x4C4, 0x6DC, 0x0CC, 0x6CC, 0x0FC, 0x0C4, 0x284, 0x08C, 0x000 } }, /* 锕 */
	{ 0xEFBA, { 0x210, 0x27C, 0x778, 0x410, 0x27C, 0x27C, 0x244, 0x244, 0x37C, 0x248, 0x000, 0x000 } }, /* 锖 */
	{ 0xEFBB, { 0x208, 0x268, 0x428, 0x400, 0x27C, 0x220, 0x27C, 0x2E4, 0x324, 0x224, 0x000, 0x000 } }, /* 锘 */
	{ 0xEFBC, { 0x220, 0x230, 0x428, 0x454, 0x2F8, 0x700, 0x268, 0x248, 0x348, 0x288, 0x000, 0x000 } }, /* 锛 */
	{ 0xEFBD, { 0x27C, 0x244, 0x744, 0x47C, 0x200, 0x208, 0x27C, 0x208, 0x308, 0x208, 0x000, 0x000 } }, /* 锝 */
	{ 0xEFBE, { 0x000, 0x278, 0x654, 0x47C, 0x414, 0x27C, 0x210, 0x230, 0x238, 0x354, 0x290, 0x000 } }, /* 锞 */
	{ 0xEFBF, { 0x000, 0x278, 0x244, 0x47C, 0x444, 0x200, 0x240, 0x26C, 0x248, 0x360, 0x24C, 0x000 } }, /* 锟 */
	{ 0xEFC0, { 0x000, 0x200, 0x240, 0x450, 0x47C, 0x250, 0x278, 0x268, 0x278, 0x344, 0x244, 0x000 } }, /* 锢 */
	{ 0xEFC1, { 0x000, 0x220, 0x67C, 0x4EC, 0x424, 0x254, 0x22C, 0x210, 0x274, 0x3A4, 0x2B8, 0x000 } }, /* 锪 */
	{ 0xEFC2, { 0x000, 0x210, 0x210, 0x400, 0x428, 0x27C, 0x200, 0x27C, 0x244, 0x37C, 0x244, 0x000 } }, /* 锫 */
	{ 0xEFC3, { 0x000, 0x210, 0x258, 0x77C, 0x400, 0x27C, 0x228, 0x2EC, 0x228, 0x320, 0x03C, 0x000 } }, /* 锩 */
	{ 0xEFC4, { 0x200, 0x244, 0x730, 0x428, 0x2C4, 0x210, 0x250, 0x230, 0x328, 0x2C4, 0x000, 0x000 } }, /* 锬 */
	{ 0xEFC5, { 0x000, 0x254, 0x254, 0x454, 0x454, 0x200, 0x254, 0x254, 0x254, 0x37C, 0x244, 0x000 } }, /* 锱 */
	{ 0xEFC6, { 0x240, 0x26C, 0x648, 0x448, 0x2F4, 0x604, 0x230, 0x230, 0x348, 0x084, 0x000, 0x000 } }, /* 锲 */
	{ 0xEFC7, { 0x000, 0x240, 0x24C, 0x448, 0x468, 0x240, 0x230, 0x244, 0x27C, 0x344, 0x244, 0x000 } }, /* 锴 */
	{ 0xEFC8, { 0x000, 0x200, 0x654, 0x454, 0x454, 0x254, 0x278, 0x210, 0x234, 0x3A0, 0x238, 0x000 } }, /* 锶 */
	{ 0xEFC9, { 0x000, 0x200, 0x2A4, 0x4EC, 0x400, 0x240, 0x27C, 0x220, 0x23C, 0x304, 0x218, 0x000 } }, /* 锷 */
	{ 0xEFCA, { 0x000, 0x21C, 0x250, 0x47C, 0x410, 0x25C, 0x214, 0x25C, 0x214, 0x37C, 0x244, 0x000 } }, /* 锸 */
	{ 0xEFCB, { 0x000, 0x210, 0x254, 0x45C, 0x614, 0x27C, 0x630, 0x248, 0x228, 0x330, 0x2CC, 0x000 } }, /* 锼 */
	{ 0xEFCC, { 0x20C, 0x240, 0x450, 0x47C, 0x220, 0x220, 0x238, 0x258, 0x398, 0x064, 0x000, 0x000 } }, /* 锾 */
	{ 0xEFCD, { 0x000, 0x210, 0x27C, 0x400, 0x47C, 0x244, 0x278, 0x230, 0x2E8, 0x338, 0x224, 0x000 } }, /* 锿 */
	{ 0xEFCE, { 0x200, 0x258, 0x730, 0x438, 0x254, 0x220, 0x27C, 0x228, 0x318, 0x064, 0x000, 0x000 } }, /* 镂 */
	{ 0xEFCF, { 0x000, 0x040, 0x05C, 0x644, 0x4C8, 0x250, 0x65C, 0x2C4, 0x254, 0x244, 0x048, 0x000 } }, /* 锵 */
	{ 0xEFD0, { 0x220, 0x27C, 0x77C, 0x428, 0x27E, 0x24C, 0x254, 0x254, 0x328, 0x244, 0x000, 0x000 } }, /* 镄 */
	{ 0xEFD1, { 0x000, 0x200, 0x254, 0x414, 0x440, 0x23C, 0x224, 0x2A4, 0x2BC, 0x3A4, 0x2A4, 0x000 } }, /* 镅 */
	{ 0xEFD2, { 0x220, 0x2FC, 0x720, 0x444, 0x27C, 0x24C, 0x210, 0x27C, 0x328, 0x0C4, 0x000, 0x000 } }, /* 镆 */
	{ 0xEFD3, { 0x000, 0x27C, 0x200, 0x47C, 0x44C, 0x200, 0x27C, 0x224, 0x2BC, 0x394, 0x204, 0x000 } }, /* 镉 */
	{ 0xEFD4, { 0x000, 0x210, 0x27C, 0x458, 0x450, 0x25C, 0x27C, 0x240, 0x22C, 0x324, 0x2CC, 0x000 } }, /* 镌 */
	{ 0xEFD5, { 0x000, 0x230, 0x228, 0x77C, 0x478, 0x278, 0x21C, 0x270, 0x210, 0x37C, 0x230, 0x000 } }, /* 镎 */
	{ 0xEFD6, { 0x000, 0x200, 0x68C, 0x4A8, 0x6E4, 0x294, 0x27C, 0x294, 0x2FC, 0x394, 0x284, 0x000 } }, /* 镏 */
	{ 0xEFD7, { 0x000, 0x248, 0x200, 0x47C, 0x408, 0x244, 0x200, 0x27C, 0x234, 0x334, 0x2FC, 0x000 } }, /* 镒 */
	{ 0xEFD8, { 0x200, 0x27C, 0x480, 0x478, 0x260, 0x2B8, 0x250, 0x234, 0x354, 0x210, 0x000, 0x000 } }, /* 镓 */
	{ 0xEFD9, { 0x000, 0x210, 0x27C, 0x400, 0x478, 0x240, 0x258, 0x240, 0x27C, 0x308, 0x2C4, 0x000 } }, /* 镔 */
	{ 0xEFDA, { 0x000, 0x2FC, 0x220, 0x47C, 0x47C, 0x200, 0x278, 0x200, 0x210, 0x354, 0x2B4, 0x000 } }, /* 镖 */
	{ 0xEFDB, { 0x000, 0x210, 0x250, 0x47C, 0x480, 0x248, 0x278, 0x210, 0x27C, 0x310, 0x07C, 0x000 } }, /* 镗 */
	{ 0xEFDC, { 0x278, 0x244, 0x744, 0x400, 0x2FC, 0x2FC, 0x200, 0x248, 0x330, 0x2CC, 0x000, 0x000 } }, /* 镘 */
	{ 0xEFDD, { 0x200, 0x214, 0x47C, 0x454, 0x228, 0x270, 0x224, 0x254, 0x350, 0x2B4, 0x000, 0x000 } }, /* 镙 */
	{ 0xEFDE, { 0x000, 0x210, 0x690, 0x4BC, 0x4FC, 0x2BC, 0x690, 0x2D4, 0x2D4, 0x37C, 0x154, 0x000 } }, /* 镛 */
	{ 0xEFDF, { 0x200, 0x250, 0x4B0, 0x480, 0x2FC, 0x6A8, 0x2BC, 0x288, 0x354, 0x110, 0x000, 0x000 } }, /* 镞 */
	{ 0xEFE0, { 0x000, 0x200, 0x250, 0x4B0, 0x480, 0x2CC, 0x698, 0x09C, 0x2B8, 0x378, 0x124, 0x000 } }, /* 镟 */
	{ 0xEFE1, { 0x000, 0x210, 0x27C, 0x408, 0x47C, 0x214, 0x234, 0x234, 0x22C, 0x334, 0x204, 0x000 } }, /* 镝 */
	{ 0xEFE2, { 0x2FC, 0x220, 0x7FC, 0x4FC, 0x278, 0x244, 0x244, 0x210, 0x37C, 0x210, 0x000, 0x000 } }, /* 镡 */
	{ 0xEFE3, { 0x0FC, 0x480, 0x4C8, 0x4FC, 0x2A0, 0x6F8, 0x0F8, 0x228, 0x344, 0x110, 0x000, 0x000 } }, /* 镢 */
	{ 0xEFE4, { 0x220, 0x220, 0x47C, 0x400, 0x27C, 0x230, 0x210, 0x27C, 0x328, 0x084, 0x000, 0x000 } }, /* 镤 */
	{ 0xEFE5, { 0x000, 0x220, 0x248, 0x77C, 0x47C, 0x27C, 0x200, 0x200, 0x244, 0x37C, 0x27C, 0x000 } }, /* 镥 */
	{ 0xEFE6, { 0x000, 0x248, 0x248, 0x40C, 0x4B4, 0x2F4, 0x6E4, 0x248, 0x2E8, 0x24C, 0x050, 0x000 } }, /* 镦 */
	{ 0xEFE7, { 0x200, 0x244, 0x4BC, 0x490, 0x2D8, 0x6D8, 0x2B0, 0x2B8, 0x290, 0x084, 0x000, 0x000 } }, /* 镧 */
	{ 0xEFE8, { 0x228, 0x238, 0x720, 0x424, 0x2FC, 0x200, 0x248, 0x278, 0x340, 0x248, 0x000, 0x000 } }, /* 镨 */
	{ 0xEFE9, { 0x000, 0x210, 0x2FC, 0x448, 0x454, 0x274, 0x27C, 0x210, 0x254, 0x37C, 0x210, 0x000 } }, /* 镩 */
	{ 0xEFEA, { 0x000, 0x200, 0x264, 0x47C, 0x680, 0x23C, 0x6E4, 0x27C, 0x240, 0x20C, 0x0A0, 0x000 } }, /* 镪 */
	{ 0xEFEB, { 0x000, 0x250, 0x238, 0x44C, 0x47C, 0x284, 0x248, 0x278, 0x208, 0x308, 0x200, 0x000 } }, /* 镫 */
	{ 0xEFEC, { 0x228, 0x2FC, 0x450, 0x650, 0x2F8, 0x750, 0x27C, 0x278, 0x230, 0x0EC, 0x000, 0x000 } }, /* 镬 */
	{ 0xEFED, { 0x000, 0x27C, 0x22C, 0x47C, 0x460, 0x2E4, 0x278, 0x278, 0x238, 0x364, 0x004, 0x000 } }, /* 镯 */
	{ 0xEFEE, { 0x000, 0x210, 0x27C, 0x468, 0x400, 0x24C, 0x27C, 0x27C, 0x200, 0x384, 0x038, 0x000 } }, /* 镱 */
	{ 0xEFEF, { 0x000, 0x210, 0x2C4, 0x440, 0x67C, 0x228, 0x77C, 0x280, 0x210, 0x350, 0x0B4, 0x000 } }, /* 镲 */
	{ 0xEFF0, { 0x000, 0x210, 0x2FC, 0x4F8, 0x6AC, 0x2FC, 0x6AC, 0x2A8, 0x2AC, 0x3C0, 0x040, 0x000 } }, /* 镳 */
	{ 0xEFF1, { 0x000, 0x20C, 0x270, 0x4FC, 0xC10, 0x254, 0x27C, 0x27C, 0x210, 0x37C, 0x2FC, 0x000 } }, /* 锺 */
	{ 0xEFF2, { 0x004, 0x614, 0x714, 0x064, 0x344, 0x264, 0x214, 0x314, 0x494, 0x464, 0x000, 0x000 } }, /* 矧 */
	{ 0xEFF3, { 0x000, 0x010, 0x454, 0x754, 0x25C, 0x2B8, 0x710, 0x27C, 0x310, 0x410, 0x47C, 0x000 } }, /* 矬 */
	{ 0xEFF4, { 0x000, 0x450, 0x440, 0x6FC, 0x2D0, 0x27C, 0x250, 0x27C, 0x350, 0x47C, 0x040, 0x000 } }, /* 雉 */
	{ 0xEFF5, { 0x000, 0x140, 0x240, 0x240, 0x76C, 0x248, 0x340, 0x640, 0x240, 0x262, 0x20C, 0x000 } }, /* 秕 */
	{ 0xEFF6, { 0x000, 0x010, 0x61C, 0x270, 0x750, 0x250, 0x334, 0x6B0, 0x230, 0x2D4, 0x210, 0x000 } }, /* 秭 */
	{ 0xEFF7, { 0x000, 0x110, 0x610, 0x27C, 0x710, 0x27C, 0x330, 0x638, 0x254, 0x290, 0x210, 0x000 } }, /* 秣 */
	{ 0xEFF8, { 0x000, 0x110, 0x614, 0x210, 0x730, 0x230, 0x338, 0x658, 0x254, 0x290, 0x210, 0x000 } }, /* 秫 */
	{ 0xEFF9, { 0x000, 0x3BC, 0x204, 0x004, 0x7BC, 0x300, 0x3FC, 0x4C0, 0x040, 0x044, 0x044, 0x000 } }, /* 稆 */
	{ 0xEFFA, { 0x000, 0x108, 0x610, 0x238, 0x730, 0x26C, 0x300, 0x610, 0x254, 0x254, 0x244, 0x000 } }, /* 嵇 */
	{ 0xEFFB, { 0x000, 0x11C, 0x600, 0x254, 0x700, 0x27C, 0x308, 0x610, 0x210, 0x210, 0x230, 0x000 } }, /* 稃 */
	{ 0xEFFC, { 0x000, 0x010, 0x678, 0x244, 0x77C, 0x244, 0x378, 0x654, 0x248, 0x268, 0x244, 0x000 } }, /* 稂 */
	{ 0xEFFD, { 0x37C, 0x214, 0x27C, 0x794, 0x230, 0x7FC, 0x630, 0x258, 0x294, 0x210, 0x000, 0x000 } }, /* 稞 */
	{ 0xEFFE, { 0x000, 0x030, 0x630, 0x248, 0x7D4, 0x278, 0x308, 0x620, 0x284, 0x280, 0x238, 0x000 } }, /* 稔 */
	{ 0xF0A1, { 0x000, 0x110, 0x210, 0x278, 0x77C, 0x24C, 0x74C, 0x64C, 0x2FC, 0x248, 0x284, 0x000 } }, /* 稹 */
	{ 0xF0A2, { 0x000, 0x17C, 0x254, 0x27C, 0x77C, 0x248, 0x724, 0x678, 0x268, 0x230, 0x2CC, 0x000 } }, /* 稷 */
	{ 0xF0A3, { 0x000, 0x110, 0x27C, 0x250, 0x758, 0x200, 0x77C, 0x664, 0x27C, 0x244, 0x244, 0x000 } }, /* 穑 */
	{ 0xF0A4, { 0x0C0, 0x100, 0x7CC, 0x340, 0x588, 0x674, 0x124, 0x3A4, 0x57C, 0x324, 0x000, 0x000 } }, /* 黏 */
	{ 0xF0A5, { 0x000, 0x020, 0x73C, 0x340, 0x324, 0x7A4, 0x730, 0x4B8, 0x7E8, 0x598, 0x464, 0x000 } }, /* 馥 */
	{ 0xF0A6, { 0x000, 0x310, 0x200, 0x2EC, 0x7EC, 0x27C, 0x77C, 0x628, 0x270, 0x2C8, 0x264, 0x000 } }, /* 穰 */
	{ 0xF0A7, { 0x20C, 0x060, 0x740, 0x17C, 0x760, 0x168, 0x118, 0x798, 0x09C, 0x164, 0x000, 0x000 } }, /* 皈 */
	{ 0xF0A8, { 0x000, 0x200, 0x210, 0x700, 0x548, 0x744, 0x508, 0x508, 0x730, 0x038, 0x0C4, 0x000 } }, /* 皎 */
	{ 0xF0A9, { 0x210, 0x250, 0x77C, 0x110, 0x57C, 0x500, 0x178, 0x744, 0x04C, 0x044, 0x000, 0x000 } }, /* 皓 */
	{ 0xF0AA, { 0x00C, 0x7A0, 0x33C, 0x6C8, 0x0C8, 0x040, 0x3F8, 0x3F8, 0x208, 0x208, 0x000, 0x000 } }, /* 皙 */
	{ 0xF0AB, { 0x01C, 0x070, 0x648, 0x1FC, 0x058, 0x7CC, 0x1F4, 0x678, 0x050, 0x07C, 0x000, 0x000 } }, /* 皤 */
	{ 0xF0AC, { 0x000, 0x7A8, 0x5BC, 0x588, 0x5BC, 0x598, 0x518, 0x564, 0x5A0, 0x01C, 0x000, 0x000 } }, /* 瓞 */
	{ 0xF0AD, { 0x000, 0x200, 0x778, 0x348, 0x4C8, 0x348, 0x748, 0x040, 0x344, 0x15C, 0x280, 0x000 } }, /* 瓠 */
	{ 0xF0AE, { 0x7F8, 0x010, 0x060, 0x7FC, 0x444, 0x7FC, 0x444, 0x44C, 0x444, 0x458, 0x000, 0x000 } }, /* 甬 */
	{ 0xF0AF, { 0x000, 0x210, 0x23C, 0x734, 0x2A4, 0x228, 0x23C, 0x280, 0x4B8, 0x504, 0x00C, 0x000 } }, /* 鸠 */
	{ 0xF0B0, { 0x000, 0x020, 0x09C, 0x660, 0x09C, 0x3F0, 0x290, 0x210, 0x004, 0x7F4, 0x008, 0x000 } }, /* 鸢 */
	{ 0xF0B1, { 0x000, 0x410, 0x43C, 0x654, 0x444, 0x7C8, 0x07C, 0x204, 0x23C, 0x204, 0x20C, 0x000 } }, /* 鸨 */
	{ 0xF0B2, { 0x000, 0x010, 0x03C, 0x7D4, 0x444, 0x208, 0x33C, 0x300, 0x1B8, 0x580, 0x00C, 0x000 } }, /* 鸩 */
	{ 0xF0B3, { 0x000, 0x010, 0x23C, 0x7D4, 0x244, 0x208, 0x7FC, 0x480, 0x4F0, 0x784, 0x00C, 0x000 } }, /* 鸪 */
	{ 0xF0B4, { 0x000, 0x210, 0x7BC, 0x224, 0x124, 0x7A8, 0x13C, 0x184, 0x5FC, 0x544, 0x20C, 0x000 } }, /* 鸫 */
	{ 0xF0B5, { 0x000, 0x010, 0x1BC, 0x014, 0x784, 0x488, 0x4BC, 0x400, 0x478, 0x404, 0x00C, 0x000 } }, /* 鸬 */
	{ 0xF0B6, { 0x210, 0x23C, 0x464, 0x424, 0x52C, 0x53C, 0x500, 0x538, 0x084, 0x18C, 0x000, 0x000 } }, /* 鸲 */
	{ 0xF0B7, { 0x000, 0x010, 0x73C, 0x554, 0x544, 0x7C8, 0x57C, 0x502, 0x738, 0x6C4, 0x00C, 0x000 } }, /* 鸱 */
	{ 0xF0B8, { 0x000, 0x210, 0x738, 0x210, 0x430, 0x7FC, 0x3F8, 0x298, 0x3F8, 0x004, 0x008, 0x000 } }, /* 鸶 */
	{ 0xF0B9, { 0x000, 0x010, 0x7FC, 0x024, 0x7A4, 0x36C, 0x320, 0x302, 0x338, 0x200, 0x08C, 0x000 } }, /* 鸸 */
	{ 0xF0BA, { 0x110, 0x7B8, 0x3A0, 0x334, 0x284, 0x3F0, 0x250, 0x1FC, 0x7E4, 0x008, 0x000, 0x000 } }, /* 鸷 */
	{ 0xF0BB, { 0x000, 0x010, 0x73C, 0x034, 0x324, 0x228, 0x03C, 0x780, 0x4B8, 0x784, 0x48C, 0x000 } }, /* 鸹 */
	{ 0xF0BC, { 0x000, 0x290, 0x2BC, 0x5E4, 0x4A4, 0x0A4, 0x1E0, 0x380, 0x0B8, 0x080, 0x08C, 0x000 } }, /* 鸺 */
	{ 0xF0BD, { 0x000, 0x040, 0x7FC, 0x2A8, 0x4A4, 0x080, 0x208, 0x250, 0x3FC, 0x7F4, 0x00C, 0x000 } }, /* 鸾 */
	{ 0xF0BE, { 0x000, 0x010, 0x7BC, 0x234, 0x7E4, 0x028, 0x3BC, 0x100, 0x738, 0x000, 0x20C, 0x000 } }, /* 鹁 */
	{ 0xF0BF, { 0x000, 0x008, 0x01C, 0x014, 0x254, 0x6D4, 0x6D0, 0x2C2, 0x03C, 0x240, 0x244, 0x000 } }, /* 鹂 */
	{ 0xF0C0, { 0x000, 0x110, 0x53C, 0x724, 0x124, 0x7EC, 0x03C, 0x782, 0x4B8, 0x480, 0x48C, 0x000 } }, /* 鹄 */
	{ 0xF0C1, { 0x000, 0x010, 0x2BC, 0x424, 0x324, 0x2A8, 0x7BC, 0x480, 0x0B8, 0x380, 0x00C, 0x000 } }, /* 鹆 */
	{ 0xF0C2, { 0x000, 0x400, 0x1FC, 0x064, 0x764, 0x364, 0x378, 0x7C2, 0x578, 0x040, 0x08C, 0x000 } }, /* 鹇 */
	{ 0xF0C3, { 0x010, 0x13C, 0x3A4, 0x1A4, 0x528, 0x53C, 0x380, 0x338, 0x584, 0x10C, 0x000, 0x000 } }, /* 鹈 */
	{ 0xF0C4, { 0x000, 0x090, 0x6FC, 0x0A4, 0x2A4, 0x0AC, 0x5A0, 0x480, 0x4B8, 0x7C0, 0x00C, 0x000 } }, /* 鹉 */
	{ 0xF0C5, { 0x000, 0x080, 0x29C, 0x7E4, 0x2A4, 0x7A4, 0x578, 0x7C2, 0x578, 0x7C0, 0x40C, 0x000 } }, /* 鹋 */
	{ 0xF0C6, { 0x100, 0x79C, 0x2A4, 0x464, 0x7A4, 0x5A8, 0x584, 0x3B8, 0x184, 0x10C, 0x000, 0x000 } }, /* 鹌 */
	{ 0xF0C7, { 0x000, 0x100, 0x7FC, 0x564, 0x7E4, 0x464, 0x7B8, 0x282, 0x7DA, 0x080, 0x08C, 0x000 } }, /* 鹎 */
	{ 0xF0C8, { 0x010, 0x7BC, 0x024, 0x4A4, 0x3AC, 0x7BC, 0x102, 0x7B8, 0x100, 0x30C, 0x000, 0x000 } }, /* 鹑 */
	{ 0xF0C9, { 0x000, 0x008, 0x0DC, 0x694, 0x0D4, 0x294, 0x6D0, 0x0C2, 0x738, 0x140, 0x144, 0x000 } }, /* 鹕 */
	{ 0xF0CA, { 0x000, 0x010, 0x7FC, 0x7E4, 0x024, 0x7AC, 0x7BC, 0x200, 0x0B8, 0x000, 0x30C, 0x000 } }, /* 鹗 */
	{ 0xF0CB, { 0x000, 0x090, 0x0BC, 0x7E4, 0x4A4, 0x624, 0x7E0, 0x084, 0x6B8, 0x5C0, 0x00C, 0x000 } }, /* 鹚 */
	{ 0xF0CC, { 0x000, 0x010, 0x57C, 0x564, 0x424, 0x5EC, 0x568, 0x440, 0x5FC, 0x1C0, 0x04C, 0x000 } }, /* 鹛 */
	{ 0xF0CD, { 0x000, 0x790, 0x1BC, 0x7E8, 0x718, 0x1A4, 0x1F8, 0x050, 0x1FC, 0x7F4, 0x008, 0x000 } }, /* 鹜 */
	{ 0xF0CE, { 0x000, 0x190, 0x43C, 0x434, 0x024, 0x7A8, 0x13C, 0x780, 0x138, 0x580, 0x40C, 0x000 } }, /* 鹞 */
	{ 0xF0CF, { 0x000, 0x290, 0x3BC, 0x324, 0x7E4, 0x3EC, 0x368, 0x784, 0x2B8, 0x644, 0x20C, 0x000 } }, /* 鹣 */
	{ 0xF0D0, { 0x000, 0x008, 0x6DC, 0x6D4, 0x6D4, 0x494, 0x490, 0x202, 0x698, 0x180, 0x644, 0x000 } }, /* 鹦 */
	{ 0xF0D1, { 0x110, 0x11C, 0x424, 0x5A4, 0x7E4, 0x5A0, 0x584, 0x418, 0x344, 0x00C, 0x000, 0x000 } }, /* 鹧 */
	{ 0xF0D2, { 0x680, 0x27C, 0x2E4, 0x764, 0x3AC, 0x578, 0x280, 0x278, 0x100, 0x60C, 0x000, 0x000 } }, /* 鹨 */
	{ 0xF0D3, { 0x000, 0x110, 0x7FC, 0x324, 0x6E4, 0x7A4, 0x3A0, 0x384, 0x138, 0x540, 0x20C, 0x000 } }, /* 鹩 */
	{ 0xF0D4, { 0x000, 0x210, 0x23C, 0x724, 0x7A4, 0x324, 0x120, 0x384, 0x038, 0x640, 0x00C, 0x000 } }, /* 鹪 */
	{ 0xF0D5, { 0x000, 0x110, 0x014, 0x698, 0x588, 0x024, 0x1F0, 0x250, 0x1F8, 0x3E0, 0x008, 0x000 } }, /* 鹫 */
	{ 0xF0D6, { 0x000, 0x010, 0x0BC, 0x7E4, 0x164, 0x52C, 0x7F8, 0x6C0, 0x5FC, 0x540, 0x44C, 0x000 } }, /* 鹬 */
	{ 0xF0D7, { 0x000, 0x028, 0x73C, 0x150, 0x150, 0x17C, 0x750, 0x040, 0x72C, 0x118, 0x16C, 0x000 } }, /* 鹱 */
	{ 0xF0D8, { 0x000, 0x720, 0x468, 0x33C, 0x578, 0x7A8, 0x1F0, 0x2D0, 0x3FC, 0x7E0, 0x008, 0x000 } }, /* 鹭 */
	{ 0xF0D9, { 0x280, 0x7FC, 0x280, 0x7CC, 0x504, 0x7D0, 0x782, 0x518, 0x500, 0x7C4, 0x000, 0x000 } }, /* 鹳 */
	{ 0xF0DA, { 0x020, 0x060, 0x200, 0x600, 0x200, 0x600, 0x200, 0x200, 0x200, 0x400, 0x000, 0x000 } }, /* 疒 */
	{ 0xF0DB, { 0x000, 0x020, 0x1FC, 0x200, 0x600, 0x230, 0x610, 0x210, 0x210, 0x210, 0x420, 0x000 } }, /* 疔 */
	{ 0xF0DC, { 0x000, 0x020, 0x1FC, 0x200, 0x600, 0x224, 0x624, 0x224, 0x228, 0x220, 0x420, 0x000 } }, /* 疖 */
	{ 0xF0DD, { 0x000, 0x020, 0x1FC, 0x200, 0x7FC, 0x220, 0x620, 0x244, 0x240, 0x288, 0x498, 0x000 } }, /* 疠 */
	{ 0xF0DE, { 0x000, 0x020, 0x1FC, 0x200, 0x600, 0x284, 0x684, 0x284, 0x284, 0x2BC, 0x404, 0x000 } }, /* 疝 */
	{ 0xF0DF, { 0x000, 0x020, 0x1FC, 0x200, 0x6DC, 0x290, 0x6BC, 0x294, 0x294, 0x224, 0x54C, 0x000 } }, /* 疬 */
	{ 0xF0E0, { 0x000, 0x020, 0x1FC, 0x220, 0x628, 0x3FC, 0x630, 0x210, 0x250, 0x294, 0x51C, 0x000 } }, /* 疣 */
	{ 0xF0E1, { 0x000, 0x020, 0x1FC, 0x000, 0x648, 0x1FC, 0x640, 0x278, 0x240, 0x248, 0x448, 0x000 } }, /* 疳 */
	{ 0xF0E2, { 0x000, 0x020, 0x1FC, 0x000, 0x6FC, 0x000, 0x6F0, 0x290, 0x2F0, 0x200, 0x408, 0x000 } }, /* 疴 */
	{ 0xF0E3, { 0x020, 0x1FC, 0x200, 0x678, 0x288, 0x6F8, 0x288, 0x2F8, 0x200, 0x5FC, 0x000, 0x000 } }, /* 疸 */
	{ 0xF0E4, { 0x020, 0x1FC, 0x000, 0x640, 0x0A0, 0x63C, 0x220, 0x23C, 0x220, 0x420, 0x000, 0x000 } }, /* 痄 */
	{ 0xF0E5, { 0x000, 0x020, 0x1FC, 0x040, 0x6FC, 0x284, 0x6F4, 0x214, 0x240, 0x200, 0x47C, 0x000 } }, /* 疱 */
	{ 0xF0E6, { 0x020, 0x1FC, 0x200, 0x620, 0x2FC, 0x620, 0x230, 0x220, 0x220, 0x5FC, 0x000, 0x000 } }, /* 疰 */
	{ 0xF0E7, { 0x020, 0x1FC, 0x000, 0x630, 0x020, 0x648, 0x2F0, 0x228, 0x24C, 0x484, 0x000, 0x000 } }, /* 痃 */
	{ 0xF0E8, { 0x000, 0x020, 0x1FC, 0x200, 0x640, 0x2EC, 0x624, 0x224, 0x2A4, 0x2AC, 0x544, 0x000 } }, /* 痂 */
	{ 0xF0E9, { 0x000, 0x020, 0x1FC, 0x200, 0x6F8, 0x250, 0x6D4, 0x2D0, 0x2D8, 0x250, 0x4FC, 0x000 } }, /* 痖 */
	{ 0xF0EA, { 0x000, 0x020, 0x3FC, 0x220, 0x620, 0x2FC, 0x6FC, 0x2A0, 0x274, 0x458, 0x50C, 0x000 } }, /* 痍 */
	{ 0xF0EB, { 0x000, 0x020, 0x3FC, 0x200, 0x6FC, 0x220, 0x6FC, 0x200, 0x254, 0x548, 0x478, 0x000 } }, /* 痣 */
	{ 0xF0EC, { 0x000, 0x020, 0x3FC, 0x240, 0x6FC, 0x240, 0x6A4, 0x278, 0x228, 0x448, 0x598, 0x000 } }, /* 痨 */
	{ 0xF0ED, { 0x000, 0x000, 0x3FC, 0x200, 0x620, 0x2F8, 0x648, 0x200, 0x2FC, 0x484, 0x4FC, 0x000 } }, /* 痦 */
	{ 0xF0EE, { 0x000, 0x000, 0x3FC, 0x200, 0x6A8, 0x2A8, 0x774, 0x220, 0x2FC, 0x420, 0x5FC, 0x000 } }, /* 痤 */
	{ 0xF0EF, { 0x000, 0x020, 0x3FC, 0x200, 0x604, 0x2A4, 0x634, 0x234, 0x2E4, 0x424, 0x40C, 0x000 } }, /* 痫 */
	{ 0xF0F0, { 0x000, 0x020, 0x3FC, 0x200, 0x690, 0x234, 0x6B0, 0x210, 0x288, 0x518, 0x460, 0x000 } }, /* 痧 */
	{ 0xF0F1, { 0x000, 0x000, 0x3FC, 0x200, 0x664, 0x264, 0x6B8, 0x2D0, 0x234, 0x4D4, 0x430, 0x000 } }, /* 瘃 */
	{ 0xF0F2, { 0x000, 0x020, 0x3FC, 0x200, 0x650, 0x250, 0x6D8, 0x250, 0x250, 0x450, 0x450, 0x000 } }, /* 痱 */
	{ 0xF0F3, { 0x000, 0x020, 0x3FC, 0x200, 0x6B4, 0x2FC, 0x6A4, 0x2B4, 0x2B4, 0x484, 0x484, 0x000 } }, /* 痼 */
	{ 0xF0F4, { 0x000, 0x020, 0x3FC, 0x23C, 0x620, 0x278, 0x6AC, 0x220, 0x2FC, 0x470, 0x4EC, 0x000 } }, /* 痿 */
	{ 0xF0F5, { 0x020, 0x1FC, 0x220, 0x7AC, 0x3A4, 0x7A4, 0x2FC, 0x230, 0x058, 0x584, 0x000, 0x000 } }, /* 瘐 */
	{ 0xF0F6, { 0x000, 0x020, 0x3FC, 0x208, 0x6E8, 0x294, 0x6F4, 0x288, 0x200, 0x508, 0x444, 0x000 } }, /* 瘀 */
	{ 0xF0F7, { 0x000, 0x020, 0x3FC, 0x240, 0x650, 0x2A4, 0x6FC, 0x2FC, 0x220, 0x5FC, 0x420, 0x000 } }, /* 瘅 */
	{ 0xF0F8, { 0x000, 0x020, 0x3FC, 0x240, 0x6EC, 0x24C, 0x64C, 0x2EC, 0x2C4, 0x544, 0x444, 0x000 } }, /* 瘌 */
	{ 0xF0F9, { 0x000, 0x020, 0x3FC, 0x200, 0x6FC, 0x228, 0x6FC, 0x2CC, 0x220, 0x420, 0x4FC, 0x000 } }, /* 瘗 */
	{ 0xF0FA, { 0x000, 0x020, 0x3FC, 0x220, 0x688, 0x2FC, 0x7BC, 0x290, 0x2FC, 0x498, 0x4C4, 0x000 } }, /* 瘊 */
	{ 0xF0FB, { 0x000, 0x020, 0x3FC, 0x240, 0x6FC, 0x220, 0x660, 0x2FC, 0x2F8, 0x510, 0x4FC, 0x000 } }, /* 瘥 */
	{ 0xF0FC, { 0x000, 0x020, 0x3FC, 0x228, 0x6FC, 0x278, 0x6A4, 0x260, 0x250, 0x430, 0x4CC, 0x000 } }, /* 瘘 */
	{ 0xF0FD, { 0x000, 0x020, 0x3FC, 0x200, 0x6C4, 0x2C4, 0x618, 0x2DC, 0x090, 0x418, 0x434, 0x000 } }, /* 瘕 */
	{ 0xF0FE, { 0x000, 0x020, 0x3FC, 0x200, 0x668, 0x270, 0x7EC, 0x2F8, 0x0A4, 0x420, 0x5FC, 0x000 } }, /* 瘙 */
	{ 0xF1A1, { 0x000, 0x020, 0x3FC, 0x2C0, 0x644, 0x2C4, 0x6D4, 0x240, 0x220, 0x544, 0x578, 0x000 } }, /* 瘛 */
	{ 0xF1A2, { 0x000, 0x020, 0x3FC, 0x258, 0x658, 0x28C, 0x6FC, 0x2FC, 0x2FC, 0x470, 0x58C, 0x000 } }, /* 瘼 */
	{ 0xF1A3, { 0x000, 0x020, 0x3FC, 0x288, 0x6D0, 0x2D4, 0x7F0, 0x294, 0x358, 0x508, 0x554, 0x000 } }, /* 瘢 */
	{ 0xF1A4, { 0x000, 0x020, 0x3FC, 0x2A8, 0x620, 0x258, 0x6FC, 0x2C8, 0x288, 0x488, 0x488, 0x000 } }, /* 瘠 */
	{ 0xF1A5, { 0x000, 0x020, 0x3FC, 0x258, 0x658, 0x2FC, 0x6FC, 0x2FC, 0x0A4, 0x448, 0x584, 0x000 } }, /* 癀 */
	{ 0xF1A6, { 0x000, 0x020, 0x3FC, 0x2FC, 0x670, 0x2D4, 0x600, 0x2F8, 0x3FC, 0x4A8, 0x524, 0x000 } }, /* 瘭 */
	{ 0xF1A7, { 0x000, 0x020, 0x3FC, 0x2F8, 0x6B4, 0x2BC, 0x650, 0x2E0, 0x2FC, 0x028, 0x5A4, 0x000 } }, /* 瘰 */
	{ 0xF1A8, { 0x000, 0x020, 0x3FC, 0x2DC, 0x61C, 0x288, 0x694, 0x220, 0x258, 0x030, 0x4C4, 0x000 } }, /* 瘿 */
	{ 0xF1A9, { 0x000, 0x020, 0x3FC, 0x290, 0x6F4, 0x248, 0x6FC, 0x380, 0x230, 0x088, 0x424, 0x000 } }, /* 瘵 */
	{ 0xF1AA, { 0x000, 0x020, 0x3FC, 0x290, 0x738, 0x31C, 0x75C, 0x368, 0x308, 0x51C, 0x53C, 0x000 } }, /* 癃 */
	{ 0xF1AB, { 0x000, 0x020, 0x3FC, 0x290, 0x768, 0x37C, 0x71C, 0x37C, 0x180, 0x564, 0x518, 0x000 } }, /* 瘾 */
	{ 0xF1AC, { 0x000, 0x020, 0x3FC, 0x2D8, 0x600, 0x2F8, 0x650, 0x3CC, 0x0A0, 0x490, 0x4C0, 0x000 } }, /* 瘳 */
	{ 0xF1AD, { 0x000, 0x020, 0x3FC, 0x220, 0x6B8, 0x290, 0x6BC, 0x2A0, 0x2B0, 0x4E0, 0x50C, 0x000 } }, /* 癍 */
	{ 0xF1AE, { 0x000, 0x020, 0x3FC, 0x210, 0x6D8, 0x2DC, 0x754, 0x2DC, 0x2C8, 0x180, 0x410, 0x000 } }, /* 癞 */
	{ 0xF1AF, { 0x000, 0x020, 0x3FC, 0x2B0, 0x640, 0x2FC, 0x6F8, 0x2F8, 0x278, 0x504, 0x478, 0x000 } }, /* 癔 */
	{ 0xF1B0, { 0x000, 0x020, 0x3FC, 0x2E8, 0x634, 0x294, 0x6EC, 0x3E4, 0x30C, 0x5A8, 0x414, 0x000 } }, /* 癜 */
	{ 0xF1B1, { 0x020, 0x3FC, 0x208, 0x67C, 0x2C4, 0x684, 0x3C8, 0x3A8, 0x7C8, 0x488, 0x000, 0x000 } }, /* 癖 */
	{ 0xF1B2, { 0x000, 0x020, 0x3FC, 0x2C0, 0x288, 0x2DC, 0x6DC, 0x2DC, 0x3C8, 0x444, 0x510, 0x000 } }, /* 癫 */
	{ 0xF1B3, { 0x000, 0x020, 0x200, 0x2DC, 0x6DC, 0x2DC, 0x6D0, 0x2FC, 0x2FC, 0x4F8, 0x480, 0x000 } }, /* 癯 */
	{ 0xF1B4, { 0x000, 0x224, 0x020, 0x0A0, 0x020, 0x624, 0x6F8, 0x220, 0x620, 0x064, 0x000, 0x000 } }, /* 翊 */
	{ 0xF1B5, { 0x000, 0x010, 0x07C, 0x710, 0x07C, 0x554, 0x47C, 0x030, 0x358, 0x4D4, 0x090, 0x000 } }, /* 竦 */
	{ 0xF1B6, { 0x000, 0x040, 0x7FC, 0x000, 0x318, 0x484, 0x1F8, 0x208, 0x050, 0x060, 0x780, 0x000 } }, /* 穸 */
	{ 0xF1B7, { 0x000, 0x040, 0x7FC, 0x110, 0x208, 0x3F8, 0x008, 0x200, 0x3FC, 0x004, 0x018, 0x000 } }, /* 穹 */
	{ 0xF1B8, { 0x000, 0x040, 0x7FC, 0x004, 0x308, 0x6CC, 0x040, 0x448, 0x3F8, 0x040, 0x07C, 0x000 } }, /* 窀 */
	{ 0xF1B9, { 0x000, 0x040, 0x7FC, 0x510, 0x61C, 0x1C0, 0x040, 0x010, 0x060, 0x180, 0x4FC, 0x000 } }, /* 窆 */
	{ 0xF1BA, { 0x000, 0x040, 0x7FC, 0x890, 0x20C, 0x210, 0x5BC, 0x714, 0x2A4, 0x7A4, 0x048, 0x000 } }, /* 窈 */
	{ 0xF1BB, { 0x040, 0x7FC, 0x414, 0x308, 0x0A8, 0x2A0, 0x1B8, 0x4A0, 0x124, 0x63C, 0x000, 0x000 } }, /* 窕 */
	{ 0xF1BC, { 0x000, 0x040, 0x7FC, 0x318, 0x7FC, 0x040, 0x104, 0x200, 0x7FC, 0x0D0, 0x30C, 0x000 } }, /* 窦 */
	{ 0xF1BD, { 0x000, 0x040, 0x7FC, 0x318, 0x3F8, 0x248, 0x248, 0x040, 0x5F4, 0x150, 0x644, 0x000 } }, /* 窠 */
	{ 0xF1BE, { 0x000, 0x040, 0x7FC, 0x110, 0x2C8, 0x1B8, 0x604, 0x2C8, 0x2E8, 0x3C8, 0x288, 0x000 } }, /* 窬 */
	{ 0xF1BF, { 0x000, 0x040, 0x7FE, 0x118, 0x644, 0x110, 0x1B0, 0x000, 0x308, 0x3F8, 0x3F8, 0x000 } }, /* 窨 */
	{ 0xF1C0, { 0x000, 0x040, 0x4B4, 0x398, 0x150, 0x7FC, 0x150, 0x48C, 0x5B4, 0x1E0, 0x388, 0x000 } }, /* 窭 */
	{ 0xF1C1, { 0x000, 0x040, 0x4B4, 0x79C, 0x088, 0x638, 0x698, 0x6D8, 0x654, 0x7DC, 0x040, 0x000 } }, /* 窳 */
	{ 0xF1C2, { 0x000, 0x100, 0x000, 0x7C0, 0x080, 0x1A0, 0x3C0, 0x460, 0x000, 0x000, 0x000, 0x000 } }, /* 衤 */
	{ 0xF1C3, { 0x200, 0x27C, 0x044, 0x114, 0x2A8, 0x728, 0x290, 0x210, 0x228, 0x2C4, 0x000, 0x000 } }, /* 衩 */
	{ 0xF1C4, { 0x000, 0x210, 0x010, 0x77C, 0x010, 0x290, 0x718, 0x26C, 0x240, 0x204, 0x20C, 0x000 } }, /* 衲 */
	{ 0xF1C5, { 0x000, 0x204, 0x070, 0x710, 0x110, 0x2BC, 0x710, 0x690, 0x210, 0x210, 0x200, 0x000 } }, /* 衽 */
	{ 0xF1C6, { 0x210, 0x230, 0x028, 0x34C, 0x210, 0x700, 0x72C, 0x208, 0x208, 0x210, 0x000, 0x000 } }, /* 衿 */
	{ 0xF1C7, { 0x000, 0x210, 0x110, 0x07C, 0x114, 0x214, 0x77C, 0x6B0, 0x220, 0x248, 0x284, 0x000 } }, /* 袂 */
	{ 0xF1C8, { 0x000, 0x210, 0x054, 0x414, 0x110, 0x2BC, 0x710, 0x6FC, 0x210, 0x210, 0x210, 0x000 } }, /* 袢 */
	{ 0xF1C9, { 0x000, 0x210, 0x054, 0x714, 0x110, 0x284, 0x704, 0x23C, 0x204, 0x204, 0x204, 0x000 } }, /* 裆 */
	{ 0xF1CA, { 0x200, 0x230, 0x028, 0x14C, 0x200, 0x700, 0x244, 0x244, 0x27C, 0x244, 0x000, 0x000 } }, /* 袷 */
	{ 0xF1CB, { 0x000, 0x220, 0x278, 0x668, 0x230, 0x230, 0x744, 0x238, 0x240, 0x268, 0x248, 0x000 } }, /* 袼 */
	{ 0xF1CC, { 0x000, 0x200, 0x044, 0x67C, 0x144, 0x27C, 0x750, 0x25C, 0x248, 0x268, 0x244, 0x000 } }, /* 裉 */
	{ 0xF1CD, { 0x000, 0x010, 0x2BC, 0x600, 0x2A8, 0x2BC, 0x788, 0x2BC, 0x088, 0x0C0, 0x01C, 0x000 } }, /* 裢 */
	{ 0xF1CE, { 0x238, 0x244, 0x044, 0x138, 0x200, 0x710, 0x210, 0x210, 0x210, 0x27C, 0x000, 0x000 } }, /* 裎 */
	{ 0xF1CF, { 0x000, 0x220, 0x230, 0x048, 0x2C4, 0x238, 0x700, 0x348, 0x258, 0x200, 0x27C, 0x000 } }, /* 裣 */
	{ 0xF1D0, { 0x000, 0x040, 0x204, 0x684, 0x2BC, 0x2AC, 0x7BC, 0x3AC, 0x2B4, 0x284, 0x284, 0x000 } }, /* 裥 */
	{ 0xF1D1, { 0x000, 0x210, 0x27C, 0x610, 0x278, 0x210, 0x730, 0x254, 0x2C8, 0x22C, 0x264, 0x000 } }, /* 裱 */
	{ 0xF1D2, { 0x000, 0x220, 0x274, 0x728, 0x0FC, 0x210, 0x77C, 0x244, 0x2FC, 0x244, 0x264, 0x000 } }, /* 褚 */
	{ 0xF1D3, { 0x000, 0x238, 0x244, 0x77C, 0x064, 0x2A0, 0x77C, 0x228, 0x250, 0x224, 0x24C, 0x000 } }, /* 裼 */
	{ 0xF1D4, { 0x000, 0x200, 0x27C, 0x014, 0x17C, 0x284, 0x77C, 0x228, 0x2FC, 0x208, 0x208, 0x000 } }, /* 裨 */
	{ 0xF1D5, { 0x000, 0x27C, 0x244, 0x77C, 0x140, 0x2FC, 0x740, 0x2FC, 0x224, 0x2BC, 0x224, 0x000 } }, /* 裾 */
	{ 0xF1D6, { 0x000, 0x024, 0x66C, 0x26C, 0x290, 0x7FC, 0x234, 0x2CC, 0x268, 0x294, 0x000, 0x000 } }, /* 裰 */
	{ 0xF1D7, { 0x000, 0x008, 0x2FC, 0x628, 0x230, 0x328, 0x7FC, 0x300, 0x24C, 0x244, 0x24C, 0x000 } }, /* 褡 */
	{ 0xF1D8, { 0x000, 0x220, 0x2EC, 0x620, 0x2EC, 0x220, 0x744, 0x27C, 0x244, 0x244, 0x24C, 0x000 } }, /* 褙 */
	{ 0xF1D9, { 0x058, 0x264, 0x6E4, 0x2DC, 0x048, 0x77C, 0x358, 0x07C, 0x068, 0x048, 0x000, 0x000 } }, /* 褓 */
	{ 0xF1DA, { 0x010, 0x250, 0x67C, 0x238, 0x284, 0x720, 0x36C, 0x228, 0x218, 0x264, 0x000, 0x000 } }, /* 褛 */
	{ 0xF1DB, { 0x000, 0x210, 0x27C, 0x644, 0x278, 0x240, 0x74C, 0x3FC, 0x2CC, 0x248, 0x244, 0x000 } }, /* 褊 */
	{ 0xF1DC, { 0x028, 0x2A8, 0x6B8, 0x2B0, 0x220, 0x700, 0x3B4, 0x0B4, 0x0B4, 0x0FC, 0x000, 0x000 } }, /* 褴 */
	{ 0xF1DD, { 0x000, 0x01C, 0x290, 0x690, 0x2B4, 0x3B8, 0x7D4, 0x2C8, 0x2D8, 0x348, 0x2AC, 0x000 } }, /* 褫 */
	{ 0xF1DE, { 0x26C, 0x220, 0x624, 0x26C, 0x200, 0x73C, 0x244, 0x27C, 0x244, 0x27C, 0x000, 0x000 } }, /* 褶 */
	{ 0xF1DF, { 0x01C, 0x244, 0x65C, 0x288, 0x2BC, 0x6EC, 0x27C, 0x048, 0x04C, 0x0A0, 0x000, 0x000 } }, /* 襁 */
	{ 0xF1E0, { 0x000, 0x27C, 0x210, 0x6BC, 0x290, 0x248, 0x77C, 0x330, 0x2AC, 0x2A8, 0x284, 0x000 } }, /* 襦 */
	{ 0xF1E1, { 0x014, 0x2FC, 0x6EC, 0x214, 0x320, 0x77C, 0x0F4, 0x038, 0x07C, 0x030, 0x000, 0x000 } }, /* 襻 */
	{ 0xF1E2, { 0x000, 0x000, 0x3FC, 0x040, 0x040, 0x240, 0x240, 0x240, 0x740, 0x4C0, 0x03C, 0x000 } }, /* 疋 */
	{ 0xF1E3, { 0x7F8, 0x040, 0x278, 0x3C0, 0x400, 0x3F8, 0x3F8, 0x208, 0x208, 0x218, 0x000, 0x000 } }, /* 胥 */
	{ 0xF1E4, { 0x000, 0x010, 0x4BC, 0x204, 0x780, 0x43C, 0x7A4, 0x158, 0x7D8, 0x158, 0x124, 0x000 } }, /* 皲 */
	{ 0xF1E5, { 0x200, 0x018, 0x7D4, 0x000, 0x43C, 0x3E4, 0x440, 0x158, 0x358, 0x4A4, 0x000, 0x000 } }, /* 皴 */
	{ 0xF1E6, { 0x000, 0x010, 0x098, 0x328, 0x324, 0x380, 0x300, 0x30C, 0x508, 0x108, 0x210, 0x000 } }, /* 矜 */
	{ 0xF1E7, { 0x040, 0x040, 0x040, 0x3F8, 0x040, 0x7FC, 0x0E0, 0x158, 0x64C, 0x040, 0x000, 0x000 } }, /* 耒 */
	{ 0xF1E8, { 0x000, 0x33C, 0x208, 0x710, 0x210, 0x718, 0x210, 0x690, 0x610, 0x230, 0x000, 0x000 } }, /* 耔 */
	{ 0xF1E9, { 0x210, 0x310, 0x210, 0x714, 0x250, 0x754, 0x210, 0x688, 0x210, 0x240, 0x000, 0x000 } }, /* 耖 */
	{ 0xF1EA, { 0x000, 0x33C, 0x224, 0x7BC, 0x020, 0x7A0, 0x3A4, 0x6A4, 0x43C, 0x024, 0x000, 0x000 } }, /* 耜 */
	{ 0xF1EB, { 0x210, 0x330, 0x228, 0x744, 0x238, 0x700, 0x32C, 0x684, 0x23C, 0x200, 0x000, 0x000 } }, /* 耠 */
	{ 0xF1EC, { 0x208, 0x328, 0x228, 0x700, 0x244, 0x710, 0x23C, 0x6A4, 0x224, 0x248, 0x000, 0x000 } }, /* 耢 */
	{ 0xF1ED, { 0x210, 0x354, 0x214, 0x710, 0x244, 0x75C, 0x36C, 0x6DC, 0x244, 0x24C, 0x000, 0x000 } }, /* 耥 */
	{ 0xF1EE, { 0x200, 0x254, 0x27C, 0x754, 0x238, 0x77C, 0x350, 0x65C, 0x240, 0x244, 0x000, 0x000 } }, /* 耦 */
	{ 0xF1EF, { 0x210, 0x310, 0x27C, 0x738, 0x254, 0x710, 0x32C, 0x6A8, 0x218, 0x260, 0x000, 0x000 } }, /* 耧 */
	{ 0xF1F0, { 0x228, 0x37C, 0x228, 0x728, 0x210, 0x77C, 0x37C, 0x654, 0x244, 0x24C, 0x000, 0x000 } }, /* 耩 */
	{ 0xF1F1, { 0x200, 0x240, 0x23C, 0x740, 0x26C, 0x7AC, 0x320, 0x6BC, 0x2A4, 0x208, 0x000, 0x000 } }, /* 耨 */
	{ 0xF1F2, { 0x000, 0x210, 0x27C, 0x220, 0x76C, 0x26C, 0x3C0, 0x3BC, 0x6BC, 0x2A4, 0x234, 0x000 } }, /* 耱 */
	{ 0xF1F3, { 0x000, 0x000, 0x3F8, 0x7FC, 0x1F0, 0x588, 0x0F0, 0x110, 0x1C0, 0x040, 0x7FC, 0x000 } }, /* 耋 */
	{ 0xF1F4, { 0x780, 0x498, 0x480, 0x480, 0x480, 0x780, 0x480, 0x780, 0x080, 0x090, 0x000, 0x000 } }, /* 耵 */
	{ 0xF1F5, { 0x010, 0x710, 0x554, 0x754, 0x57C, 0x754, 0x57C, 0x744, 0x144, 0x14C, 0x000, 0x000 } }, /* 聃 */
	{ 0xF1F6, { 0x010, 0x7B0, 0x428, 0x754, 0x480, 0x778, 0x408, 0x7B0, 0x010, 0x000, 0x000, 0x000 } }, /* 聆 */
	{ 0xF1F7, { 0x000, 0x010, 0x590, 0x544, 0x740, 0x400, 0x718, 0x400, 0x780, 0x000, 0x010, 0x000 } }, /* 聍 */
	{ 0xF1F8, { 0x00C, 0x7B0, 0x410, 0x77C, 0x410, 0x710, 0x424, 0x7A4, 0x03C, 0x024, 0x000, 0x000 } }, /* 聒 */
	{ 0xF1F9, { 0x010, 0x77C, 0x554, 0x710, 0x57C, 0x77C, 0x544, 0x7D4, 0x128, 0x144, 0x000, 0x000 } }, /* 聩 */
	{ 0xF1FA, { 0x000, 0x110, 0x790, 0x3A8, 0x398, 0x2B8, 0x4A0, 0x1F0, 0x1F0, 0x3FC, 0x010, 0x000 } }, /* 聱 */
	{ 0xF1FB, { 0x7FC, 0x0A0, 0x2A4, 0x3F8, 0x3F8, 0x208, 0x208, 0x040, 0x7FC, 0x040, 0x000, 0x000 } }, /* 覃 */
	{ 0xF1FC, { 0x000, 0x210, 0x230, 0x244, 0x754, 0x254, 0x254, 0x220, 0x268, 0x284, 0x000, 0x000 } }, /* 顸 */
	{ 0xF1FD, { 0x100, 0x410, 0x430, 0x744, 0x554, 0x554, 0x554, 0x500, 0x528, 0x044, 0x000, 0x000 } }, /* 颀 */
	{ 0xF1FE, { 0x27C, 0x010, 0x790, 0x044, 0x714, 0x514, 0x554, 0x590, 0x528, 0x044, 0x000, 0x000 } }, /* 颃 */
	{ 0xF2A1, { 0x200, 0x210, 0x210, 0x23C, 0x014, 0x014, 0x514, 0x510, 0x52C, 0x040, 0x000, 0x000 } }, /* 颉 */
	{ 0xF2A2, { 0x000, 0x310, 0x490, 0x77C, 0x054, 0x754, 0x4D4, 0x490, 0x5A8, 0x044, 0x000, 0x000 } }, /* 颌 */
	{ 0xF2A3, { 0x400, 0x710, 0x410, 0x37C, 0x054, 0x6D4, 0x754, 0x490, 0x22C, 0x244, 0x000, 0x000 } }, /* 颍 */
	{ 0xF2A4, { 0x000, 0x110, 0x210, 0x03C, 0x714, 0x094, 0x694, 0x190, 0x22C, 0x440, 0x000, 0x000 } }, /* 颏 */
	{ 0xF2A5, { 0x000, 0x390, 0x410, 0x13C, 0x194, 0x114, 0x694, 0x490, 0x7AC, 0x040, 0x000, 0x000 } }, /* 颔 */
	{ 0xF2A6, { 0x480, 0x310, 0x790, 0x024, 0x034, 0x7B4, 0x234, 0x010, 0x124, 0x040, 0x000, 0x000 } }, /* 颚 */
	{ 0xF2A7, { 0x000, 0x000, 0x490, 0x790, 0x024, 0x224, 0x7A4, 0x324, 0x310, 0x204, 0x0A0, 0x000 } }, /* 颛 */
	{ 0xF2A8, { 0x780, 0x490, 0x490, 0x7A4, 0x7A4, 0x0B4, 0x2B4, 0x490, 0x6AC, 0x140, 0x000, 0x000 } }, /* 颞 */
	{ 0xF2A9, { 0x000, 0x798, 0x210, 0x7BC, 0x3AC, 0x7EC, 0x76C, 0x5F0, 0x514, 0x0A0, 0x000, 0x000 } }, /* 颟 */
	{ 0xF2AA, { 0x000, 0x310, 0x390, 0x6A4, 0x6A4, 0x6A4, 0x7A4, 0x310, 0x594, 0x120, 0x000, 0x000 } }, /* 颡 */
	{ 0xF2AB, { 0x780, 0x790, 0x490, 0x124, 0x7A4, 0x7A4, 0x4A4, 0x110, 0x594, 0x260, 0x000, 0x000 } }, /* 颢 */
	{ 0xF2AC, { 0x780, 0x310, 0xF50, 0x024, 0x02C, 0x7AC, 0x224, 0x310, 0x314, 0x0A0, 0x000, 0x000 } }, /* 颥 */
	{ 0xF2AD, { 0x100, 0x110, 0x7B4, 0x594, 0x3AC, 0x7F8, 0x3F8, 0x3F8, 0x7FC, 0x000, 0x000, 0x000 } }, /* 颦 */
	{ 0xF2AE, { 0x000, 0x040, 0x078, 0x040, 0x3FC, 0x444, 0x440, 0x5E0, 0x440, 0x444, 0x078, 0x000 } }, /* 虍 */
	{ 0xF2AF, { 0x000, 0x040, 0x040, 0x7FC, 0x5F0, 0x448, 0x420, 0x5FC, 0x410, 0x460, 0x18C, 0x000 } }, /* 虔 */
	{ 0xF2B0, { 0x000, 0x110, 0x110, 0x7D0, 0x550, 0x550, 0x7D0, 0x510, 0x150, 0x7D2, 0x01C, 0x000 } }, /* 虬 */
	{ 0xF2B1, { 0x000, 0x200, 0x228, 0x7A8, 0x2A8, 0x6A8, 0x7A8, 0x208, 0x3C8, 0x64A, 0x044, 0x000 } }, /* 虮 */
	{ 0xF2B2, { 0x7FC, 0x080, 0x1F8, 0x208, 0x440, 0x3F8, 0x240, 0x248, 0x048, 0x784, 0x000, 0x000 } }, /* 虿 */
	{ 0xF2B3, { 0x000, 0x010, 0x790, 0x234, 0x214, 0x23C, 0x210, 0x01C, 0x400, 0x480, 0x07C, 0x000 } }, /* 虺 */
	{ 0xF2B4, { 0x000, 0x220, 0x220, 0x720, 0x640, 0x6BC, 0x708, 0x210, 0x2A0, 0x6A0, 0x03C, 0x000 } }, /* 虼 */
	{ 0xF2B5, { 0x000, 0x000, 0x000, 0x7FC, 0x4A0, 0x4A0, 0x7A0, 0x420, 0x0A0, 0x7E0, 0x01C, 0x000 } }, /* 虻 */
	{ 0xF2B6, { 0x000, 0x210, 0x210, 0x7BC, 0x690, 0x6FC, 0x790, 0x2B0, 0x3A8, 0x444, 0x0C0, 0x000 } }, /* 蚨 */
	{ 0xF2B7, { 0x000, 0x208, 0x248, 0x7C8, 0x6EC, 0x6C8, 0x7C8, 0x248, 0x2C8, 0x6E8, 0x00C, 0x000 } }, /* 蚍 */
	{ 0xF2B8, { 0x000, 0x210, 0x210, 0x7FC, 0x6D0, 0x6D0, 0x7D8, 0x26C, 0x2C0, 0x7C0, 0x044, 0x000 } }, /* 蚋 */
	{ 0xF2B9, { 0x000, 0x200, 0x244, 0x7C4, 0x6D4, 0x6D4, 0x654, 0x210, 0x3B0, 0x440, 0x08C, 0x000 } }, /* 蚬 */
	{ 0xF2BA, { 0x000, 0x208, 0x270, 0x790, 0x6BC, 0x690, 0x79C, 0x210, 0x290, 0x792, 0x01C, 0x000 } }, /* 蚝 */
	{ 0xF2BB, { 0x210, 0x210, 0x7A8, 0x6C4, 0x6A8, 0x7A8, 0x228, 0x2A8, 0x648, 0x048, 0x000, 0x000 } }, /* 蚧 */
	{ 0xF2BC, { 0x000, 0x208, 0x228, 0x7A0, 0x684, 0x6D0, 0x790, 0x200, 0x2A8, 0x7AC, 0x024, 0x000 } }, /* 蚣 */
	{ 0xF2BD, { 0x000, 0x208, 0x228, 0x788, 0x488, 0x6A8, 0x788, 0x00C, 0x0A8, 0x788, 0x008, 0x000 } }, /* 蚪 */
	{ 0xF2BE, { 0x000, 0x204, 0x214, 0x794, 0x6A4, 0x684, 0x7F4, 0x214, 0x294, 0x794, 0x024, 0x000 } }, /* 蚓 */
	{ 0xF2BF, { 0x000, 0x040, 0x040, 0x3F8, 0x7FC, 0x040, 0x3F8, 0x248, 0x3F8, 0x04C, 0x7E4, 0x000 } }, /* 蚩 */
	{ 0xF2C0, { 0x000, 0x204, 0x204, 0x7EC, 0x6A4, 0x604, 0x73C, 0x204, 0x284, 0x7BC, 0x004, 0x000 } }, /* 蚶 */
	{ 0xF2C1, { 0x000, 0x210, 0x210, 0x7BC, 0x690, 0x690, 0x7BC, 0x224, 0x2A4, 0x7FC, 0x024, 0x000 } }, /* 蛄 */
	{ 0xF2C2, { 0x000, 0x200, 0x204, 0x704, 0x674, 0x754, 0x754, 0x274, 0x2C4, 0x684, 0x00C, 0x000 } }, /* 蚵 */
	{ 0xF2C3, { 0x000, 0x200, 0x240, 0x740, 0x274, 0x750, 0x75C, 0x254, 0x354, 0x4E4, 0x0AC, 0x000 } }, /* 蛎 */
	{ 0xF2C4, { 0x000, 0x210, 0x210, 0x77C, 0x654, 0x654, 0x77C, 0x254, 0x254, 0x3FC, 0x444, 0x000 } }, /* 蚰 */
	{ 0xF2C5, { 0x000, 0x210, 0x218, 0x7D4, 0x6D4, 0x6FC, 0x7D4, 0x27C, 0x2C4, 0x7C4, 0x04C, 0x000 } }, /* 蚺 */
	{ 0xF2C6, { 0x000, 0x210, 0x220, 0x7BC, 0x6D0, 0x69C, 0x790, 0x210, 0x29C, 0x790, 0x010, 0x000 } }, /* 蚱 */
	{ 0xF2C7, { 0x000, 0x20C, 0x220, 0x7A0, 0x6A0, 0x6BC, 0x7A0, 0x620, 0x2A0, 0x7A0, 0x07C, 0x000 } }, /* 蚯 */
	{ 0xF2C8, { 0x000, 0x210, 0x230, 0x728, 0x654, 0x690, 0x738, 0x208, 0x288, 0x6B0, 0x008, 0x000 } }, /* 蛉 */
	{ 0xF2C9, { 0x000, 0x200, 0x22C, 0x7A8, 0x690, 0x6EC, 0x790, 0x23C, 0x290, 0x790, 0x07C, 0x000 } }, /* 蛏 */
	{ 0xF2CA, { 0x208, 0x248, 0x75C, 0x3E8, 0x368, 0x708, 0x258, 0x3D0, 0x714, 0x024, 0x000, 0x000 } }, /* 蚴 */
	{ 0xF2CB, { 0x078, 0x248, 0x248, 0x7CC, 0x080, 0x3F8, 0x248, 0x3F8, 0x048, 0x7E4, 0x000, 0x000 } }, /* 蛩 */
	{ 0xF2CC, { 0x000, 0x210, 0x230, 0x790, 0x650, 0x618, 0x7FC, 0x210, 0x3A0, 0x448, 0x084, 0x000 } }, /* 蛱 */
	{ 0xF2CD, { 0x000, 0x220, 0x23C, 0x7E0, 0x618, 0x63C, 0x704, 0x238, 0x3A8, 0x408, 0x0CC, 0x000 } }, /* 蛲 */
	{ 0xF2CE, { 0x000, 0x200, 0x210, 0x7A0, 0x6A4, 0x6FC, 0x790, 0x23C, 0x290, 0x690, 0x07C, 0x000 } }, /* 蛭 */
	{ 0xF2CF, { 0x000, 0x220, 0x228, 0x728, 0x33C, 0x738, 0x718, 0x2D8, 0x35C, 0x748, 0x048, 0x000 } }, /* 蛳 */
	{ 0xF2D0, { 0x000, 0x208, 0x208, 0x77C, 0x6C8, 0x6C8, 0x7FC, 0x648, 0x2C8, 0x7FC, 0x040, 0x000 } }, /* 蛐 */
	{ 0xF2D1, { 0x000, 0x204, 0x258, 0x748, 0x248, 0x268, 0x728, 0x248, 0x35C, 0x7E0, 0x08C, 0x000 } }, /* 蜓 */
	{ 0xF2D2, { 0x000, 0x20C, 0x210, 0x790, 0x6FC, 0x690, 0x798, 0x224, 0x2A4, 0x3A4, 0x024, 0x000 } }, /* 蛞 */
	{ 0xF2D3, { 0x000, 0x210, 0x27C, 0x728, 0x238, 0x738, 0x744, 0x228, 0x3A8, 0x408, 0x048, 0x000 } }, /* 蛴 */
	{ 0xF2D4, { 0x000, 0x210, 0x210, 0x700, 0x228, 0x744, 0x708, 0x228, 0x290, 0xEB8, 0x044, 0x000 } }, /* 蛟 */
	{ 0xF2D5, { 0x000, 0x228, 0x228, 0x7FC, 0x290, 0x2BC, 0x790, 0x210, 0x2FC, 0x790, 0x010, 0x000 } }, /* 蛘 */
	{ 0xF2D6, { 0x000, 0x210, 0x224, 0x7FC, 0x680, 0x6B0, 0x7FC, 0x200, 0x2FC, 0x680, 0x000, 0x000 } }, /* 蛑 */
	{ 0xF2D7, { 0x000, 0x3FC, 0x000, 0x200, 0x3A8, 0x1D8, 0x004, 0x5F8, 0x56C, 0x42C, 0x1E4, 0x000 } }, /* 蜃 */
	{ 0xF2D8, { 0x000, 0x03C, 0x780, 0x37C, 0x648, 0x208, 0x040, 0x248, 0x3F8, 0x048, 0x3FC, 0x000 } }, /* 蜇 */
	{ 0xF2D9, { 0x000, 0x210, 0x224, 0x780, 0x6BC, 0x680, 0x7BC, 0x204, 0x2BC, 0x7C4, 0x004, 0x000 } }, /* 蛸 */
	{ 0xF2DA, { 0x27C, 0x244, 0x76C, 0x600, 0x77C, 0x710, 0x27C, 0x2B0, 0x6A8, 0x0C4, 0x000, 0x000 } }, /* 蜈 */
	{ 0xF2DB, { 0x000, 0x220, 0x260, 0x728, 0x7E8, 0x728, 0x778, 0x268, 0x2A8, 0x7A0, 0x024, 0x000 } }, /* 蜊 */
	{ 0xF2DC, { 0x210, 0x210, 0x728, 0x66C, 0x610, 0x73C, 0x210, 0x294, 0x7D4, 0x010, 0x000, 0x000 } }, /* 蜍 */
	{ 0xF2DD, { 0x000, 0x20C, 0x200, 0x714, 0x600, 0x67C, 0x708, 0x210, 0x290, 0x690, 0x030, 0x000 } }, /* 蜉 */
	{ 0xF2DE, { 0x000, 0x228, 0x27C, 0x710, 0x27C, 0x210, 0x7FC, 0x220, 0x2A0, 0x6C0, 0x08C, 0x000 } }, /* 蜣 */
	{ 0xF2DF, { 0x000, 0x210, 0x27C, 0x73C, 0x610, 0x680, 0x73C, 0x264, 0x2E4, 0x7FC, 0x044, 0x000 } }, /* 蜻 */
	{ 0xF2E0, { 0x220, 0x27C, 0x720, 0x238, 0x220, 0x738, 0x22C, 0x280, 0x7AC, 0x044, 0x000, 0x000 } }, /* 蜞 */
	{ 0xF2E1, { 0x244, 0x250, 0x750, 0x35C, 0x754, 0x774, 0x2D4, 0x354, 0x754, 0x044, 0x000, 0x000 } }, /* 蜥 */
	{ 0xF2E2, { 0x214, 0x210, 0x798, 0x610, 0x674, 0x768, 0x268, 0x208, 0x7DC, 0x014, 0x000, 0x000 } }, /* 蜮 */
	{ 0xF2E3, { 0x000, 0x0A0, 0x0A0, 0x7BC, 0x0A0, 0x0A0, 0x040, 0x24C, 0x3F8, 0x048, 0x7F4, 0x000 } }, /* 蜚 */
	{ 0xF2E4, { 0x000, 0x27C, 0x254, 0x77C, 0x654, 0x638, 0x7FC, 0x238, 0x2B8, 0x6D4, 0x010, 0x000 } }, /* 蜾 */
	{ 0xF2E5, { 0x000, 0x23C, 0x240, 0x778, 0x250, 0x258, 0x750, 0x250, 0x240, 0x7FC, 0x040, 0x000 } }, /* 蝈 */
	{ 0xF2E6, { 0x000, 0x23C, 0x204, 0x7BC, 0x6BC, 0x6A0, 0x7BC, 0x208, 0x2C0, 0x794, 0x06C, 0x000 } }, /* 蜴 */
	{ 0xF2E7, { 0x000, 0x210, 0x27C, 0x7D4, 0x2FC, 0x2D4, 0x7BC, 0x228, 0x3FC, 0x688, 0x008, 0x000 } }, /* 蜱 */
	{ 0xF2E8, { 0x000, 0x200, 0x244, 0x7D0, 0x6D0, 0x6DC, 0x7C0, 0x258, 0x258, 0x7C4, 0x084, 0x000 } }, /* 蜩 */
	{ 0xF2E9, { 0x000, 0x210, 0x210, 0x77C, 0x210, 0x2FC, 0x728, 0x26C, 0x328, 0x7A0, 0x03C, 0x000 } }, /* 蜷 */
	{ 0xF2EA, { 0x000, 0x210, 0x27C, 0x784, 0x360, 0x37C, 0x724, 0x22C, 0x320, 0x440, 0x04C, 0x000 } }, /* 蜿 */
	{ 0xF2EB, { 0x240, 0x26C, 0x76C, 0x36C, 0x72C, 0x76C, 0x208, 0x32A, 0x7FC, 0x008, 0x000, 0x000 } }, /* 螂 */
	{ 0xF2EC, { 0x000, 0x238, 0x218, 0x710, 0x654, 0x610, 0x700, 0x27C, 0x36C, 0x7EC, 0x07C, 0x000 } }, /* 蜢 */
	{ 0xF2ED, { 0x210, 0x27C, 0x738, 0x630, 0x67C, 0x728, 0x26C, 0x338, 0x7A8, 0x028, 0x000, 0x000 } }, /* 蝽 */
	{ 0xF2EE, { 0x000, 0x228, 0x27C, 0x720, 0x6FC, 0x6C4, 0x710, 0x238, 0x3B8, 0x6D4, 0x010, 0x000 } }, /* 蝾 */
	{ 0xF2EF, { 0x210, 0x27C, 0x710, 0x67C, 0x640, 0x758, 0x250, 0x37C, 0x6D0, 0x044, 0x000, 0x000 } }, /* 蝻 */
	{ 0xF2F0, { 0x000, 0x200, 0x200, 0x73C, 0x204, 0x200, 0x77C, 0x250, 0x27C, 0x6D4, 0x07C, 0x000 } }, /* 蝠 */
	{ 0xF2F1, { 0x000, 0x200, 0x27C, 0x728, 0x65C, 0x690, 0x778, 0x210, 0x238, 0x610, 0x07C, 0x000 } }, /* 蝰 */
	{ 0xF2F2, { 0x204, 0x264, 0x70C, 0x764, 0x764, 0x76C, 0x284, 0x33C, 0x704, 0x004, 0x000, 0x000 } }, /* 蝌 */
	{ 0xF2F3, { 0x000, 0x220, 0x23C, 0x7F8, 0x624, 0x624, 0x738, 0x238, 0x3E8, 0x698, 0x064, 0x000 } }, /* 蝮 */
	{ 0xF2F4, { 0x000, 0x210, 0x254, 0x754, 0x254, 0x67C, 0x710, 0x22C, 0x2A8, 0x690, 0x06C, 0x000 } }, /* 螋 */
	{ 0xF2F5, { 0x210, 0x230, 0x72C, 0x340, 0x364, 0x76C, 0x26C, 0x36C, 0x7C4, 0x064, 0x000, 0x000 } }, /* 蝓 */
	{ 0xF2F6, { 0x000, 0x248, 0x208, 0x770, 0x35C, 0x764, 0x760, 0x22C, 0x3A0, 0x4A0, 0x0A8, 0x000 } }, /* 蝣 */
	{ 0xF2F7, { 0x214, 0x210, 0x77C, 0x638, 0x644, 0x730, 0x228, 0x2A8, 0x79C, 0x060, 0x000, 0x000 } }, /* 蝼 */
	{ 0xF2F8, { 0x000, 0x228, 0x228, 0x738, 0x67C, 0x66C, 0x76C, 0x244, 0x27C, 0x7C4, 0x044, 0x000 } }, /* 蝤 */
	{ 0xF2F9, { 0x000, 0x210, 0x27C, 0x744, 0x240, 0x27C, 0x758, 0x2FC, 0x35C, 0x758, 0x044, 0x000 } }, /* 蝙 */
	{ 0xF2FA, { 0x000, 0x7D0, 0x09C, 0x7E4, 0x358, 0x51C, 0x140, 0x248, 0x3F8, 0x048, 0x7FC, 0x000 } }, /* 蝥 */
	{ 0xF2FB, { 0x000, 0x210, 0x27C, 0x738, 0x330, 0x368, 0x74C, 0x210, 0x37C, 0x6B8, 0x050, 0x000 } }, /* 螓 */
	{ 0xF2FC, { 0x000, 0x110, 0x7BC, 0x7A0, 0x398, 0x2BC, 0x440, 0x248, 0x3F8, 0x048, 0x7FC, 0x000 } }, /* 螯 */
	{ 0xF2FD, { 0x000, 0x228, 0x27C, 0x700, 0x3FC, 0x328, 0x77C, 0x238, 0x37C, 0x7C0, 0x004, 0x000 } }, /* 螨 */
	{ 0xF2FE, { 0x208, 0x27C, 0x700, 0x37C, 0x328, 0x74C, 0x27C, 0x328, 0xE88, 0x048, 0x000, 0x000 } }, /* 蟒 */
	{ 0xF3A1, { 0x000, 0x228, 0x27C, 0x728, 0x244, 0x27C, 0x77C, 0x210, 0x2FC, 0x6A8, 0x044, 0x000 } }, /* 蟆 */
	{ 0xF3A2, { 0x000, 0x27C, 0x240, 0x758, 0x264, 0x77C, 0x674, 0x248, 0x3CC, 0x4A8, 0x090, 0x000 } }, /* 螈 */
	{ 0xF3A3, { 0x000, 0x200, 0x278, 0x77C, 0x344, 0x37C, 0x77C, 0x200, 0x374, 0x7A4, 0x038, 0x000 } }, /* 螅 */
	{ 0xF3A4, { 0x000, 0x210, 0x27C, 0x718, 0x354, 0x76C, 0x710, 0x27C, 0x268, 0x7F0, 0x044, 0x000 } }, /* 螭 */
	{ 0xF3A5, { 0x000, 0x210, 0x27C, 0x750, 0x354, 0x77C, 0x77C, 0x250, 0x3FC, 0x4A4, 0x0A4, 0x000 } }, /* 螗 */
	{ 0xF3A6, { 0x000, 0x210, 0x27C, 0x728, 0x67C, 0x610, 0x77C, 0x220, 0x2BC, 0x7C0, 0x048, 0x000 } }, /* 螃 */
	{ 0xF3A7, { 0x000, 0x110, 0x13C, 0x7E0, 0x298, 0x29C, 0x440, 0x248, 0x3F8, 0x248, 0x7EC, 0x000 } }, /* 螫 */
	{ 0xF3A8, { 0x000, 0x228, 0x27C, 0x728, 0x77C, 0x77C, 0x754, 0x254, 0x37C, 0x608, 0x044, 0x000 } }, /* 蟥 */
	{ 0xF3A9, { 0x000, 0x228, 0x27C, 0x77C, 0x36C, 0x76C, 0x77C, 0x27C, 0x344, 0x444, 0x044, 0x000 } }, /* 螬 */
	{ 0xF3AA, { 0x200, 0x228, 0x77C, 0x36C, 0x700, 0x778, 0x200, 0x310, 0x454, 0x0B0, 0x000, 0x000 } }, /* 螵 */
	{ 0xF3AB, { 0x000, 0x210, 0x210, 0x77C, 0x6C0, 0x63C, 0x724, 0x210, 0x210, 0x390, 0x07C, 0x000 } }, /* 螳 */
	{ 0xF3AC, { 0x000, 0x21C, 0x250, 0x758, 0x3FC, 0x338, 0x754, 0x200, 0x364, 0x7E0, 0x038, 0x000 } }, /* 蟋 */
	{ 0xF3AD, { 0x000, 0x220, 0x268, 0x7FC, 0x354, 0x330, 0x764, 0x238, 0x354, 0x664, 0x010, 0x000 } }, /* 蟓 */
	{ 0xF3AE, { 0x000, 0x100, 0x1B0, 0x0E0, 0x3FC, 0x0E0, 0x138, 0x5BC, 0x7BC, 0x18C, 0x7B0, 0x000 } }, /* 螽 */
	{ 0xF3AF, { 0x000, 0x210, 0x23C, 0x728, 0x644, 0x63C, 0x73C, 0x224, 0x310, 0x6FC, 0x010, 0x000 } }, /* 蟑 */
	{ 0xF3B0, { 0x000, 0x210, 0x27C, 0x700, 0x334, 0x710, 0x77C, 0x200, 0x37C, 0x790, 0x010, 0x000 } }, /* 蟀 */
	{ 0xF3B1, { 0x3F8, 0x0A0, 0x7FC, 0x124, 0x660, 0x33C, 0x5A4, 0x7BC, 0x08C, 0x7B4, 0x000, 0x000 } }, /* 蟊 */
	{ 0xF3B2, { 0x000, 0x200, 0x274, 0x720, 0x308, 0x774, 0x750, 0x200, 0x344, 0x678, 0x010, 0x000 } }, /* 蟛 */
	{ 0xF3B3, { 0x000, 0x210, 0x27C, 0x77C, 0x37C, 0x77C, 0x718, 0x274, 0x310, 0x6E4, 0x038, 0x000 } }, /* 蟪 */
	{ 0xF3B4, { 0x000, 0x21C, 0x250, 0x718, 0x37C, 0x318, 0x7D4, 0x254, 0x27C, 0x6D4, 0x07C, 0x000 } }, /* 蟠 */
	{ 0xF3B5, { 0x000, 0x228, 0x27C, 0x710, 0x210, 0x67C, 0x714, 0x27C, 0x2B8, 0x784, 0x03C, 0x000 } }, /* 蟮 */
	{ 0xF3B6, { 0x000, 0x228, 0x228, 0x750, 0x35C, 0x3D8, 0x77C, 0x200, 0x2FC, 0x698, 0x06C, 0x000 } }, /* 蠖 */
	{ 0xF3B7, { 0x000, 0x228, 0x27C, 0x77C, 0x320, 0x738, 0x730, 0x278, 0x358, 0x634, 0x010, 0x000 } }, /* 蠓 */
	{ 0xF3B8, { 0x000, 0x220, 0x258, 0x77C, 0x264, 0x77C, 0x75C, 0x240, 0x340, 0x6A4, 0x0BC, 0x000 } }, /* 蟾 */
	{ 0xF3B9, { 0x000, 0x210, 0x27C, 0x728, 0x378, 0x73C, 0x77C, 0x23C, 0x3A8, 0x4AC, 0x0E0, 0x000 } }, /* 蠊 */
	{ 0xF3BA, { 0x000, 0x220, 0x27C, 0x778, 0x324, 0x77C, 0x718, 0x250, 0x3E8, 0x498, 0x084, 0x000 } }, /* 蠛 */
	{ 0xF3BB, { 0x000, 0x1F0, 0x3F0, 0x7FC, 0x3F8, 0x3E8, 0x324, 0x33C, 0x7A4, 0x73C, 0x7BC, 0x000 } }, /* 蠡 */
	{ 0xF3BC, { 0x000, 0x040, 0x3F8, 0x248, 0x444, 0x3F8, 0x1F8, 0x110, 0x7B4, 0x73C, 0x7BC, 0x000 } }, /* 蠹 */
	{ 0xF3BD, { 0x26C, 0x26C, 0x7EC, 0x350, 0x77C, 0x7FC, 0x27C, 0x340, 0x028, 0x06C, 0x000, 0x000 } }, /* 蠼 */
	{ 0xF3BE, { 0x000, 0x100, 0x100, 0x240, 0x040, 0x040, 0x040, 0x248, 0x248, 0x248, 0x008, 0x000 } }, /* 缶 */
	{ 0xF3BF, { 0x7B8, 0x4A4, 0x4B4, 0x210, 0x4A4, 0x328, 0x240, 0x7FC, 0x048, 0x3F8, 0x000, 0x000 } }, /* 罂 */
	{ 0xF3C0, { 0x100, 0x128, 0x3A4, 0x3B8, 0x798, 0x42C, 0x3F0, 0x644, 0x248, 0x3F8, 0x000, 0x000 } }, /* 罄 */
	{ 0xF3C1, { 0x410, 0x410, 0x27C, 0x278, 0x75C, 0x244, 0x348, 0x7BC, 0x088, 0x090, 0x000, 0x000 } }, /* 罅 */
	{ 0xF3C2, { 0x000, 0x008, 0x650, 0x250, 0x750, 0x27C, 0x240, 0x540, 0x448, 0x76A, 0x444, 0x000 } }, /* 舐 */
	{ 0xF3C3, { 0x000, 0x210, 0x210, 0x7BC, 0x528, 0x040, 0x000, 0x3F8, 0x000, 0x000, 0x7FC, 0x000 } }, /* 竺 */
	{ 0xF3C4, { 0x000, 0x210, 0x7BC, 0x520, 0x000, 0x3F8, 0x040, 0x7FC, 0x040, 0x040, 0x0C0, 0x000 } }, /* 竽 */
	{ 0xF3C5, { 0x000, 0x210, 0x3BC, 0x528, 0x080, 0x110, 0x118, 0x198, 0x250, 0x270, 0x58C, 0x000 } }, /* 笈 */
	{ 0xF3C6, { 0x000, 0x210, 0x7BC, 0x520, 0x000, 0x010, 0x110, 0x1FC, 0x004, 0x7E4, 0x008, 0x000 } }, /* 笃 */
	{ 0xF3C7, { 0x000, 0x210, 0x7BC, 0x528, 0x000, 0x3B0, 0x010, 0x7FC, 0x110, 0x110, 0x610, 0x000 } }, /* 笄 */
	{ 0xF3C8, { 0x000, 0x210, 0x7BC, 0x520, 0x000, 0x218, 0x288, 0x288, 0x0C0, 0x144, 0x63C, 0x000 } }, /* 笕 */
	{ 0xF3C9, { 0x000, 0x200, 0x7BC, 0x528, 0x008, 0x3F0, 0x250, 0x250, 0x248, 0x44C, 0x444, 0x000 } }, /* 笊 */
	{ 0xF3CA, { 0x000, 0x210, 0x7BC, 0x428, 0x040, 0x3F8, 0x240, 0x3FC, 0x1C0, 0x248, 0x440, 0x000 } }, /* 笫 */
	{ 0xF3CB, { 0x000, 0x210, 0x7BC, 0x4A0, 0x100, 0x3FC, 0x494, 0x124, 0x240, 0x0C8, 0x318, 0x000 } }, /* 笏 */
	{ 0xF3CC, { 0x000, 0x210, 0x7BC, 0x528, 0x000, 0x7AC, 0x028, 0x028, 0x124, 0x72C, 0x020, 0x000 } }, /* 筇 */
	{ 0xF3CD, { 0x000, 0x210, 0x7BC, 0x528, 0x000, 0x200, 0x0F0, 0x088, 0x0F8, 0x000, 0x3FC, 0x000 } }, /* 笸 */
	{ 0xF3CE, { 0x000, 0x210, 0x7BC, 0x528, 0x000, 0x3F8, 0x208, 0x208, 0x308, 0x000, 0x7FC, 0x000 } }, /* 笪 */
	{ 0xF3CF, { 0x000, 0x200, 0x7BC, 0x528, 0x000, 0x240, 0x3F8, 0x440, 0x1F8, 0x040, 0x7FC, 0x000 } }, /* 笙 */
	{ 0xF3D0, { 0x000, 0x210, 0x3BC, 0x428, 0x100, 0x1FC, 0x640, 0x440, 0x040, 0x040, 0x040, 0x000 } }, /* 笮 */
	{ 0xF3D1, { 0x000, 0x210, 0x3BC, 0x428, 0x100, 0x304, 0x404, 0x124, 0x124, 0x124, 0x008, 0x000 } }, /* 笱 */
	{ 0xF3D2, { 0x000, 0x200, 0x7BC, 0x528, 0x040, 0x040, 0x010, 0x110, 0x110, 0x020, 0x7FC, 0x000 } }, /* 笠 */
	{ 0xF3D3, { 0x000, 0x210, 0x7BC, 0x528, 0x3F8, 0x004, 0x7F4, 0x3E4, 0x224, 0x3E4, 0x008, 0x000 } }, /* 笥 */
	{ 0xF3D4, { 0x000, 0x200, 0x7BC, 0x528, 0x188, 0x088, 0x088, 0x300, 0x3F8, 0x208, 0x3F8, 0x000 } }, /* 笤 */
	{ 0xF3D5, { 0x000, 0x210, 0x7BC, 0x528, 0x000, 0x318, 0x3A4, 0x224, 0x224, 0x4BC, 0x5A4, 0x000 } }, /* 笳 */
	{ 0xF3D6, { 0x000, 0x210, 0x7BC, 0x528, 0x220, 0x220, 0x628, 0x228, 0x248, 0x290, 0x4FC, 0x000 } }, /* 笾 */
	{ 0xF3D7, { 0x000, 0x210, 0x7BC, 0x528, 0x080, 0x118, 0x7FC, 0x3F8, 0x208, 0x208, 0x208, 0x000 } }, /* 笞 */
	{ 0xF3D8, { 0x000, 0x210, 0x7BC, 0x528, 0x000, 0x33C, 0x324, 0x1A4, 0x724, 0x13C, 0x224, 0x000 } }, /* 筘 */
	{ 0xF3D9, { 0x220, 0x3BC, 0x548, 0x228, 0x3A0, 0x2A4, 0x200, 0x7FC, 0x040, 0x040, 0x000, 0x000 } }, /* 筚 */
	{ 0xF3DA, { 0x200, 0x7BC, 0x488, 0x240, 0x3F8, 0x040, 0x7FC, 0x0A0, 0x124, 0x63C, 0x000, 0x000 } }, /* 筅 */
	{ 0xF3DB, { 0x000, 0x210, 0x3BC, 0x408, 0x71C, 0x210, 0x318, 0x150, 0x37C, 0x300, 0x4FC, 0x000 } }, /* 筵 */
	{ 0xF3DC, { 0x000, 0x200, 0x3BC, 0x508, 0x0C0, 0x1B0, 0x7FC, 0x040, 0x3F8, 0x040, 0x7FC, 0x000 } }, /* 筌 */
	{ 0xF3DD, { 0x000, 0x200, 0x7BC, 0x108, 0x1E0, 0x620, 0x048, 0x7FC, 0x3F8, 0x040, 0x0C0, 0x000 } }, /* 筝 */
	{ 0xF3DE, { 0x000, 0x210, 0x7BC, 0x508, 0x220, 0x27C, 0x2C4, 0x224, 0x214, 0x764, 0x008, 0x000 } }, /* 筠 */
	{ 0xF3DF, { 0x000, 0x210, 0x3BC, 0x528, 0x000, 0x040, 0x248, 0x358, 0x774, 0x040, 0x7FC, 0x000 } }, /* 筮 */
	{ 0xF3E0, { 0x000, 0x210, 0x3BC, 0x408, 0x3FC, 0x3F8, 0x248, 0x268, 0x140, 0x1C0, 0x63C, 0x000 } }, /* 筻 */
	{ 0xF3E1, { 0x000, 0x220, 0x7BC, 0x548, 0x200, 0x754, 0x254, 0x37C, 0x640, 0x240, 0x27C, 0x000 } }, /* 筢 */
	{ 0xF3E2, { 0x000, 0x210, 0x3BC, 0x400, 0x348, 0x150, 0x20C, 0x3F8, 0x208, 0x208, 0x008, 0x000 } }, /* 筲 */
	{ 0xF3E3, { 0x000, 0x210, 0x3BC, 0x408, 0x120, 0x23C, 0x6C8, 0x6E8, 0x2B0, 0x238, 0x244, 0x000 } }, /* 筱 */
	{ 0xF3E4, { 0x000, 0x220, 0x538, 0x148, 0x040, 0x3F8, 0x7FC, 0x3F8, 0x3F8, 0x3F8, 0x208, 0x000 } }, /* 箐 */
	{ 0xF3E5, { 0x000, 0x210, 0x3BC, 0x448, 0x3F8, 0x3F8, 0x7FC, 0x1F0, 0x248, 0x0E0, 0x70C, 0x000 } }, /* 箦 */
	{ 0xF3E6, { 0x000, 0x210, 0x3BC, 0x408, 0x3FC, 0x020, 0x0A8, 0x3FC, 0x070, 0x188, 0x3FC, 0x000 } }, /* 箧 */
	{ 0xF3E7, { 0x000, 0x210, 0x3FC, 0x508, 0x1E8, 0x050, 0x7FC, 0x1F8, 0x708, 0x108, 0x1F8, 0x000 } }, /* 箸 */
	{ 0xF3E8, { 0x000, 0x210, 0x3BC, 0x508, 0x7FC, 0x110, 0x0C0, 0x180, 0x3F8, 0x508, 0x108, 0x000 } }, /* 箬 */
	{ 0xF3E9, { 0x000, 0x210, 0x3BC, 0x508, 0x044, 0x77C, 0x044, 0x37C, 0x244, 0x07C, 0x244, 0x000 } }, /* 箝 */
	{ 0xF3EA, { 0x000, 0x210, 0x3BC, 0x408, 0x078, 0x728, 0x038, 0x350, 0x010, 0x07C, 0x210, 0x000 } }, /* 箨 */
	{ 0xF3EB, { 0x000, 0x210, 0x3BC, 0x408, 0x3F8, 0x3F8, 0x248, 0x000, 0x5B4, 0x110, 0x610, 0x000 } }, /* 箅 */
	{ 0xF3EC, { 0x000, 0x220, 0x7BC, 0x100, 0x1B0, 0x248, 0x3F8, 0x248, 0x040, 0x7FC, 0x040, 0x000 } }, /* 箪 */
	{ 0xF3ED, { 0x000, 0x210, 0x3BC, 0x508, 0x040, 0x7FC, 0x190, 0x208, 0x1F0, 0x040, 0x7FC, 0x000 } }, /* 箜 */
	{ 0xF3EE, { 0x000, 0x310, 0x3BC, 0x408, 0x7FC, 0x404, 0x338, 0x6A8, 0x5A8, 0x120, 0x63C, 0x000 } }, /* 箢 */
	{ 0xF3EF, { 0x000, 0x210, 0x3BC, 0x508, 0x3F8, 0x048, 0x048, 0x048, 0x248, 0x158, 0x448, 0x000 } }, /* 箫 */
	{ 0xF3F0, { 0x000, 0x200, 0x3BC, 0x500, 0x028, 0x3FC, 0x5A0, 0x408, 0x558, 0x550, 0x42C, 0x000 } }, /* 箴 */
	{ 0xF3F1, { 0x000, 0x220, 0x538, 0x040, 0x348, 0x1F0, 0x7FC, 0x3F8, 0x248, 0x0B8, 0x70C, 0x000 } }, /* 篑 */
	{ 0xF3F2, { 0x000, 0x210, 0x338, 0x488, 0x3F8, 0x3F8, 0x3F8, 0x3F8, 0x040, 0x040, 0x7FC, 0x000 } }, /* 篁 */
	{ 0xF3F3, { 0x000, 0x210, 0x3FC, 0x408, 0x258, 0x3FC, 0x640, 0x2A0, 0x2FC, 0x270, 0x284, 0x000 } }, /* 篌 */
	{ 0xF3F4, { 0x000, 0x220, 0x738, 0x000, 0x7FC, 0x3F8, 0x7FC, 0x3F8, 0x3F8, 0x7FC, 0x208, 0x000 } }, /* 篝 */
	{ 0xF3F5, { 0x000, 0x210, 0x3FC, 0x408, 0x3FC, 0x000, 0x198, 0x198, 0x198, 0x000, 0x3FC, 0x000 } }, /* 篚 */
	{ 0xF3F6, { 0x000, 0x210, 0x728, 0x400, 0x1A8, 0x3F8, 0x2A8, 0x040, 0x7FC, 0x150, 0x64C, 0x000 } }, /* 篥 */
	{ 0xF3F7, { 0x000, 0x210, 0x7AC, 0x080, 0x3F8, 0x0E0, 0x3B8, 0x020, 0x3B8, 0x020, 0x63C, 0x000 } }, /* 篦 */
	{ 0xF3F8, { 0x000, 0x210, 0x7A8, 0x008, 0x230, 0x27C, 0x334, 0x364, 0x530, 0x550, 0x4CC, 0x000 } }, /* 篪 */
	{ 0xF3F9, { 0x000, 0x210, 0x7B8, 0x410, 0x5D0, 0x124, 0x7D0, 0x550, 0x398, 0x728, 0x544, 0x000 } }, /* 簌 */
	{ 0xF3FA, { 0x000, 0x210, 0x7BC, 0x008, 0x3F8, 0x3F8, 0x008, 0x3FC, 0x238, 0x530, 0x44C, 0x000 } }, /* 篾 */
	{ 0xF3FB, { 0x000, 0x210, 0x7B8, 0x000, 0x2E8, 0x4A4, 0x4A4, 0x6E8, 0x020, 0x120, 0x63C, 0x000 } }, /* 篼 */
	{ 0xF3FC, { 0x000, 0x200, 0x7FC, 0x040, 0x3FC, 0x2B0, 0x2A4, 0x7F8, 0x5BC, 0x520, 0x59C, 0x000 } }, /* 簏 */
	{ 0xF3FD, { 0x000, 0x210, 0x7AC, 0x000, 0x25C, 0x480, 0x7FC, 0x5A8, 0x628, 0x5A8, 0x048, 0x000 } }, /* 簖 */
	{ 0xF3FE, { 0x000, 0x210, 0x7A8, 0x1A0, 0x3F8, 0x3F8, 0x2D8, 0x338, 0x3F8, 0x2A8, 0x7FC, 0x000 } }, /* 簋 */
	{ 0xF4A1, { 0x000, 0x210, 0x7AC, 0x5AC, 0x3F8, 0x6A8, 0x3F8, 0x3F8, 0x3F8, 0x040, 0x040, 0x000 } }, /* 簟 */
	{ 0xF4A2, { 0x000, 0x210, 0x7B8, 0x008, 0x710, 0x7BC, 0x3A8, 0x568, 0x208, 0x308, 0x3F8, 0x000 } }, /* 簪 */
	{ 0xF4A3, { 0x000, 0x200, 0x7FC, 0x400, 0x0B0, 0x3B8, 0x318, 0x5F4, 0x1F0, 0x0A0, 0x7FC, 0x000 } }, /* 簦 */
	{ 0xF4A4, { 0x000, 0x210, 0x7B8, 0x000, 0x7BC, 0x2A4, 0x2B0, 0x3BC, 0x7F8, 0x058, 0x474, 0x000 } }, /* 簸 */
	{ 0xF4A5, { 0x000, 0x210, 0x7B8, 0x020, 0x7B8, 0x33C, 0x7A4, 0x7B4, 0x334, 0x698, 0x064, 0x000 } }, /* 籁 */
	{ 0xF4A6, { 0x000, 0x210, 0x7AC, 0x400, 0x29C, 0x694, 0x2F4, 0x6FC, 0x2B4, 0x2B4, 0x6FC, 0x000 } }, /* 籀 */
	{ 0xF4A7, { 0x040, 0x358, 0x048, 0x358, 0x048, 0x3F8, 0x0C0, 0x0A0, 0x318, 0x604, 0x000, 0x000 } }, /* 臾 */
	{ 0xF4A8, { 0x1B8, 0x208, 0x3B8, 0x208, 0x3F8, 0x000, 0x7FC, 0x110, 0x110, 0x210, 0x000, 0x000 } }, /* 舁 */
	{ 0xF4A9, { 0x000, 0x040, 0x7F8, 0x2C8, 0x080, 0x7FC, 0x308, 0x608, 0x3B8, 0x208, 0x208, 0x000 } }, /* 舂 */
	{ 0xF4AA, { 0x000, 0x3B8, 0x008, 0x3B8, 0x008, 0x3F8, 0x300, 0x404, 0x014, 0x140, 0x018, 0x000 } }, /* 舄 */
	{ 0xF4AB, { 0x000, 0x080, 0x3F8, 0x3F8, 0x208, 0x208, 0x1F8, 0x7FC, 0x140, 0x258, 0x444, 0x000 } }, /* 臬 */
	{ 0xF4AC, { 0x000, 0x200, 0x23C, 0x7D4, 0x654, 0x674, 0x654, 0x644, 0x644, 0x784, 0x07C, 0x000 } }, /* 衄 */
	{ 0xF4AD, { 0x000, 0x000, 0x7BC, 0x490, 0x590, 0x490, 0x490, 0x490, 0x490, 0x4BC, 0x000, 0x000 } }, /* 舡 */
	{ 0xF4AE, { 0x000, 0x200, 0x790, 0x490, 0x494, 0x494, 0x494, 0x694, 0x494, 0x4BC, 0x004, 0x000 } }, /* 舢 */
	{ 0xF4AF, { 0x000, 0x200, 0x794, 0x494, 0x484, 0x4A0, 0x4A8, 0x698, 0x490, 0x4AC, 0x044, 0x000 } }, /* 舣 */
	{ 0xF4B0, { 0x000, 0x200, 0x7C8, 0x4C8, 0x4CC, 0x4C8, 0x4C8, 0x6C8, 0x4C8, 0x4E8, 0x004, 0x000 } }, /* 舭 */
	{ 0xF4B1, { 0x210, 0x790, 0x4FC, 0x4D4, 0x4D4, 0x4D4, 0x4D4, 0x490, 0x490, 0x010, 0x000, 0x000 } }, /* 舯 */
	{ 0xF4B2, { 0x200, 0x73C, 0x480, 0x4BC, 0x4A4, 0x5A4, 0x6D8, 0x4D8, 0x4D8, 0x1E4, 0x000, 0x000 } }, /* 舨 */
	{ 0xF4B3, { 0x010, 0x380, 0x4FE, 0x490, 0x49C, 0x784, 0x4A4, 0x4A4, 0x4A4, 0x1CC, 0x000, 0x000 } }, /* 舫 */
	{ 0xF4B4, { 0x000, 0x200, 0x7FC, 0x484, 0x4B4, 0x494, 0x494, 0x6B4, 0x484, 0x484, 0x008, 0x000 } }, /* 舸 */
	{ 0xF4B5, { 0x210, 0x79C, 0x490, 0x4BC, 0x4A4, 0x4A4, 0x6A0, 0x480, 0x4C0, 0x040, 0x000, 0x000 } }, /* 舻 */
	{ 0xF4B6, { 0x010, 0x310, 0x490, 0x4D4, 0x4D4, 0x7FC, 0x4D4, 0x4D4, 0x4FC, 0x144, 0x000, 0x000 } }, /* 舳 */
	{ 0xF4B7, { 0x000, 0x210, 0x7A0, 0x4BC, 0x4D0, 0x490, 0x490, 0x490, 0x49C, 0x490, 0x110, 0x000 } }, /* 舴 */
	{ 0xF4B8, { 0x000, 0x200, 0x7B8, 0x488, 0x4FC, 0x4C8, 0x4E8, 0x6EC, 0x4C0, 0x4FC, 0x040, 0x000 } }, /* 舾 */
	{ 0xF4B9, { 0x200, 0x754, 0x490, 0x6BC, 0x4C4, 0x7FC, 0x4C4, 0x4FC, 0x4C4, 0x144, 0x000, 0x000 } }, /* 艄 */
	{ 0xF4BA, { 0x200, 0x744, 0x444, 0x640, 0x458, 0x758, 0x450, 0x67C, 0x0D0, 0x98C, 0x000, 0x000 } }, /* 艉 */
	{ 0xF4BB, { 0x200, 0x718, 0x410, 0x67C, 0x410, 0x720, 0x47C, 0x664, 0x07C, 0x900, 0x000, 0x000 } }, /* 艋 */
	{ 0xF4BC, { 0x000, 0x220, 0x7A8, 0x490, 0x6B0, 0x484, 0x7BC, 0x484, 0x4BC, 0x4A4, 0x124, 0x000 } }, /* 艏 */
	{ 0xF4BD, { 0x208, 0x77C, 0x438, 0x66C, 0x47C, 0x77C, 0x43C, 0x644, 0x444, 0x144, 0x000, 0x000 } }, /* 艚 */
	{ 0xF4BE, { 0x210, 0x77C, 0x428, 0x680, 0x47C, 0x77C, 0x454, 0x610, 0x410, 0x17C, 0x000, 0x000 } }, /* 艟 */
	{ 0xF4BF, { 0x000, 0x228, 0x77C, 0x4A8, 0x6CC, 0x400, 0x730, 0x4D8, 0x670, 0x434, 0x110, 0x000 } }, /* 艨 */
	{ 0xF4C0, { 0x000, 0x040, 0x0A0, 0x358, 0x7F4, 0x010, 0x0C0, 0x080, 0x128, 0x510, 0x18C, 0x000 } }, /* 衾 */
	{ 0xF4C1, { 0x000, 0x080, 0x298, 0x2D0, 0x250, 0x00C, 0x048, 0x7FC, 0x128, 0x710, 0x18C, 0x000 } }, /* 袅 */
	{ 0xF4C2, { 0x000, 0x7FC, 0x264, 0x2BC, 0x440, 0x7FC, 0x080, 0x130, 0x510, 0x184, 0x000, 0x000 } }, /* 袈 */
	{ 0xF4C3, { 0x000, 0x048, 0x7FC, 0x248, 0x1F8, 0x644, 0x040, 0x0C0, 0x128, 0x710, 0x18C, 0x000 } }, /* 裘 */
	{ 0xF4C4, { 0x000, 0x220, 0x0A4, 0x4A0, 0x230, 0x4C0, 0x040, 0x0E0, 0x128, 0x710, 0x18C, 0x000 } }, /* 裟 */
	{ 0xF4C5, { 0x000, 0x390, 0x48C, 0x43C, 0x698, 0x390, 0x040, 0x7FC, 0x128, 0x710, 0x18C, 0x000 } }, /* 襞 */
	{ 0xF4C6, { 0x000, 0x570, 0x750, 0x250, 0x77C, 0x240, 0x740, 0x268, 0x24E, 0x414, 0x000, 0x000 } }, /* 羝 */
	{ 0xF4C7, { 0x400, 0x108, 0x790, 0x238, 0x744, 0x23C, 0x790, 0x210, 0x210, 0x400, 0x000, 0x000 } }, /* 羟 */
	{ 0xF4C8, { 0x120, 0x520, 0x77C, 0x200, 0x744, 0x230, 0x728, 0x258, 0x018, 0x464, 0x000, 0x000 } }, /* 羧 */
	{ 0xF4C9, { 0x13C, 0x544, 0x77C, 0x27C, 0x720, 0x254, 0x750, 0x248, 0x070, 0x404, 0x000, 0x000 } }, /* 羯 */
	{ 0xF4CA, { 0x010, 0x554, 0x77C, 0x220, 0x77C, 0x240, 0x774, 0x298, 0x494, 0x460, 0x000, 0x000 } }, /* 羰 */
	{ 0xF4CB, { 0x000, 0x020, 0x3FC, 0x3F8, 0x7FC, 0x3A8, 0x7FC, 0x540, 0x398, 0x190, 0x18C, 0x000 } }, /* 羲 */
	{ 0xF4CC, { 0x000, 0x000, 0x480, 0x680, 0x340, 0x340, 0x380, 0x6C0, 0x400, 0x03C, 0x004, 0x000 } }, /* 籼 */
	{ 0xF4CD, { 0x000, 0x220, 0x2A0, 0x63C, 0x248, 0x348, 0x328, 0x6B0, 0x210, 0x238, 0x244, 0x000 } }, /* 敉 */
	{ 0xF4CE, { 0x000, 0x200, 0x6D4, 0x754, 0x254, 0x254, 0x37C, 0x6C0, 0x240, 0x240, 0x23C, 0x000 } }, /* 粑 */
	{ 0xF4CF, { 0x23C, 0x6C0, 0x740, 0x27C, 0x750, 0x25C, 0x6D4, 0x214, 0x2A4, 0x2AC, 0x000, 0x000 } }, /* 粝 */
	{ 0xF4D0, { 0x000, 0x040, 0x248, 0x040, 0x444, 0x040, 0x140, 0x7FC, 0x0E0, 0x358, 0x444, 0x000 } }, /* 粜 */
	{ 0xF4D1, { 0x27C, 0x2A8, 0x628, 0x27C, 0x26C, 0x36C, 0x6EC, 0x244, 0x27C, 0x244, 0x000, 0x000 } }, /* 粞 */
	{ 0xF4D2, { 0x000, 0x040, 0x2FC, 0x0A0, 0x378, 0x4C4, 0x150, 0x7FC, 0x0E0, 0x358, 0x444, 0x000 } }, /* 粢 */
	{ 0xF4D3, { 0x100, 0x10C, 0x7D8, 0x098, 0x320, 0x140, 0x7FC, 0x0E0, 0x358, 0x444, 0x000, 0x000 } }, /* 粲 */
	{ 0xF4D4, { 0x008, 0x244, 0x7F4, 0x350, 0x418, 0x658, 0x554, 0x2EC, 0x24C, 0x448, 0x000, 0x000 } }, /* 粼 */
	{ 0xF4D5, { 0x000, 0x210, 0x27C, 0x740, 0x238, 0x200, 0x27C, 0x610, 0x254, 0x290, 0x230, 0x000 } }, /* 粽 */
	{ 0xF4D6, { 0x000, 0x220, 0x228, 0x710, 0x27C, 0x628, 0x754, 0x668, 0x22C, 0x250, 0x260, 0x000 } }, /* 糁 */
	{ 0xF4D7, { 0x240, 0x340, 0x77C, 0x2C0, 0x2FC, 0x348, 0x77C, 0x248, 0x254, 0x264, 0x000, 0x000 } }, /* 糇 */
	{ 0xF4D8, { 0x248, 0x268, 0x76C, 0x268, 0x278, 0x7CC, 0x74C, 0x278, 0x24C, 0x240, 0x000, 0x000 } }, /* 糌 */
	{ 0xF4D9, { 0x000, 0x200, 0x328, 0x77C, 0x748, 0x248, 0x7F4, 0x74C, 0x268, 0x2EC, 0x21C, 0x000 } }, /* 糍 */
	{ 0xF4DA, { 0x000, 0x27C, 0x214, 0x758, 0x278, 0x20C, 0x34C, 0x67C, 0x244, 0x24C, 0x248, 0x000 } }, /* 糈 */
	{ 0xF4DB, { 0x000, 0x278, 0x608, 0x738, 0x73C, 0x270, 0x310, 0x6FC, 0x238, 0x254, 0x290, 0x000 } }, /* 糅 */
	{ 0xF4DC, { 0x000, 0x200, 0x27C, 0x77C, 0x244, 0x64C, 0x37C, 0x610, 0x27C, 0x228, 0x2C4, 0x000 } }, /* 糗 */
	{ 0xF4DD, { 0x000, 0x200, 0x354, 0x75C, 0x288, 0x6BC, 0x7EC, 0x77C, 0x248, 0x24C, 0x280, 0x000 } }, /* 糨 */
	{ 0xF4DE, { 0x000, 0x208, 0x3F8, 0x208, 0x3F8, 0x248, 0x258, 0x2A0, 0x318, 0x204, 0x000, 0x000 } }, /* 艮 */
	{ 0xF4DF, { 0x000, 0x33C, 0x490, 0x4BC, 0x510, 0x72C, 0x3F0, 0x218, 0x218, 0x000, 0x7FC, 0x000 } }, /* 暨 */
	{ 0xF4E0, { 0x7B8, 0x080, 0x2A0, 0x088, 0x6A0, 0x000, 0x7FC, 0x110, 0x110, 0x210, 0x000, 0x000 } }, /* 羿 */
	{ 0xF4E1, { 0x000, 0x200, 0x324, 0x4A4, 0x66C, 0x064, 0x724, 0x16C, 0x124, 0x224, 0x164, 0x000 } }, /* 翎 */
	{ 0xF4E2, { 0x000, 0x040, 0x0A0, 0x7FC, 0x1F8, 0x108, 0x000, 0x7BC, 0x284, 0x3BC, 0x088, 0x000 } }, /* 翕 */
	{ 0xF4E3, { 0x040, 0x0D8, 0x7FC, 0x3F8, 0x1F8, 0x1F8, 0x7BC, 0x284, 0x39C, 0x48C, 0x000, 0x000 } }, /* 翥 */
	{ 0xF4E4, { 0x0A0, 0x7BC, 0x7BC, 0x0A0, 0x0A0, 0x7BC, 0x284, 0x08C, 0x6B4, 0x18C, 0x000, 0x000 } }, /* 翡 */
	{ 0xF4E5, { 0x000, 0x110, 0x7FC, 0x380, 0x3D4, 0x3D4, 0x048, 0x7BC, 0x284, 0x39C, 0x084, 0x000 } }, /* 翦 */
	{ 0xF4E6, { 0x000, 0x100, 0x794, 0x490, 0x79C, 0x434, 0x794, 0x7BC, 0x3D0, 0x010, 0x0B4, 0x000 } }, /* 翩 */
	{ 0xF4E7, { 0x700, 0x014, 0x590, 0x59C, 0x014, 0x594, 0x1BC, 0x790, 0x294, 0x0A4, 0x000, 0x000 } }, /* 翮 */
	{ 0xF4E8, { 0x3D8, 0x524, 0x580, 0x598, 0x718, 0x000, 0x2A4, 0x284, 0x6B4, 0x088, 0x000, 0x000 } }, /* 翳 */
	{ 0xF4E9, { 0x000, 0x040, 0x080, 0x110, 0x1E0, 0x088, 0x3FC, 0x040, 0x158, 0x64C, 0x0C0, 0x000 } }, /* 糸 */
	{ 0xF4EA, { 0x000, 0x7F8, 0x128, 0x768, 0x246, 0x1B0, 0x1D0, 0x3F8, 0x050, 0x4C8, 0x000, 0x000 } }, /* 絷 */
	{ 0xF4EB, { 0x110, 0x7F4, 0x1F0, 0x1F0, 0x7FC, 0x288, 0x5C4, 0x1F8, 0x040, 0x6C8, 0x000, 0x000 } }, /* 綦 */
	{ 0xF4EC, { 0x020, 0x3BC, 0x4E8, 0x798, 0x4A4, 0x3E0, 0x190, 0x3C8, 0x158, 0x4C4, 0x000, 0x000 } }, /* 綮 */
	{ 0xF4ED, { 0x084, 0x430, 0x4A0, 0x038, 0x790, 0x03C, 0x790, 0x424, 0x784, 0x090, 0x000, 0x000 } }, /* 繇 */
	{ 0xF4EE, { 0x000, 0x040, 0x3F8, 0x040, 0x3F8, 0x3F8, 0x0B8, 0x3B8, 0x2BC, 0x580, 0x410, 0x000 } }, /* 纛 */
	{ 0xF4EF, { 0x000, 0x110, 0x790, 0x3BC, 0x110, 0x7BC, 0x310, 0x298, 0x5A8, 0x1A4, 0x440, 0x000 } }, /* 麸 */
	{ 0xF4F0, { 0x000, 0x100, 0x7BC, 0x580, 0x710, 0x390, 0x63C, 0x3B8, 0x4B4, 0x110, 0x604, 0x000 } }, /* 麴 */
	{ 0xF4F1, { 0x000, 0x104, 0x104, 0x104, 0x104, 0x7C4, 0x11C, 0x5C4, 0x704, 0x500, 0x0FC, 0x000 } }, /* 赳 */
	{ 0xF4F2, { 0x100, 0x324, 0x124, 0x13C, 0x7A4, 0x13C, 0x5A4, 0x77C, 0x500, 0x07C, 0x000, 0x000 } }, /* 趄 */
	{ 0xF4F3, { 0x204, 0x374, 0x204, 0x27C, 0x7CC, 0x12C, 0x5A4, 0x744, 0x700, 0x0FC, 0x000, 0x000 } }, /* 趔 */
	{ 0xF4F4, { 0x010, 0x250, 0x334, 0x200, 0x788, 0x128, 0x5D4, 0x730, 0x700, 0x0FC, 0x000, 0x000 } }, /* 趑 */
	{ 0xF4F5, { 0x000, 0x200, 0x2FC, 0x26C, 0x224, 0x704, 0x07C, 0x554, 0x628, 0x740, 0x0FC, 0x000 } }, /* 趱 */
	{ 0xF4F6, { 0x038, 0x324, 0x128, 0x320, 0x3BC, 0x6B4, 0x2F4, 0x228, 0x02C, 0x530, 0x000, 0x000 } }, /* 赧 */
	{ 0xF4F7, { 0x010, 0x334, 0x314, 0x31C, 0x310, 0x2BC, 0x264, 0x03C, 0x524, 0x524, 0x000, 0x000 } }, /* 赭 */
	{ 0xF4F8, { 0x000, 0x000, 0x010, 0x010, 0x490, 0x490, 0x790, 0x490, 0x010, 0x190, 0x000, 0x000 } }, /* 豇 */
	{ 0xF4F9, { 0x000, 0x010, 0x010, 0x710, 0x490, 0x4FC, 0x7A0, 0x528, 0x110, 0x7B8, 0x044, 0x000 } }, /* 豉 */
	{ 0xF4FA, { 0x780, 0x308, 0x788, 0x708, 0x708, 0x788, 0x408, 0x788, 0x488, 0x418, 0x000, 0x000 } }, /* 酊 */
	{ 0xF4FB, { 0x79C, 0x308, 0x788, 0x708, 0x77C, 0x788, 0x408, 0x788, 0x488, 0x408, 0x000, 0x000 } }, /* 酐 */
	{ 0xF4FC, { 0x000, 0x780, 0x300, 0x78C, 0x708, 0x700, 0x5A0, 0x090, 0x780, 0x480, 0x418, 0x000 } }, /* 酎 */
	{ 0xF4FD, { 0x780, 0x320, 0x720, 0x7BC, 0x5A4, 0x5A4, 0x4AC, 0x7A0, 0x4A0, 0x4BC, 0x000, 0x000 } }, /* 酏 */
	{ 0xF4FE, { 0x008, 0x308, 0x33C, 0x708, 0x708, 0x7BC, 0x4A4, 0x7A4, 0x4BC, 0x4A4, 0x000, 0x000 } }, /* 酤 */
	{ 0xF5A1, { 0x000, 0x010, 0x310, 0x3BC, 0x770, 0x75C, 0x6D0, 0x450, 0x7DC, 0x450, 0x410, 0x000 } }, /* 酢 */
	{ 0xF5A2, { 0x000, 0x000, 0x318, 0x324, 0x7A0, 0x710, 0x798, 0x490, 0x790, 0x490, 0x49C, 0x000 } }, /* 酡 */
	{ 0xF5A3, { 0x000, 0x000, 0x720, 0x33C, 0x780, 0x598, 0x5B8, 0x488, 0x7A8, 0x4A8, 0x4CC, 0x000 } }, /* 酰 */
	{ 0xF5A4, { 0x000, 0x010, 0x31C, 0x324, 0x7B8, 0x388, 0x5B8, 0x0B4, 0x780, 0x49C, 0x490, 0x000 } }, /* 酩 */
	{ 0xF5A5, { 0x020, 0x33C, 0x7A0, 0x7A4, 0x780, 0x5BC, 0x0A4, 0x7A4, 0x4A4, 0x4A4, 0x000, 0x000 } }, /* 酯 */
	{ 0xF5A6, { 0x7BC, 0x318, 0x798, 0x798, 0x5BC, 0x5A0, 0x480, 0x480, 0x7C0, 0x4C0, 0x000, 0x000 } }, /* 酽 */
	{ 0xF5A7, { 0x77C, 0x100, 0x77C, 0x5D8, 0x5FC, 0x5FC, 0x0DC, 0x7D8, 0x4D8, 0x0CC, 0x000, 0x000 } }, /* 酾 */
	{ 0xF5A8, { 0x000, 0x7BC, 0x324, 0x7A4, 0x300, 0x700, 0x588, 0x408, 0x498, 0x788, 0x07C, 0x000 } }, /* 酲 */
	{ 0xF5A9, { 0x000, 0x010, 0x318, 0x7A4, 0x3E4, 0x398, 0x598, 0x498, 0x4A4, 0x7A4, 0x010, 0x000 } }, /* 酴 */
	{ 0xF5AA, { 0x000, 0x00C, 0x300, 0x794, 0x7A0, 0x180, 0x5BC, 0x480, 0x780, 0x780, 0x008, 0x000 } }, /* 酹 */
	{ 0xF5AB, { 0x7BC, 0x304, 0x7BC, 0x7A4, 0x7A8, 0x588, 0x4AC, 0x488, 0x7A8, 0x4AC, 0x000, 0x000 } }, /* 醌 */
	{ 0xF5AC, { 0x000, 0x010, 0x33C, 0x700, 0x7A0, 0x5BC, 0x580, 0x0BC, 0x7A4, 0x4A4, 0x4A4, 0x000 } }, /* 醅 */
	{ 0xF5AD, { 0x000, 0x000, 0x208, 0x768, 0x70C, 0x768, 0x5CC, 0x0C8, 0x5F0, 0x710, 0x014, 0x000 } }, /* 醐 */
	{ 0xF5AE, { 0x7BC, 0x324, 0x7A4, 0x7BC, 0x780, 0x590, 0x4BC, 0x4B0, 0x7B0, 0x04C, 0x000, 0x000 } }, /* 醍 */
	{ 0xF5AF, { 0x7BC, 0x300, 0x7A8, 0x7D8, 0x784, 0x5A4, 0x4BC, 0x4A4, 0x7A4, 0x0A4, 0x000, 0x000 } }, /* 醑 */
	{ 0xF5B0, { 0x000, 0x010, 0x33C, 0x720, 0x7FC, 0x5A4, 0x580, 0x4BC, 0x49C, 0x79C, 0x0FC, 0x000 } }, /* 醢 */
	{ 0xF5B1, { 0x000, 0x000, 0x37C, 0x718, 0x58C, 0x5BC, 0x59C, 0x480, 0x4FC, 0x7C4, 0x054, 0x000 } }, /* 醣 */
	{ 0xF5B2, { 0x7EC, 0x110, 0x794, 0x590, 0x598, 0x5C4, 0x4A8, 0x494, 0x788, 0x0A0, 0x000, 0x000 } }, /* 醪 */
	{ 0xF5B3, { 0x000, 0x008, 0x308, 0x77C, 0x580, 0x5BC, 0x590, 0x490, 0x4FC, 0x7A8, 0x0C4, 0x000 } }, /* 醭 */
	{ 0xF5B4, { 0x000, 0x020, 0x33C, 0x360, 0x7FC, 0x5A0, 0x5B8, 0x4B8, 0x480, 0x7C4, 0x0C8, 0x000 } }, /* 醮 */
	{ 0xF5B5, { 0x000, 0x010, 0x338, 0x73C, 0x780, 0x590, 0x5D4, 0x4BC, 0x78C, 0x78C, 0x0FC, 0x000 } }, /* 醯 */
	{ 0xF5B6, { 0x000, 0x010, 0x310, 0x354, 0x7D0, 0x5C8, 0x5DC, 0x4DC, 0x4DC, 0x7D8, 0x088, 0x000 } }, /* 醵 */
	{ 0xF5B7, { 0x000, 0x018, 0x33C, 0x33C, 0x7BC, 0x580, 0x580, 0x0BC, 0x4BC, 0x7A0, 0x0FC, 0x000 } }, /* 醴 */
	{ 0xF5B8, { 0x000, 0x01C, 0x310, 0x710, 0x5FC, 0x4D4, 0x5BC, 0x4BC, 0x4FC, 0x780, 0x0C0, 0x000 } }, /* 醺 */
	{ 0xF5B9, { 0x7FC, 0x0C0, 0x188, 0x650, 0x0F0, 0x370, 0x0A8, 0x324, 0x420, 0x0C0, 0x000, 0x000 } }, /* 豕 */
	{ 0xF5BA, { 0x000, 0x220, 0x3A8, 0x210, 0x4BC, 0x590, 0x2BC, 0x2B0, 0x5E8, 0x480, 0x0BC, 0x000 } }, /* 鹾 */
	{ 0xF5BB, { 0x7FC, 0x080, 0x108, 0x618, 0x1F0, 0x208, 0x040, 0x278, 0x340, 0x47C, 0x000, 0x000 } }, /* 趸 */
	{ 0xF5BC, { 0x738, 0x048, 0x358, 0x40C, 0x3F8, 0x208, 0x040, 0x178, 0x340, 0x47C, 0x000, 0x000 } }, /* 跫 */
	{ 0xF5BD, { 0x03C, 0x7A0, 0x3A8, 0x248, 0x208, 0x218, 0x3F8, 0x040, 0x340, 0x47C, 0x000, 0x000 } }, /* 踅 */
	{ 0xF5BE, { 0x008, 0x7FC, 0x488, 0x798, 0x698, 0x184, 0x210, 0x140, 0x340, 0x4FC, 0x000, 0x000 } }, /* 蹙 */
	{ 0xF5BF, { 0x000, 0x510, 0x13C, 0x568, 0x7D8, 0x57C, 0x020, 0x208, 0x040, 0x340, 0x4FC, 0x000 } }, /* 蹩 */
	{ 0xF5C0, { 0x000, 0x010, 0x4B0, 0x4BC, 0x7C4, 0x104, 0x594, 0x514, 0x504, 0x784, 0x00C, 0x000 } }, /* 趵 */
	{ 0xF5C1, { 0x7B8, 0x4A8, 0x4A8, 0x32C, 0x124, 0x524, 0x458, 0x5D8, 0x458, 0x0A4, 0x000, 0x000 } }, /* 趿 */
	{ 0xF5C2, { 0x77C, 0x4A8, 0x4A8, 0x328, 0x07C, 0x5A8, 0x428, 0x588, 0x648, 0x048, 0x000, 0x000 } }, /* 趼 */
	{ 0xF5C3, { 0x000, 0x010, 0x490, 0x4FC, 0x790, 0x010, 0x510, 0x410, 0x428, 0x748, 0x0C4, 0x000 } }, /* 趺 */
	{ 0xF5C4, { 0x000, 0x010, 0x530, 0x428, 0x544, 0x27C, 0x120, 0x428, 0x420, 0x724, 0x43C, 0x000 } }, /* 跄 */
	{ 0xF5C5, { 0x77C, 0x410, 0x400, 0x720, 0x03C, 0x564, 0x424, 0x424, 0x7BC, 0x424, 0x000, 0x000 } }, /* 跖 */
	{ 0xF5C6, { 0x000, 0x024, 0x504, 0x44C, 0x744, 0x244, 0x714, 0x604, 0x604, 0x704, 0x008, 0x000 } }, /* 跗 */
	{ 0xF5C7, { 0x76C, 0x46C, 0x46C, 0x76C, 0x27C, 0x76C, 0x664, 0x624, 0x7B4, 0x0B4, 0x000, 0x000 } }, /* 跚 */
	{ 0xF5C8, { 0x71C, 0x4C0, 0x4C0, 0x750, 0x07C, 0x510, 0x410, 0x454, 0x750, 0x010, 0x000, 0x000 } }, /* 跞 */
	{ 0xF5C9, { 0x000, 0x010, 0x590, 0x4FC, 0x7C4, 0x020, 0x52C, 0x530, 0x420, 0x7A0, 0x43C, 0x000 } }, /* 跎 */
	{ 0xF5CA, { 0x000, 0x040, 0x740, 0x56C, 0x748, 0x248, 0x268, 0x668, 0x228, 0x7AC, 0x4A0, 0x000 } }, /* 跏 */
	{ 0xF5CB, { 0x000, 0x010, 0x590, 0x4F4, 0x7D0, 0x078, 0x5E4, 0x440, 0x458, 0x7D8, 0x0A4, 0x000 } }, /* 跛 */
	{ 0xF5CC, { 0x000, 0x310, 0x4A0, 0x4A4, 0x77C, 0x000, 0x5B8, 0x444, 0x444, 0x77C, 0x044, 0x000 } }, /* 跆 */
	{ 0xF5CD, { 0x000, 0x010, 0x490, 0x490, 0x790, 0x000, 0x510, 0x418, 0x410, 0x790, 0x47C, 0x000 } }, /* 跬 */
	{ 0xF5CE, { 0x000, 0x020, 0x538, 0x428, 0x710, 0x26C, 0x700, 0x67C, 0x628, 0x708, 0x0CC, 0x000 } }, /* 跷 */
	{ 0xF5CF, { 0x040, 0x540, 0x448, 0x740, 0x26C, 0x700, 0x610, 0x610, 0x710, 0x010, 0x000, 0x000 } }, /* 跸 */
	{ 0xF5D0, { 0x000, 0x010, 0x550, 0x47C, 0x750, 0x210, 0x738, 0x628, 0x628, 0x748, 0x08C, 0x000 } }, /* 跣 */
	{ 0xF5D1, { 0x000, 0x00C, 0x548, 0x508, 0x708, 0x25C, 0x348, 0x648, 0x648, 0x740, 0x4BC, 0x000 } }, /* 跹 */
	{ 0xF5D2, { 0x010, 0x5FC, 0x428, 0x730, 0x03C, 0x580, 0x428, 0x428, 0x748, 0x0C8, 0x000, 0x000 } }, /* 跻 */
	{ 0xF5D3, { 0x000, 0x010, 0x510, 0x47C, 0x728, 0x044, 0x528, 0x428, 0x410, 0x738, 0x0C4, 0x000 } }, /* 跤 */
	{ 0xF5D4, { 0x000, 0x010, 0x4B8, 0x4C4, 0x7FC, 0x044, 0x57C, 0x554, 0x448, 0x7EC, 0x460, 0x000 } }, /* 踉 */
	{ 0xF5D5, { 0x000, 0x778, 0x500, 0x578, 0x740, 0x27C, 0x710, 0x234, 0x224, 0x7A0, 0x038, 0x000 } }, /* 跽 */
	{ 0xF5D6, { 0x000, 0x010, 0x510, 0x438, 0x744, 0x07C, 0x544, 0x410, 0x47C, 0x710, 0x010, 0x000 } }, /* 踔 */
	{ 0xF5D7, { 0x77C, 0x454, 0x57C, 0x354, 0x210, 0x77C, 0x638, 0x638, 0x7D4, 0x010, 0x000, 0x000 } }, /* 踝 */
	{ 0xF5D8, { 0x000, 0x040, 0x54C, 0x5E8, 0x708, 0x228, 0x368, 0x248, 0x26C, 0x78C, 0x100, 0x000 } }, /* 踟 */
	{ 0xF5D9, { 0x77C, 0x540, 0x57C, 0x240, 0x27C, 0x764, 0x624, 0x6B4, 0x690, 0x024, 0x000, 0x000 } }, /* 踬 */
	{ 0xF5DA, { 0x000, 0x010, 0x57C, 0x440, 0x748, 0x048, 0x540, 0x474, 0x464, 0x7A4, 0x0A4, 0x000 } }, /* 踮 */
	{ 0xF5DB, { 0x000, 0x010, 0x57C, 0x400, 0x728, 0x07C, 0x500, 0x47C, 0x444, 0x744, 0x044, 0x000 } }, /* 踣 */
	{ 0xF5DC, { 0x72C, 0x524, 0x564, 0x744, 0x24C, 0x3F4, 0x240, 0x26C, 0x680, 0x000, 0x000, 0x000 } }, /* 踯 */
	{ 0xF5DD, { 0x000, 0x000, 0x5DC, 0x51C, 0x71C, 0x25C, 0x250, 0x2D8, 0x2FC, 0x6C0, 0x11C, 0x000 } }, /* 踺 */
	{ 0xF5DE, { 0x010, 0x57C, 0x550, 0x758, 0x240, 0x710, 0x67C, 0x638, 0x754, 0x090, 0x000, 0x000 } }, /* 蹀 */
	{ 0xF5DF, { 0x000, 0x710, 0x554, 0x554, 0x700, 0x27C, 0x710, 0x67C, 0x668, 0x668, 0x044, 0x000 } }, /* 踹 */
	{ 0xF5E0, { 0x000, 0x01C, 0x510, 0x57C, 0x710, 0x254, 0x754, 0x27C, 0x210, 0x710, 0x0FC, 0x000 } }, /* 踵 */
	{ 0xF5E1, { 0x000, 0x01C, 0x510, 0x578, 0x754, 0x27C, 0x710, 0x254, 0x218, 0x600, 0x004, 0x000 } }, /* 踽 */
	{ 0xF5E2, { 0x000, 0x010, 0x57C, 0x508, 0x77C, 0x238, 0x300, 0x67C, 0x688, 0x798, 0x0EC, 0x000 } }, /* 踱 */
	{ 0xF5E3, { 0x000, 0x028, 0x528, 0x410, 0x77C, 0x210, 0x37C, 0x620, 0x658, 0x710, 0x47C, 0x000 } }, /* 蹉 */
	{ 0xF5E4, { 0x000, 0x010, 0x57C, 0x444, 0x77C, 0x240, 0x358, 0x2FC, 0x218, 0x718, 0x004, 0x000 } }, /* 蹁 */
	{ 0xF5E5, { 0x77C, 0x528, 0x57C, 0x734, 0x250, 0x710, 0x67C, 0x638, 0x7D4, 0x010, 0x000, 0x000 } }, /* 蹂 */
	{ 0xF5E6, { 0x77C, 0x578, 0x548, 0x348, 0x27C, 0x300, 0x234, 0x248, 0x768, 0x094, 0x000, 0x000 } }, /* 蹑 */
	{ 0xF5E7, { 0x000, 0x028, 0x57C, 0x508, 0x7FC, 0x228, 0x77C, 0x62C, 0x67C, 0x744, 0x004, 0x000 } }, /* 蹒 */
	{ 0xF5E8, { 0x000, 0x038, 0x500, 0x540, 0x728, 0x270, 0x72C, 0x650, 0x6FC, 0x730, 0x0C4, 0x000 } }, /* 蹊 */
	{ 0xF5E9, { 0x77C, 0x580, 0x5A4, 0x2AC, 0x2D4, 0x6FC, 0x28C, 0x2C4, 0x734, 0x104, 0x000, 0x000 } }, /* 蹰 */
	{ 0xF5EA, { 0x6FC, 0x580, 0x588, 0x2FC, 0x2A0, 0x2F8, 0x2F8, 0x328, 0x50C, 0x150, 0x000, 0x000 } }, /* 蹶 */
	{ 0xF5EB, { 0x028, 0x56C, 0x57C, 0x708, 0x27C, 0x710, 0x210, 0x27C, 0x728, 0x044, 0x000, 0x000 } }, /* 蹼 */
	{ 0xF5EC, { 0x000, 0x01C, 0x550, 0x550, 0x738, 0x258, 0x754, 0x254, 0x27C, 0x754, 0x044, 0x000 } }, /* 蹯 */
	{ 0xF5ED, { 0x000, 0x640, 0x504, 0x5E0, 0x25C, 0x2A8, 0x2E8, 0x248, 0x2F0, 0x750, 0x064, 0x000 } }, /* 蹴 */
	{ 0xF5EE, { 0x77C, 0x44C, 0x47C, 0x760, 0x040, 0x578, 0x478, 0x458, 0x778, 0x004, 0x000, 0x000 } }, /* 躅 */
	{ 0xF5EF, { 0x028, 0x57C, 0x500, 0x71C, 0x2A4, 0x37C, 0x230, 0x234, 0x724, 0x084, 0x000, 0x000 } }, /* 躏 */
	{ 0xF5F0, { 0x000, 0x610, 0x580, 0x5BC, 0x7BC, 0x2B8, 0x3BC, 0x2A0, 0x290, 0x610, 0x17C, 0x000 } }, /* 躔 */
	{ 0xF5F1, { 0x000, 0x054, 0x550, 0x500, 0x77C, 0x234, 0x37C, 0x650, 0x650, 0x714, 0x054, 0x000 } }, /* 躐 */
	{ 0xF5F2, { 0x000, 0x5FC, 0x548, 0x76C, 0x2B4, 0x300, 0x640, 0x650, 0x728, 0x044, 0x000, 0x000 } }, /* 躜 */
	{ 0xF5F3, { 0x000, 0x004, 0x544, 0x5C4, 0x604, 0x270, 0x310, 0x278, 0x228, 0x730, 0x0CC, 0x000 } }, /* 躞 */
	{ 0xF5F4, { 0x000, 0x030, 0x3C0, 0x048, 0x160, 0x720, 0x050, 0x310, 0x040, 0x390, 0x030, 0x000 } }, /* 豸 */
	{ 0xF5F5, { 0x000, 0x13C, 0x614, 0x194, 0x324, 0x54C, 0x3BC, 0x4A4, 0x2A4, 0x4BC, 0x124, 0x000 } }, /* 貂 */
	{ 0xF5F6, { 0x100, 0x63C, 0x190, 0x33C, 0x504, 0x104, 0x4A4, 0x384, 0x4BC, 0x104, 0x000, 0x000 } }, /* 貊 */
	{ 0xF5F7, { 0x108, 0x608, 0x1C8, 0x6D8, 0x558, 0x358, 0x55C, 0x268, 0x548, 0x348, 0x000, 0x000 } }, /* 貅 */
	{ 0xF5F8, { 0x128, 0x67C, 0x580, 0x37C, 0x57C, 0x344, 0x590, 0x2FC, 0x4A8, 0x144, 0x000, 0x000 } }, /* 貘 */
	{ 0xF5F9, { 0x000, 0x110, 0x67C, 0x5DC, 0x35C, 0x56C, 0x100, 0x4C8, 0x3C8, 0x4C8, 0x16C, 0x000 } }, /* 貔 */
	{ 0xF5FA, { 0x000, 0x200, 0x3A0, 0x510, 0x7C0, 0x570, 0x540, 0x7DC, 0x540, 0x540, 0x080, 0x000 } }, /* 斛 */
	{ 0xF5FB, { 0x000, 0x210, 0x710, 0x53C, 0x794, 0x594, 0x5BC, 0x798, 0x508, 0x524, 0x0C0, 0x000 } }, /* 觖 */
	{ 0xF5FC, { 0x000, 0x200, 0x73C, 0x540, 0x5BC, 0x590, 0x5BC, 0x78C, 0x524, 0x514, 0x0AC, 0x000 } }, /* 觞 */
	{ 0xF5FD, { 0x000, 0x200, 0x738, 0x510, 0x790, 0x590, 0x590, 0x794, 0x594, 0x5DC, 0x0C0, 0x000 } }, /* 觚 */
	{ 0xF5FE, { 0x000, 0x120, 0x5B8, 0x520, 0x79C, 0x1F0, 0x630, 0x24C, 0x248, 0x3F8, 0x448, 0x000 } }, /* 觜 */
	{ 0xF6A1, { 0x000, 0x210, 0x714, 0x534, 0x790, 0x5FC, 0x588, 0x788, 0x5A8, 0x5A8, 0x084, 0x000 } }, /* 觥 */
	{ 0xF6A2, { 0x000, 0x210, 0x718, 0x510, 0x7BC, 0x794, 0x5BC, 0x798, 0x5B8, 0x5B4, 0x090, 0x000 } }, /* 觫 */
	{ 0xF6A3, { 0x000, 0x204, 0x700, 0x53C, 0x7A4, 0x5BC, 0x5BC, 0x798, 0x5BC, 0x580, 0x080, 0x000 } }, /* 觯 */
	{ 0xF6A4, { 0x120, 0x5BC, 0x520, 0x7BC, 0x040, 0x208, 0x3F8, 0x208, 0x208, 0x3F8, 0x000, 0x000 } }, /* 訾 */
	{ 0xF6A5, { 0x000, 0x118, 0x124, 0x7B8, 0x518, 0x43C, 0x7FC, 0x208, 0x208, 0x208, 0x208, 0x000 } }, /* 謦 */
	{ 0xF6A6, { 0x100, 0x7A4, 0x7A4, 0x124, 0x024, 0x4A4, 0x790, 0x798, 0x4A8, 0x4CC, 0x000, 0x000 } }, /* 靓 */
	{ 0xF6A7, { 0x3F8, 0x040, 0x444, 0x040, 0x000, 0x3F8, 0x7FC, 0x100, 0x008, 0x010, 0x000, 0x000 } }, /* 雩 */
	{ 0xF6A8, { 0x3F8, 0x040, 0x444, 0x550, 0x110, 0x3FC, 0x040, 0x068, 0x448, 0x598, 0x000, 0x000 } }, /* 雳 */
	{ 0xF6A9, { 0x000, 0x3F8, 0x040, 0x444, 0x554, 0x150, 0x040, 0x7FC, 0x0A0, 0x0E0, 0x71C, 0x000 } }, /* 雯 */
	{ 0xF6AA, { 0x000, 0x3F8, 0x040, 0x554, 0x150, 0x008, 0x220, 0x378, 0x130, 0x300, 0x47C, 0x000 } }, /* 霆 */
	{ 0xF6AB, { 0x3F8, 0x3F8, 0x554, 0x040, 0x040, 0x1B0, 0x0E0, 0x71C, 0x110, 0x610, 0x000, 0x000 } }, /* 霁 */
	{ 0xF6AC, { 0x3F8, 0x040, 0x554, 0x150, 0x000, 0x2FC, 0x430, 0x1A4, 0x28C, 0x400, 0x000, 0x000 } }, /* 霈 */
	{ 0xF6AD, { 0x3F8, 0x040, 0x444, 0x040, 0x000, 0x7BC, 0x0A0, 0x0A0, 0x7BC, 0x0A0, 0x000, 0x000 } }, /* 霏 */
	{ 0xF6AE, { 0x3F8, 0x7FC, 0x444, 0x040, 0x3F8, 0x090, 0x080, 0x3FC, 0x0F0, 0x38C, 0x000, 0x000 } }, /* 霎 */
	{ 0xF6AF, { 0x000, 0x3F8, 0x040, 0x444, 0x350, 0x018, 0x2A0, 0x408, 0x020, 0x230, 0x4F8, 0x000 } }, /* 霪 */
	{ 0xF6B0, { 0x3F8, 0x7FC, 0x444, 0x040, 0x278, 0x0C8, 0x278, 0x2B4, 0x284, 0x204, 0x000, 0x000 } }, /* 霭 */
	{ 0xF6B1, { 0x000, 0x3F8, 0x7FC, 0x444, 0x150, 0x290, 0x29C, 0x3E8, 0x3D8, 0x298, 0x0A4, 0x000 } }, /* 霰 */
	{ 0xF6B2, { 0x000, 0x3F8, 0x7FC, 0x444, 0x140, 0x378, 0x154, 0x754, 0x390, 0x290, 0x17C, 0x000 } }, /* 霾 */
	{ 0xF6B3, { 0x000, 0x110, 0x190, 0x110, 0x7D4, 0x118, 0x550, 0x570, 0x650, 0x4D0, 0x05C, 0x000 } }, /* 龀 */
	{ 0xF6B4, { 0x000, 0x100, 0x194, 0x104, 0x79C, 0x004, 0x404, 0x79C, 0x684, 0x4A4, 0x080, 0x000 } }, /* 龃 */
	{ 0xF6B5, { 0x000, 0x100, 0x5A0, 0x524, 0x7E4, 0x034, 0x6A4, 0x7B4, 0x4A0, 0x5A0, 0x0BC, 0x000 } }, /* 龅 */
	{ 0xF6B6, { 0x000, 0x100, 0x594, 0x514, 0x794, 0x024, 0x480, 0x7A4, 0x6A4, 0x4BC, 0x0A4, 0x000 } }, /* 龆 */
	{ 0xF6B7, { 0x000, 0x008, 0x528, 0x468, 0x76C, 0x068, 0x668, 0x668, 0x568, 0x578, 0x084, 0x000 } }, /* 龇 */
	{ 0xF6B8, { 0x000, 0x5A4, 0x524, 0x784, 0x03C, 0x490, 0x78C, 0x688, 0x4A8, 0x0A4, 0x000, 0x000 } }, /* 龈 */
	{ 0xF6B9, { 0x000, 0x100, 0x590, 0x530, 0x794, 0x034, 0x680, 0x7BC, 0x4A4, 0x4BC, 0x0A4, 0x000 } }, /* 龉 */
	{ 0xF6BA, { 0x100, 0x524, 0x524, 0x7A4, 0x018, 0x480, 0x7AC, 0x6A0, 0x5F0, 0x08C, 0x000, 0x000 } }, /* 龊 */
	{ 0xF6BB, { 0x000, 0x504, 0x43C, 0x780, 0x018, 0x6D4, 0x7C8, 0x4DC, 0x7C8, 0x000, 0x000, 0x000 } }, /* 龌 */
	{ 0xF6BC, { 0x7F8, 0x408, 0x3F0, 0x0C0, 0x488, 0x7F8, 0x408, 0x7F8, 0x000, 0x07C, 0x000, 0x000 } }, /* 黾 */
	{ 0xF6BD, { 0x000, 0x3F8, 0x000, 0x120, 0x61C, 0x218, 0x0C0, 0x4C8, 0x4C8, 0x4C8, 0x07C, 0x000 } }, /* 鼋 */
	{ 0xF6BE, { 0x0A4, 0x0A0, 0x3F8, 0x248, 0x3F8, 0x3F8, 0x3F8, 0x648, 0x648, 0x044, 0x000, 0x000 } }, /* 鼍 */
	{ 0xF6BF, { 0x000, 0x120, 0x120, 0x3FC, 0x620, 0x3FC, 0x220, 0x3FC, 0x220, 0x3FC, 0x200, 0x000 } }, /* 隹 */
	{ 0xF6C0, { 0x000, 0x140, 0x3F8, 0x620, 0x260, 0x3F8, 0x220, 0x240, 0x040, 0x040, 0x040, 0x000 } }, /* 隼 */
	{ 0xF6C1, { 0x000, 0x120, 0x3FC, 0x660, 0x260, 0x3F8, 0x3FC, 0x200, 0x098, 0x104, 0x618, 0x000 } }, /* 隽 */
	{ 0xF6C2, { 0x028, 0x708, 0x57C, 0x7C8, 0x53C, 0x508, 0x53C, 0x508, 0x73C, 0x000, 0x000, 0x000 } }, /* 雎 */
	{ 0xF6C3, { 0x228, 0x220, 0x57C, 0x148, 0x33C, 0x488, 0x73C, 0x088, 0x3BC, 0x0A0, 0x000, 0x000 } }, /* 雒 */
	{ 0xF6C4, { 0x7BC, 0x7BC, 0x4A4, 0x4A4, 0x200, 0x3FC, 0x7F8, 0x260, 0x260, 0x3FC, 0x000, 0x000 } }, /* 瞿 */
	{ 0xF6C5, { 0x010, 0x450, 0x71C, 0x470, 0x75C, 0x450, 0x75C, 0x470, 0x75C, 0x410, 0x000, 0x000 } }, /* 雠 */
	{ 0xF6C6, { 0x000, 0x738, 0x248, 0x358, 0x64C, 0x0A0, 0x71C, 0x040, 0x3F8, 0x050, 0x7FC, 0x000 } }, /* 銎 */
	{ 0xF6C7, { 0x000, 0x040, 0x7FC, 0x2A8, 0x4A4, 0x0C0, 0x31C, 0x1E0, 0x1F0, 0x050, 0x7FC, 0x000 } }, /* 銮 */
	{ 0xF6C8, { 0x000, 0x278, 0x020, 0x460, 0x250, 0x4CC, 0x1B0, 0x7FC, 0x040, 0x150, 0x554, 0x000 } }, /* 鋈 */
	{ 0xF6C9, { 0x000, 0x204, 0x720, 0x7BC, 0x1A0, 0x140, 0x130, 0x5F4, 0x1F0, 0x140, 0x7FC, 0x000 } }, /* 錾 */
	{ 0xF6CA, { 0x000, 0x010, 0x0BC, 0x7D8, 0x318, 0x140, 0x110, 0x0F0, 0x1F0, 0x040, 0x7FC, 0x000 } }, /* 鍪 */
	{ 0xF6CB, { 0x000, 0x110, 0x390, 0x7A8, 0x218, 0x69C, 0x0E0, 0x73C, 0x040, 0x150, 0x7FC, 0x000 } }, /* 鏊 */
	{ 0xF6CC, { 0x000, 0x220, 0x050, 0x6C8, 0x020, 0x2A4, 0x0C0, 0x73C, 0x1F0, 0x150, 0x7FC, 0x000 } }, /* 鎏 */
	{ 0xF6CD, { 0x000, 0x390, 0x6A8, 0x43C, 0x698, 0x3D0, 0x1B0, 0x5F4, 0x040, 0x150, 0x7FC, 0x000 } }, /* 鐾 */
	{ 0xF6CE, { 0x000, 0x040, 0x130, 0x4E4, 0x150, 0x358, 0x298, 0x56C, 0x110, 0x190, 0x73C, 0x000 } }, /* 鑫 */
	{ 0xF6CF, { 0x210, 0x314, 0x510, 0x7BC, 0x498, 0x788, 0x5A8, 0x028, 0x7C8, 0x04C, 0x000, 0x000 } }, /* 鱿 */
	{ 0xF6D0, { 0x000, 0x210, 0x310, 0x57C, 0x780, 0x59C, 0x7A4, 0x5A4, 0x024, 0x7C4, 0x048, 0x000 } }, /* 鲂 */
	{ 0xF6D1, { 0x000, 0x210, 0x700, 0x57C, 0x780, 0x4BC, 0x7A4, 0x798, 0x018, 0x798, 0x064, 0x000 } }, /* 鲅 */
	{ 0xF6D2, { 0x200, 0x318, 0x500, 0x7A4, 0x480, 0x798, 0x590, 0x000, 0x780, 0x000, 0x000, 0x000 } }, /* 鲆 */
	{ 0xF6D3, { 0x000, 0x200, 0x300, 0x50C, 0x780, 0x580, 0x7BC, 0x5A4, 0x024, 0x7A4, 0x024, 0x000 } }, /* 鲇 */
	{ 0xF6D4, { 0x210, 0x31C, 0x510, 0x7BC, 0x4A4, 0x7A4, 0x5BC, 0x000, 0x7C0, 0x040, 0x000, 0x000 } }, /* 鲈 */
	{ 0xF6D5, { 0x204, 0x330, 0x510, 0x790, 0x498, 0x798, 0x5B8, 0x034, 0x7D0, 0x010, 0x000, 0x000 } }, /* 稣 */
	{ 0xF6D6, { 0x000, 0x220, 0x720, 0x524, 0x744, 0x4C0, 0x710, 0x600, 0x000, 0x780, 0x008, 0x000 } }, /* 鲋 */
	{ 0xF6D7, { 0x000, 0x208, 0x010, 0x7FC, 0x484, 0x130, 0x7F8, 0x248, 0x248, 0x3F8, 0x7FC, 0x000 } }, /* 鲎 */
	{ 0xF6D8, { 0x000, 0x210, 0x310, 0x524, 0x7EC, 0x580, 0x7B8, 0x5A4, 0x024, 0x7BC, 0x024, 0x000 } }, /* 鲐 */
	{ 0xF6D9, { 0x000, 0x200, 0x310, 0x538, 0x790, 0x5BC, 0x780, 0x5BC, 0x010, 0x790, 0x07C, 0x000 } }, /* 鲑 */
	{ 0xF6DA, { 0x000, 0x200, 0x318, 0x510, 0x780, 0x5BC, 0x780, 0x5A4, 0x024, 0x7A4, 0x024, 0x000 } }, /* 鲒 */
	{ 0xF6DB, { 0x000, 0x210, 0x33C, 0x510, 0x7B0, 0x5A4, 0x7FC, 0x5A0, 0x03C, 0x7A4, 0x024, 0x000 } }, /* 鲔 */
	{ 0xF6DC, { 0x000, 0x200, 0x310, 0x510, 0x7BC, 0x5C8, 0x788, 0x588, 0x048, 0x7C8, 0x004, 0x000 } }, /* 鲕 */
	{ 0xF6DD, { 0x000, 0x210, 0x73C, 0x520, 0x798, 0x4BC, 0x7A0, 0x7A0, 0x020, 0x7A0, 0x040, 0x000 } }, /* 鲚 */
	{ 0xF6DE, { 0x000, 0x210, 0x310, 0x520, 0x7A4, 0x4C4, 0x7A0, 0x588, 0x018, 0x798, 0x044, 0x000 } }, /* 鲛 */
	{ 0xF6DF, { 0x000, 0x040, 0x1D0, 0x080, 0x1F0, 0x2EC, 0x120, 0x248, 0x248, 0x3F0, 0x7FC, 0x000 } }, /* 鲞 */
	{ 0xF6E0, { 0x000, 0x200, 0x304, 0x53C, 0x784, 0x580, 0x784, 0x58C, 0x020, 0x780, 0x008, 0x000 } }, /* 鲟 */
	{ 0xF6E1, { 0x000, 0x200, 0x310, 0x53C, 0x794, 0x4BC, 0x794, 0x590, 0x030, 0x7B0, 0x044, 0x000 } }, /* 鲠 */
	{ 0xF6E2, { 0x000, 0x200, 0x700, 0x56C, 0x7D8, 0x6FC, 0x7FC, 0x6FC, 0x058, 0x758, 0x04C, 0x000 } }, /* 鲡 */
	{ 0xF6E3, { 0x000, 0x000, 0x75C, 0x510, 0x718, 0x67C, 0x748, 0x65C, 0x048, 0x748, 0x09C, 0x000 } }, /* 鲢 */
	{ 0xF6E4, { 0x000, 0x220, 0x764, 0x564, 0x768, 0x6EC, 0x7A0, 0x690, 0x03C, 0x710, 0x07C, 0x000 } }, /* 鲣 */
	{ 0xF6E5, { 0x000, 0x004, 0x764, 0x544, 0x744, 0x664, 0x74C, 0x644, 0x064, 0x744, 0x00C, 0x000 } }, /* 鲥 */
	{ 0xF6E6, { 0x000, 0x220, 0x73C, 0x568, 0x798, 0x6BC, 0x780, 0x6FC, 0x010, 0x7D4, 0x010, 0x000 } }, /* 鲦 */
	{ 0xF6E7, { 0x000, 0x20C, 0x770, 0x520, 0x7F8, 0x690, 0x7AC, 0x690, 0x014, 0x7D4, 0x010, 0x000 } }, /* 鲧 */
	{ 0xF6E8, { 0x000, 0x200, 0x084, 0x008, 0x270, 0x580, 0x330, 0x648, 0x248, 0x3F8, 0x7FC, 0x000 } }, /* 鲨 */
	{ 0xF6E9, { 0x000, 0x210, 0x710, 0x544, 0x780, 0x6B8, 0x780, 0x6A8, 0x028, 0x7A8, 0x04C, 0x000 } }, /* 鲩 */
	{ 0xF6EA, { 0x000, 0x200, 0x758, 0x558, 0x7D8, 0x6D8, 0x7C8, 0x6C8, 0x068, 0x7C8, 0x008, 0x000 } }, /* 鲫 */
	{ 0xF6EB, { 0x000, 0x200, 0x73C, 0x53C, 0x790, 0x680, 0x7BC, 0x6BC, 0x024, 0x7A4, 0x004, 0x000 } }, /* 鲭 */
	{ 0xF6EC, { 0x000, 0x210, 0x738, 0x510, 0x7A0, 0x6A4, 0x790, 0x6A8, 0x048, 0x798, 0x064, 0x000 } }, /* 鲮 */
	{ 0xF6ED, { 0x000, 0x000, 0x77C, 0x520, 0x764, 0x724, 0x66C, 0x72C, 0x068, 0x62C, 0x030, 0x000 } }, /* 鲰 */
	{ 0xF6EE, { 0x000, 0x208, 0x708, 0x52C, 0x788, 0x6AC, 0x788, 0x688, 0x02C, 0x788, 0x008, 0x000 } }, /* 鲱 */
	{ 0xF6EF, { 0x000, 0x200, 0x724, 0x53C, 0x784, 0x6B8, 0x780, 0x6EC, 0x008, 0x7C0, 0x06C, 0x000 } }, /* 鲲 */
	{ 0xF6F0, { 0x000, 0x200, 0x724, 0x53C, 0x7A4, 0x6BC, 0x7BC, 0x680, 0x03C, 0x7A4, 0x004, 0x000 } }, /* 鲳 */
	{ 0xF6F1, { 0x000, 0x200, 0x740, 0x540, 0x7D8, 0x6D0, 0x7D8, 0x6C8, 0x058, 0x7C4, 0x044, 0x000 } }, /* 鲴 */
	{ 0xF6F2, { 0x000, 0x220, 0x744, 0x544, 0x7C4, 0x6C4, 0x7FC, 0x6A8, 0x028, 0x7C8, 0x08C, 0x000 } }, /* 鲵 */
	{ 0xF6F3, { 0x000, 0x210, 0x718, 0x528, 0x7D4, 0x680, 0x780, 0x690, 0x044, 0x7C4, 0x018, 0x000 } }, /* 鲶 */
	{ 0xF6F4, { 0x000, 0x200, 0x700, 0x518, 0x780, 0x698, 0x798, 0x6C8, 0x058, 0x7C0, 0x004, 0x000 } }, /* 鲷 */
	{ 0xF6F5, { 0x000, 0x200, 0x704, 0x574, 0x784, 0x6F4, 0x7C4, 0x6F4, 0x004, 0x7BC, 0x004, 0x000 } }, /* 鲺 */
	{ 0xF6F6, { 0x000, 0x200, 0x754, 0x554, 0x7D4, 0x680, 0x7FC, 0x6D4, 0x054, 0x7D4, 0x044, 0x000 } }, /* 鲻 */
	{ 0xF6F7, { 0x000, 0x210, 0x73C, 0x500, 0x7FC, 0x680, 0x7BC, 0x6D4, 0x014, 0x7A8, 0x044, 0x000 } }, /* 鲼 */
	{ 0xF6F8, { 0x000, 0x210, 0x77C, 0x514, 0x798, 0x6A0, 0x790, 0x6FC, 0x038, 0x7D4, 0x010, 0x000 } }, /* 鲽 */
	{ 0xF6F9, { 0x000, 0x200, 0x76C, 0x56C, 0x780, 0x6BC, 0x7BC, 0x680, 0x01C, 0x784, 0x00C, 0x000 } }, /* 鳄 */
	{ 0xF6FA, { 0x000, 0x008, 0x748, 0x708, 0x77C, 0x74C, 0x768, 0x7C8, 0x004, 0x614, 0x010, 0x000 } }, /* 鳅 */
	{ 0xF6FB, { 0x000, 0x220, 0x77C, 0x500, 0x7A4, 0x6A4, 0x7B0, 0x6B8, 0x068, 0x798, 0x06C, 0x000 } }, /* 鳆 */
	{ 0xF6FC, { 0x000, 0x210, 0x73C, 0x504, 0x7A4, 0x6BC, 0x780, 0x690, 0x03C, 0x790, 0x07C, 0x000 } }, /* 鳇 */
	{ 0xF6FD, { 0x000, 0x210, 0x73C, 0x504, 0x7BC, 0x6A0, 0x7D8, 0x6FC, 0x018, 0x790, 0x004, 0x000 } }, /* 鳊 */
	{ 0xF6FE, { 0x000, 0x200, 0x724, 0x528, 0x790, 0x6FC, 0x790, 0x6D4, 0x07C, 0x794, 0x07C, 0x000 } }, /* 鳋 */
	{ 0xF7A1, { 0x000, 0x100, 0x3BC, 0x328, 0x298, 0x4AC, 0x120, 0x3F8, 0x148, 0x1F8, 0x7FC, 0x000 } }, /* 鳌 */
	{ 0xF7A2, { 0x000, 0x210, 0x73C, 0x538, 0x7B0, 0x6E0, 0x79C, 0x6BC, 0x024, 0x784, 0x024, 0x000 } }, /* 鳍 */
	{ 0xF7A3, { 0x000, 0x200, 0x704, 0x524, 0x7BC, 0x680, 0x790, 0x690, 0x034, 0x750, 0x024, 0x000 } }, /* 鳎 */
	{ 0xF7A4, { 0x000, 0x200, 0x748, 0x548, 0x7FC, 0x680, 0x7B4, 0x6D0, 0x030, 0x7D4, 0x010, 0x000 } }, /* 鳏 */
	{ 0xF7A5, { 0x000, 0x204, 0x710, 0x514, 0x780, 0x6BC, 0x7D0, 0x6FC, 0x000, 0x784, 0x03C, 0x000 } }, /* 鳐 */
	{ 0xF7A6, { 0x000, 0x240, 0x770, 0x56C, 0x720, 0x7F8, 0x7F8, 0x768, 0x068, 0x700, 0x014, 0x000 } }, /* 鳓 */
	{ 0xF7A7, { 0x000, 0x200, 0x708, 0x57C, 0x7CC, 0x680, 0x7BC, 0x680, 0x010, 0x7B4, 0x050, 0x000 } }, /* 鳔 */
	{ 0xF7A8, { 0x000, 0x200, 0x710, 0x554, 0x7B0, 0x6B0, 0x780, 0x6BC, 0x024, 0x784, 0x03C, 0x000 } }, /* 鳕 */
	{ 0xF7A9, { 0x000, 0x200, 0x764, 0x564, 0x780, 0x6EC, 0x7FC, 0x680, 0x028, 0x798, 0x06C, 0x000 } }, /* 鳗 */
	{ 0xF7AA, { 0x000, 0x210, 0x43C, 0x168, 0x758, 0x3D4, 0x1E0, 0x3F8, 0x248, 0x3F8, 0x7FC, 0x000 } }, /* 鳘 */
	{ 0xF7AB, { 0x000, 0x210, 0x758, 0x55C, 0x7FC, 0x6DC, 0x7D8, 0x6E4, 0x07C, 0x7BC, 0x0A4, 0x000 } }, /* 鳙 */
	{ 0xF7AC, { 0x000, 0x000, 0x740, 0x530, 0x7FC, 0x780, 0x6D4, 0x7FC, 0x03C, 0x7AC, 0x080, 0x000 } }, /* 鳜 */
	{ 0xF7AD, { 0x000, 0x220, 0x73C, 0x510, 0x790, 0x6BC, 0x7B0, 0x6FC, 0x03C, 0x784, 0x03C, 0x000 } }, /* 鳝 */
	{ 0xF7AE, { 0x000, 0x228, 0x77C, 0x518, 0x7FC, 0x6C4, 0x7FC, 0x6BC, 0x07C, 0x700, 0x008, 0x000 } }, /* 鳟 */
	{ 0xF7AF, { 0x000, 0x208, 0x77C, 0x57C, 0x7CC, 0x680, 0x780, 0x6FC, 0x07C, 0x7A0, 0x07C, 0x000 } }, /* 鳢 */
	{ 0xF7B0, { 0x000, 0x7A4, 0x024, 0x324, 0x7A4, 0x4A4, 0x324, 0x780, 0x000, 0x000, 0x000, 0x000 } }, /* 靼 */
	{ 0xF7B1, { 0x010, 0x790, 0x03C, 0x314, 0x794, 0x4B4, 0x318, 0x798, 0x024, 0x044, 0x000, 0x000 } }, /* 鞅 */
	{ 0xF7B2, { 0x508, 0x788, 0x508, 0x208, 0x748, 0x694, 0x314, 0x7A0, 0x260, 0x21C, 0x000, 0x000 } }, /* 鞑 */
	{ 0xF7B3, { 0x00C, 0x790, 0x010, 0x318, 0x7A4, 0x4E4, 0x328, 0x7A8, 0x028, 0x048, 0x000, 0x000 } }, /* 鞒 */
	{ 0xF7B4, { 0x000, 0x7B8, 0x108, 0x33C, 0x7D4, 0x4FC, 0x310, 0x7B0, 0x020, 0x04C, 0x000, 0x000 } }, /* 鞔 */
	{ 0xF7B5, { 0x520, 0x7BC, 0x500, 0x27C, 0x720, 0x6EC, 0x208, 0x79C, 0x208, 0x208, 0x000, 0x000 } }, /* 鞯 */
	{ 0xF7B6, { 0x000, 0x520, 0x7FC, 0x540, 0x27C, 0x738, 0x630, 0x200, 0x7C8, 0x278, 0x204, 0x000 } }, /* 鞫 */
	{ 0xF7B7, { 0x500, 0x78C, 0x518, 0x23C, 0x720, 0x6D0, 0x37C, 0x7B8, 0x254, 0x210, 0x000, 0x000 } }, /* 鞣 */
	{ 0xF7B8, { 0x528, 0x7FC, 0x53C, 0x228, 0x710, 0x23C, 0x73C, 0x274, 0x244, 0x204, 0x000, 0x000 } }, /* 鞲 */
	{ 0xF7B9, { 0x000, 0x528, 0x7BC, 0x528, 0x264, 0x73C, 0x2C4, 0x73C, 0x234, 0x234, 0x204, 0x000 } }, /* 鞴 */
	{ 0xF7BA, { 0x010, 0x498, 0x688, 0x7A4, 0x4C0, 0x4A8, 0x7A8, 0x7A8, 0x4A8, 0x548, 0x000, 0x000 } }, /* 骱 */
	{ 0xF7BB, { 0x018, 0x0A8, 0x3A8, 0x7A4, 0x440, 0x6A0, 0x3A8, 0x298, 0x098, 0x0E4, 0x000, 0x000 } }, /* 骰 */
	{ 0xF7BC, { 0x300, 0x480, 0x6BC, 0x790, 0x000, 0x4BC, 0x7A4, 0x4A4, 0x4BC, 0x524, 0x000, 0x000 } }, /* 骷 */
	{ 0xF7BD, { 0x000, 0x310, 0x4BC, 0x6A4, 0x7A4, 0x824, 0x4BC, 0x780, 0x4B8, 0x480, 0x48C, 0x000 } }, /* 鹘 */
	{ 0xF7BE, { 0x304, 0x4A8, 0x480, 0x788, 0x47C, 0x488, 0x788, 0x7B8, 0x4A4, 0x004, 0x000, 0x000 } }, /* 骶 */
	{ 0xF7BF, { 0x30C, 0x4A0, 0x4A0, 0x7BC, 0x4A0, 0x4BC, 0x794, 0x4D4, 0x4DC, 0x494, 0x000, 0x000 } }, /* 骺 */
	{ 0xF7C0, { 0x000, 0x380, 0x0BC, 0x0E0, 0x798, 0x498, 0x0C4, 0x3BC, 0x3A4, 0x0A4, 0x0A4, 0x000 } }, /* 骼 */
	{ 0xF7C1, { 0x000, 0x4B4, 0x6BC, 0x784, 0x4BC, 0x790, 0x798, 0x4B8, 0x484, 0x510, 0x000, 0x000 } }, /* 髁 */
	{ 0xF7C2, { 0x010, 0x43C, 0x604, 0x7BC, 0x8D4, 0x7BC, 0x728, 0x57C, 0x408, 0x508, 0x000, 0x000 } }, /* 髀 */
	{ 0xF7C3, { 0x000, 0x434, 0x63C, 0x7B8, 0x094, 0x780, 0x7FC, 0x428, 0x418, 0x560, 0x000, 0x000 } }, /* 髅 */
	{ 0xF7C4, { 0x000, 0x010, 0x47C, 0x640, 0x7B8, 0x0D8, 0x798, 0x7E4, 0x424, 0x424, 0x524, 0x000 } }, /* 髂 */
	{ 0xF7C5, { 0x000, 0x310, 0x47C, 0x628, 0x7B8, 0x880, 0x504, 0x714, 0x51C, 0x428, 0x54C, 0x000 } }, /* 髋 */
	{ 0xF7C6, { 0x010, 0x43C, 0x640, 0x7B8, 0x8A0, 0x728, 0x728, 0x57C, 0x420, 0x544, 0x000, 0x000 } }, /* 髌 */
	{ 0xF7C7, { 0x000, 0x47C, 0x65C, 0x7A0, 0x8BE, 0x778, 0x718, 0x538, 0x418, 0x504, 0x000, 0x000 } }, /* 髑 */
	{ 0xF7C8, { 0x000, 0x000, 0x788, 0x51C, 0x588, 0x798, 0x118, 0x3AC, 0x3C8, 0x504, 0x000, 0x000 } }, /* 魅 */
	{ 0xF7C9, { 0x000, 0x000, 0x794, 0x57C, 0x790, 0x79C, 0x324, 0x388, 0x3D4, 0x504, 0x000, 0x000 } }, /* 魃 */
	{ 0xF7CA, { 0x3FC, 0x000, 0x1FC, 0x090, 0x3CC, 0x128, 0x168, 0x468, 0x4B8, 0x13C, 0x000, 0x000 } }, /* 魇 */
	{ 0xF7CB, { 0x000, 0x000, 0x798, 0x6BC, 0x7AC, 0x7BC, 0x32C, 0x3D4, 0x1C4, 0x500, 0x1FC, 0x000 } }, /* 魉 */
	{ 0xF7CC, { 0x000, 0x010, 0x7B0, 0x690, 0x7A4, 0x7BC, 0x304, 0x3BC, 0x1C4, 0x500, 0x1FC, 0x000 } }, /* 魈 */
	{ 0xF7CD, { 0x000, 0x000, 0x7A4, 0x6AC, 0x7BC, 0x784, 0x334, 0x394, 0x1C4, 0x500, 0x1FC, 0x000 } }, /* 魍 */
	{ 0xF7CE, { 0x000, 0x000, 0x7BC, 0x69C, 0x7BC, 0x798, 0x33C, 0x3BC, 0x1E4, 0x500, 0x1FC, 0x000 } }, /* 魑 */
	{ 0xF7CF, { 0x210, 0x030, 0x548, 0x6DC, 0x248, 0x148, 0x778, 0x154, 0x248, 0x444, 0x000, 0x000 } }, /* 飨 */
	{ 0xF7D0, { 0x000, 0x028, 0x1FC, 0x0D0, 0x164, 0x1B8, 0x0F8, 0x4F8, 0x4B8, 0x08C, 0x000, 0x000 } }, /* 餍 */
	{ 0xF7D1, { 0x010, 0x228, 0x3A4, 0x510, 0x2E0, 0x358, 0x7F0, 0x1F0, 0x050, 0x118, 0x000, 0x000 } }, /* 餮 */
	{ 0xF7D2, { 0x310, 0x574, 0x370, 0x698, 0x1EC, 0x120, 0x7FC, 0x1F0, 0x050, 0x118, 0x000, 0x000 } }, /* 饕 */
	{ 0xF7D3, { 0x040, 0x270, 0x77C, 0x37C, 0x37C, 0x510, 0x7FC, 0x1F8, 0x138, 0x188, 0x000, 0x000 } }, /* 饔 */
	{ 0xF7D4, { 0x000, 0x208, 0x390, 0x020, 0x388, 0x610, 0x204, 0x284, 0x7C8, 0x030, 0x000, 0x000 } }, /* 髟 */
	{ 0xF7D5, { 0x000, 0x3CC, 0x210, 0x38C, 0x7D0, 0x2C8, 0x600, 0x7FC, 0x0A0, 0x124, 0x61C, 0x000 } }, /* 髡 */
	{ 0xF7D6, { 0x3C4, 0x210, 0x20C, 0x7C4, 0x298, 0x038, 0x3C0, 0x0C0, 0x7C0, 0x044, 0x000, 0x000 } }, /* 髦 */
	{ 0xF7D7, { 0x000, 0x3CC, 0x210, 0x208, 0x7C4, 0x6D0, 0x040, 0x248, 0x248, 0x7FC, 0x208, 0x000 } }, /* 髯 */
	{ 0xF7D8, { 0x000, 0x3C4, 0x210, 0x208, 0x7C4, 0x6D0, 0x460, 0x088, 0x318, 0x208, 0x1F8, 0x000 } }, /* 髫 */
	{ 0xF7D9, { 0x000, 0x20C, 0x210, 0x208, 0x6C4, 0x6D0, 0x040, 0x040, 0x3F8, 0x208, 0x3F8, 0x000 } }, /* 髻 */
	{ 0xF7DA, { 0x000, 0x384, 0x210, 0x20C, 0x604, 0x298, 0x040, 0x024, 0x0B0, 0x020, 0x71C, 0x000 } }, /* 髭 */
	{ 0xF7DB, { 0x000, 0x3C4, 0x210, 0x208, 0x7C4, 0x290, 0x200, 0x2FC, 0x670, 0x2AC, 0x220, 0x000 } }, /* 髹 */
	{ 0xF7DC, { 0x000, 0x24C, 0x200, 0x218, 0x684, 0x730, 0x150, 0x080, 0x1F8, 0x524, 0x0B0, 0x000 } }, /* 鬈 */
	{ 0xF7DD, { 0x3C0, 0x210, 0x218, 0x7C4, 0x610, 0x190, 0x134, 0x790, 0x188, 0x144, 0x000, 0x000 } }, /* 鬏 */
	{ 0xF7DE, { 0x000, 0x20C, 0x210, 0x208, 0x684, 0x690, 0x444, 0x110, 0x130, 0x1B0, 0x308, 0x000 } }, /* 鬓 */
	{ 0xF7DF, { 0x000, 0x208, 0x384, 0x3D4, 0x690, 0x2B4, 0x2B0, 0x3FC, 0x208, 0x128, 0x58C, 0x000 } }, /* 鬟 */
	{ 0xF7E0, { 0x208, 0x384, 0x384, 0x618, 0x048, 0x3F8, 0x0F4, 0x3E8, 0x158, 0x244, 0x000, 0x000 } }, /* 鬣 */
	{ 0xF7E1, { 0x000, 0x3FC, 0x080, 0x1DC, 0x1D8, 0x2A4, 0x400, 0x4A0, 0x448, 0x0C4, 0x000, 0x000 } }, /* 麽 */
	{ 0xF7E2, { 0x000, 0x040, 0x490, 0x5BC, 0x598, 0x6B4, 0x408, 0x440, 0x5C0, 0x5F0, 0x064, 0x000 } }, /* 麾 */
	{ 0xF7E3, { 0x040, 0x7FC, 0x490, 0x598, 0x6B4, 0x4C0, 0x4E0, 0x5FC, 0x420, 0x164, 0x000, 0x000 } }, /* 縻 */
	{ 0xF7E4, { 0x000, 0x040, 0x4A0, 0x7FC, 0x4BC, 0x520, 0x520, 0x580, 0x4F0, 0x090, 0x11C, 0x000 } }, /* 麂 */
	{ 0xF7E5, { 0x000, 0x040, 0x4A0, 0x6B4, 0x7FC, 0x524, 0x51C, 0x408, 0x460, 0x0F0, 0x10C, 0x000 } }, /* 麇 */
	{ 0xF7E6, { 0x000, 0x040, 0x4A0, 0x4B4, 0x5B4, 0x534, 0x59C, 0x460, 0x460, 0x060, 0x3FC, 0x000 } }, /* 麈 */
	{ 0xF7E7, { 0x000, 0x040, 0x4A0, 0x4B4, 0x7FC, 0x524, 0x584, 0x400, 0x6F4, 0x090, 0x304, 0x000 } }, /* 麋 */
	{ 0xF7E8, { 0x000, 0x104, 0x7BC, 0x604, 0x7DC, 0x644, 0x694, 0x6A4, 0x280, 0x2A4, 0x004, 0x000 } }, /* 麒 */
	{ 0xF7E9, { 0x000, 0x060, 0x2B0, 0x2B4, 0x3F8, 0x110, 0x5FC, 0x598, 0x4F0, 0x4A0, 0x1FC, 0x000 } }, /* 鏖 */
	{ 0xF7EA, { 0x000, 0x060, 0x4A0, 0x5B4, 0x5AC, 0x534, 0x580, 0x55C, 0x540, 0x1C0, 0x348, 0x000 } }, /* 麝 */
	{ 0xF7EB, { 0x000, 0x780, 0x73C, 0x7A4, 0x700, 0x7A4, 0x29C, 0x23C, 0x3A4, 0x044, 0x000, 0x000 } }, /* 麟 */
	{ 0xF7EC, { 0x000, 0x000, 0x678, 0x210, 0x20C, 0x348, 0x378, 0x040, 0x040, 0x000, 0x4A4, 0x000 } }, /* 黛 */
	{ 0xF7ED, { 0x000, 0x544, 0x7A4, 0x564, 0x79C, 0x780, 0x124, 0x424, 0x26C, 0x014, 0x000, 0x000 } }, /* 黜 */
	{ 0xF7EE, { 0x708, 0x6A8, 0x7C8, 0x6E8, 0x228, 0x708, 0x278, 0x010, 0x394, 0x004, 0x000, 0x000 } }, /* 黝 */
	{ 0xF7EF, { 0x000, 0x000, 0x598, 0x798, 0x780, 0x33C, 0x780, 0x024, 0x424, 0x27C, 0x024, 0x000 } }, /* 黠 */
	{ 0xF7F0, { 0x790, 0x4BC, 0x7A4, 0x798, 0x310, 0x79C, 0x124, 0x404, 0x248, 0x020, 0x000, 0x000 } }, /* 黟 */
	{ 0xF7F1, { 0x000, 0x790, 0x5A0, 0x7BC, 0x5A4, 0x300, 0x798, 0x120, 0x418, 0x258, 0x024, 0x000 } }, /* 黢 */
	{ 0xF7F2, { 0x000, 0x4BC, 0x790, 0x784, 0x328, 0x788, 0x108, 0x418, 0x310, 0x064, 0x000, 0x000 } }, /* 黩 */
	{ 0xF7F3, { 0x180, 0x13C, 0x394, 0x520, 0x358, 0x2F8, 0x040, 0x040, 0x220, 0x4A4, 0x000, 0x000 } }, /* 黧 */
	{ 0xF7F4, { 0x000, 0x580, 0x7BC, 0x79C, 0x124, 0x7A4, 0x188, 0x02C, 0x368, 0x010, 0x000, 0x000 } }, /* 黥 */
	{ 0xF7F5, { 0x000, 0x010, 0x6A4, 0x790, 0x7BC, 0x328, 0x7D4, 0x328, 0x014, 0x308, 0x020, 0x000 } }, /* 黪 */
	{ 0xF7F6, { 0x000, 0x000, 0x4BC, 0x780, 0x784, 0x33C, 0x780, 0x124, 0x43C, 0x124, 0x024, 0x000 } }, /* 黯 */
	{ 0xF7F7, { 0x488, 0x4A8, 0x4A0, 0x7C4, 0x01C, 0x794, 0x494, 0x694, 0x6C0, 0x728, 0x000, 0x000 } }, /* 鼢 */
	{ 0xF7F8, { 0x480, 0x080, 0x4BC, 0x7A0, 0x020, 0x7BC, 0x2A0, 0x6A0, 0x2BC, 0x760, 0x000, 0x000 } }, /* 鼬 */
	{ 0xF7F9, { 0x480, 0x490, 0x490, 0x794, 0x014, 0x780, 0x4BC, 0x7A4, 0x0BC, 0x764, 0x000, 0x000 } }, /* 鼯 */
	{ 0xF7FA, { 0x000, 0x4A4, 0x4A4, 0x7BC, 0x03C, 0x780, 0x690, 0x7A8, 0x698, 0x760, 0x000, 0x000 } }, /* 鼹 */
	{ 0xF7FB, { 0x084, 0x480, 0x4A4, 0x790, 0x038, 0x7B4, 0x690, 0x7BC, 0x298, 0x764, 0x000, 0x000 } }, /* 鼷 */
	{ 0xF7FC, { 0x000, 0x210, 0x790, 0x790, 0x790, 0x190, 0x550, 0x550, 0x7C0, 0x2A0, 0x484, 0x000 } }, /* 鼽 */
	{ 0xF7FD, { 0x000, 0x200, 0x79C, 0x488, 0x788, 0x388, 0x548, 0x548, 0x7C8, 0x088, 0x488, 0x000 } }, /* 鼾 */
	{ 0xF7FE, { 0x000, 0x200, 0x7BC, 0x798, 0x4A4, 0x010, 0x7A4, 0x7BC, 0x7A4, 0x000, 0x400, 0x000 } }, /* 齄 */
};
